id,sleep_hours,work_hours,screen_time,physical_activity,social_interaction,stress_level,diet_quality,smoking,risk_level
1,8.0,7.0,6.7,3,2,3.0,Unhealthy,Yes,Low
2,6.7,8.1,6.6,1,5,1.0,Healthy,Yes,Low
3,8.3,7.2,4.1,3,3,10.0,Healthy,No,High
4,10.0,9.3,7.2,3,4,6.0,Healthy,Yes,Medium
5,6.5,12.6,3.0,3,2,3.0,Healthy,No,Low
6,40.0,6.7,4.7,2,3,2.0,Unhealthy,no,Low
7,10.2,12.0,2.0,1,1,10.0,Healthy,No,High
8,8.5,6.7,9.1,3,3,2.0,Unhealthy,No,Low
9,6.1,6.5,5.5,0,3,8.0,Unhealthy,No,High
10,8.1,11.5,10.3,5,1,1.0,Unhealthy,No,Low
11,6.1,11.8,7.6,5,4,9.0,Healthy,Yes,High
12,6.1,11.6,6.9,1,5,7.0,Healthy,no,High
13,7.5,5.1,4.8,4,0,1.0,Healthy,No,Low
14,3.2,7.6,3.9,0,4,5.0,Unhealthy,No,Medium
15,3.6,11.5,7.0,4,0,,Healthy,Yes,Medium
16,5.9,9.1,5.9,3,0,2.0,Unhealthy,No,Low
17,5.0,5.8,3.3,2,0,1.0,Unhealthy,No,Low
18,7.6,10.4,3.0,3,2,7.0,Unhealthy,Yes,High
19,5.2,6.9,4.1,3,4,9.0,Unhealthy,Yes,High
20,4.2,14.4,9.6,4,3,8.0,Healthy,Yes,High
21,9.9,13.6,10.4,3,2,7.0,Unhealthy,No,High
22,6.5,10.8,6.4,0,1,4.0,Unhealthy,No,Medium
23,7.1,13.1,6.3,2,1,10.0,Unhealthy,No,High
24,4.2,9.2,5.3,4,0,7.0,Unhealthy,Yes,High
25,5.9,11.3,4.1,1,2,8.0,Healthy,Yes,High
26,7.2,13.4,8.8,5,5,9.0,Unhealthy,No,High
27,4.7,9.7,9.7,3,5,9.0,Unhealthy,Yes,High
28,7.8,8.2,4.2,5,2,5.0,Unhealthy,Yes,Medium
29,5.8,3.9,5.8,4,1,5.0,Healthy,Yes,Medium
30,6.4,8.8,5.1,5,3,6.0,Healthy,No,Medium
31,5.8,11.5,5.2,3,4,8.0,Healthy,No,High
32,10.7,11.8,8.4,3,4,3.0,Unhealthy,Yes,Low
33,7.0,10.5,3.4,4,0,3.0,Healthy,No,Low
34,4.9,7.4,6.9,0,0,5.0,Unhealthy,Yes,Medium
35,8.6,3.1,7.5,1,0,1.0,Healthy,Yes,Low
36,4.6,7.5,5.7,3,1,5.0,Healthy,No,Medium
37,7.4,8.1,7.8,0,1,9.0,Unhealthy,Yes,High
38,3.1,8.1,6.3,3,5,5.0,Healthy,No,Medium
39,4.3,10.9,8.4,3,4,7.0,Healthy,No,High
40,7.4,15.0,3.0,0,5,10.0,Unhealthy,No,High
41,8.5,9.4,5.3,3,5,9.0,Unhealthy,No,High
42,7.3,8.3,5.9,1,0,8.0,Unhealthy,No,High
43,6.8,8.2,0.7,5,5,5.0,Healthy,No,Medium
44,6.4,9.4,3.8,4,2,2.0,Unhealthy,Yes,Low
45,,6.5,4.4,5,5,5.0,Unhealthy,No,Medium
46,5.6,9.4,7.9,0,3,10.0,Healthy,No,High
47,6.1,10.4,4.6,5,1,8.0,Unhealthy,No,High
48,9.1,9.6,4.4,2,5,1.0,Healthy,Yes,Low
49,7.7,10.4,7.6,3,0,10.0,Unhealthy,Yes,High
50,3.5,10.3,2.8,4,0,4.0,Unhealthy,Yes,Medium
51,7.6,3.7,1.9,1,1,1.0,Unhealthy,Yes,Low
52,6.2,10.9,5.3,1,4,5.0,Healthy,Yes,Medium
53,5.6,7.0,3.1,2,4,2.0,Unhealthy,Yes,Low
54,8.2,5.7,3.2,5,4,2.0,Unhealthy,Yes,Low
55,9.1,5.7,7.1,1,4,7.0,Healthy,No,High
56,8.9,10.3,7.8,5,2,4.0,Unhealthy,Yes,Medium
57,5.3,8.3,7.6,4,0,2.0,Unhealthy,Yes,Low
58,6.4,4.0,8.2,2,4,3.0,Healthy,No,Low
59,7.7,10.4,8.5,5,4,3.0,Healthy,No,Low
60,9.0,4.7,1.7,0,5,2.0,Unhealthy,No,Low
61,6.0,9.4,6.9,5,3,7.0,Unhealthy,Yes,High
62,6.6,9.7,4.9,5,3,1.0,Healthy,No,Low
63,4.8,11.7,4.5,2,0,9.0,Healthy,Yes,High
64,4.6,14.3,7.1,0,5,5.0,Healthy,No,Medium
65,8.6,4.9,2.5,1,1,4.0,Unhealthy,No,Medium
66,9.7,8.8,2.5,4,4,3.0,Unhealthy,no,Low
67,6.9,8.2,7.3,5,2,3.0,Healthy,No,Low
68,9.0,10.3,7.0,3,3,3.0,Healthy,No,Low
69,7.7,9.6,6.3,2,4,1.0,Unhealthy,Yes,Low
70,5.7,7.9,4.2,1,1,2.0,Unhealthy,No,Low
71,7.7,7.7,7.5,5,2,7.0,Healthy,No,High
72,10.1,5.7,7.4,4,3,3.0,Healthy,No,Low
73,6.9,12.0,6.2,3,5,6.0,Healthy,No,Medium
74,10.1,10.4,3.6,2,1,4.0,Healthy,Yes,Medium
75,1.8,11.8,5.1,4,1,10.0,Unhealthy,No,High
76,8.6,8.1,7.7,1,5,5.0,Healthy,Yes,Medium
77,7.2,7.0,8.7,5,2,8.0,Unhealthy,Yes,High
78,6.4,5.8,5.3,5,2,2.0,Healthy,Yes,Low
79,7.2,10.1,5.5,5,3,10.0,Healthy,No,High
80,3.0,5.9,5.7,2,2,5.0,Unhealthy,No,Medium
81,6.6,14.5,6.5,5,4,2.0,Healthy,No,Low
82,7.7,5.1,4.8,2,2,9.0,Healthy,Yes,High
83,10.0,9.8,0.2,5,5,2.0,Unhealthy,No,Low
84,6.0,13.7,8.4,0,1,1.0,Healthy,Yes,Low
85,5.4,10.8,9.6,5,2,4.0,Unhealthy,Yes,Medium
86,6.0,9.5,4.8,0,3,7.0,Unhealthy,No,High
87,8.8,6.1,3.9,2,4,2.0,Unhealthy,Yes,Low
88,7.7,4.9,5.7,4,2,10.0,Unhealthy,No,High
89,5.9,11.3,5.6,1,4,9.0,Healthy,No,High
90,8.0,13.5,8.0,3,2,1.0,Unhealthy,No,Low
91,7.2,7.7,6.1,0,4,1.0,Unhealthy,No,Low
92,8.9,5.6,4.4,1,2,8.0,Unhealthy,No,High
93,5.6,24.0,3.4,5,2,5.0,Healthy,No,Medium
94,6.3,6.1,7.7,2,0,9.0,Unhealthy,No,High
95,6.2,8.7,7.2,1,1,8.0,Unhealthy,Yes,High
96,4.1,13.8,8.1,1,3,6.0,Healthy,Yes,Medium
97,7.6,11.0,4.1,5,3,4.0,Unhealthy,Yes,Medium
98,7.5,9.9,9.7,1,0,6.0,Healthy,Yes,Medium
99,7.0,7.8,20.0,2,2,2.0,Unhealthy,Yes,Low
100,6.5,7.3,7.4,0,1,5.0,Healthy,Yes,Medium
101,4.2,13.2,2.2,3,4,10.0,Unhealthy,No,High
102,6.2,9.6,4.4,4,0,3.0,Healthy,No,Low
103,6.3,2.7,9.1,0,3,3.0,Healthy,No,Low
104,5.4,7.0,7.7,3,3,1.0,Unhealthy,Yes,Low
105,6.7,6.4,4.9,2,5,8.0,Healthy,No,High
106,7.8,7.4,5.0,3,5,10.0,Healthy,No,High
107,10.8,10.7,6.2,2,3,3.0,Unhealthy,Yes,Low
108,7.3,8.7,7.0,3,2,1.0,Healthy,Yes,Low
109,7.5,8.8,8.5,0,5,4.0,Healthy,No,Medium
110,6.9,12.9,5.1,5,4,1.0,Healthy,No,Low
111,3.2,6.9,2.8,5,4,1.0,Healthy,Yes,Low
112,6.9,14.6,6.3,5,4,1.0,Healthy,No,Low
113,7.1,7.0,5.1,2,2,2.0,Healthy,No,Low
114,11.9,9.3,3.4,1,3,1.0,Unhealthy,Yes,Low
115,6.6,8.2,6.6,5,5,6.0,Healthy,Yes,Medium
116,7.6,9.4,5.6,2,5,7.0,Healthy,Yes,High
117,6.9,10.3,6.6,2,3,1.0,Healthy,Yes,Low
118,4.7,10.3,4.2,3,2,10.0,Unhealthy,Yes,High
119,9.3,6.7,7.0,2,1,1.0,Unhealthy,Yes,Low
120,8.5,5.6,3.4,3,2,10.0,Healthy,No,High
121,8.6,16.5,4.3,0,2,9.0,Unhealthy,No,High
122,5.2,7.5,5.5,2,3,9.0,Healthy,No,High
123,9.8,11.1,9.5,1,4,1.0,Unhealthy,No,Low
124,4.2,4.2,7.6,1,3,8.0,Unhealthy,Yes,High
125,8.2,8.2,8.2,0,5,3.0,Unhealthy,No,Low
126,11.4,8.6,8.8,5,1,7.0,Unhealthy,Yes,High
127,5.0,10.4,13.2,1,0,1.0,Healthy,Yes,Low
128,5.9,0.8,6.1,3,5,7.0,Healthy,Yes,High
129,7.2,9.5,8.8,2,0,1.0,Healthy,No,Low
130,6.0,5.6,8.0,4,2,3.0,Unhealthy,No,Low
131,3.9,10.0,8.0,2,0,7.0,Healthy,Yes,High
132,7.1,5.9,9.5,2,5,1.0,Unhealthy,Yes,Low
133,4.9,6.4,5.2,4,4,9.0,Healthy,No,High
134,7.9,8.2,5.0,5,3,5.0,Unhealthy,No,Medium
135,5.2,5.8,6.6,1,1,2.0,Healthy,Yes,Low
136,10.1,7.6,5.6,1,1,4.0,Healthy,No,Medium
137,5.4,5.4,6.6,2,1,8.0,Healthy,Yes,High
138,6.4,3.5,9.1,1,5,4.0,Healthy,Yes,Medium
139,8.6,12.1,5.0,3,5,10.0,Healthy,Yes,High
140,4.5,5.1,5.4,3,3,5.0,Unhealthy,No,Medium
141,7.5,8.5,6.3,4,4,2.0,Unhealthy,No,Low
142,9.6,11.3,5.5,2,1,5.0,Healthy,Yes,Medium
143,3.8,7.2,2.2,5,0,7.0,healthy,No,High
144,7.4,6.5,4.8,3,4,,Healthy,Yes,High
145,7.5,9.7,7.4,0,4,8.0,Unhealthy,No,High
146,8.6,12.4,8.9,1,5,10.0,Healthy,Yes,High
147,4.5,5.5,3.7,5,5,6.0,Healthy,Yes,Medium
148,4.4,8.5,3.7,2,4,9.0,Healthy,No,High
149,8.0,3.8,6.1,3,1,7.0,Healthy,Yes,High
150,7.6,7.8,1.8,4,4,3.0,Unhealthy,Yes,Low
151,7.5,9.1,5.1,3,5,1.0,Unhealthy,Yes,Low
152,7.7,6.4,2.5,0,1,5.0,Unhealthy,No,Medium
153,5.6,7.6,8.7,3,0,9.0,Unhealthy,Yes,High
154,7.5,4.8,4.5,2,5,8.0,Healthy,No,High
155,7.6,9.2,9.3,4,0,6.0,Unhealthy,Yes,Medium
156,5.6,12.2,8.2,4,0,8.0,Unhealthy,Yes,High
157,10.7,5.7,4.7,0,5,,Healthy,No,High
158,7.9,7.1,3.9,2,5,3.0,Unhealthy,No,Low
159,4.6,10.5,5.6,0,0,6.0,Healthy,Yes,Medium
160,8.3,12.6,5.8,0,4,7.0,Unhealthy,Yes,High
161,5.1,4.5,6.7,0,4,2.0,Unhealthy,Yes,Low
162,8.6,8.5,4.4,3,1,7.0,Healthy,Yes,High
163,9.3,9.8,7.5,1,0,10.0,Healthy,No,High
164,5.4,8.7,6.5,3,2,6.0,Unhealthy,No,Medium
165,8.9,1.6,5.3,2,0,2.0,Healthy,No,Low
166,7.8,10.5,4.6,5,3,2.0,Healthy,Yes,Low
167,8.6,13.6,5.6,0,2,6.0,Unhealthy,Yes,Medium
168,10.8,9.3,4.4,0,3,3.0,Unhealthy,Yes,Low
169,6.5,5.9,6.1,1,2,6.0,Unhealthy,Yes,Medium
170,5.5,7.5,6.2,4,5,9.0,Unhealthy,No,High
171,5.2,14.3,6.5,0,1,10.0,Unhealthy,Yes,High
172,5.4,11.7,9.5,3,4,1.0,Unhealthy,No,Low
173,6.8,10.9,5.7,0,1,3.0,Unhealthy,Yes,Low
174,7.7,10.1,8.0,2,2,2.0,Healthy,No,Low
175,7.6,7.0,6.5,1,0,3.0,Unhealthy,No,Low
176,8.7,8.4,5.5,5,1,2.0,Unhealthy,Yes,Low
177,7.0,8.8,5.8,4,2,3.0,Unhealthy,Yes,Low
178,9.9,10.6,5.9,5,0,4.0,Unhealthy,Yes,Medium
179,6.5,13.5,6.6,2,4,7.0,Healthy,No,High
180,12.4,12.4,4.1,3,2,2.0,Unhealthy,No,Low
181,8.3,4.7,3.1,5,3,2.0,Healthy,No,Low
182,5.3,9.7,7.3,2,3,2.0,Unhealthy,Yes,Low
183,4.9,11.2,7.8,5,3,6.0,Unhealthy,Yes,Medium
184,8.0,10.9,7.5,0,0,,Healthy,Yes,High
185,6.6,7.1,6.3,1,0,4.0,Healthy,No,Medium
186,8.4,17.7,7.5,0,1,10.0,Healthy,No,High
187,7.9,5.2,7.4,1,0,3.0,Healthy,No,Low
188,,5.8,7.6,3,2,9.0,Unhealthy,No,High
189,5.3,9.7,4.3,2,3,1.0,Unhealthy,Yes,Low
190,4.0,15.4,3.8,5,4,10.0,Healthy,Yes,High
191,6.1,6.5,5.2,1,5,2.0,Unhealthy,Yes,Low
192,8.7,8.2,6.0,2,3,7.0,Unhealthy,Yes,High
193,7.4,12.2,5.5,5,2,3.0,Unhealthy,No,Low
194,4.5,8.9,2.2,1,5,9.0,Healthy,No,High
195,7.3,8.0,9.4,0,4,1.0,Unhealthy,No,Low
196,,10.7,5.5,1,1,9.0,Unhealthy,No,High
197,5.2,9.8,6.3,1,0,6.0,Unhealthy,No,Medium
198,7.3,12.1,8.5,4,2,1.0,Unhealthy,No,Low
199,7.1,12.9,1.3,5,5,9.0,Healthy,Yes,High
200,4.7,9.9,5.0,5,0,9.0,Unhealthy,Yes,High
201,7.7,9.9,5.2,3,1,10.0,Healthy,no,High
202,8.1,9.6,5.3,5,4,5.0,Unhealthy,No,Medium
203,9.2,10.5,5.7,0,5,7.0,Healthy,Yes,High
204,9.1,9.2,8.9,0,2,3.0,Healthy,No,Low
205,4.2,9.0,7.3,2,4,8.0,Unhealthy,No,High
206,40.0,12.6,7.9,1,5,3.0,Unhealthy,Yes,Low
207,8.0,13.5,6.1,1,5,10.0,Healthy,No,High
208,8.0,4.5,3.2,5,2,7.0,Unhealthy,Yes,High
209,8.0,9.0,1.8,1,1,4.0,Unhealthy,Yes,Medium
210,14.7,6.9,2.9,0,1,5.0,Unhealthy,No,Medium
211,8.1,8.1,6.7,4,1,7.0,Healthy,Yes,High
212,9.3,10.2,6.1,2,0,2.0,Unhealthy,Yes,Low
213,8.9,11.0,5.6,1,3,4.0,Healthy,No,Medium
214,8.3,8.7,5.3,4,4,,Unhealthy,No,High
215,6.4,3.3,10.0,5,2,3.0,Unhealthy,Yes,Low
216,8.5,6.1,4.4,3,4,4.0,Healthy,Yes,Medium
217,5.5,11.7,7.9,0,3,10.0,Unhealthy,Yes,High
218,6.5,0.8,6.0,3,0,8.0,Healthy,Yes,High
219,6.0,12.6,5.9,0,0,3.0,Healthy,No,Low
220,7.2,10.6,8.4,2,3,9.0,Unhealthy,Yes,High
221,11.6,12.9,8.9,5,5,5.0,Healthy,Yes,Medium
222,3.3,8.4,5.5,3,2,2.0,Unhealthy,Yes,Low
223,8.4,2.8,7.6,2,3,8.0,Unhealthy,No,High
224,3.8,10.3,,2,0,10.0,Unhealthy,No,High
225,6.1,12.8,6.0,2,5,8.0,healthy,Yes,High
226,9.2,11.8,6.4,3,0,1.0,Healthy,Yes,Low
227,7.1,7.0,4.6,3,5,9.0,Healthy,No,High
228,4.8,9.3,5.4,3,4,2.0,Unhealthy,Yes,Low
229,5.6,7.4,4.8,1,2,4.0,Healthy,No,Medium
230,8.4,6.5,7.8,2,2,6.0,Healthy,No,Medium
231,5.5,11.9,5.8,5,0,9.0,Healthy,Yes,High
232,7.4,5.4,3.4,1,3,1.0,Unhealthy,Yes,Low
233,7.1,6.3,4.6,0,0,9.0,Healthy,Yes,High
234,5.7,5.7,-0.4,3,4,8.0,Unhealthy,Yes,High
235,11.3,4.5,5.0,5,3,7.0,Unhealthy,Yes,High
236,8.3,9.4,6.1,4,0,2.0,Healthy,No,Low
237,2.9,12.5,5.7,0,5,7.0,Unhealthy,Yes,High
238,7.4,8.4,10.0,2,5,2.0,Healthy,No,Low
239,5.7,4.5,7.1,2,2,9.0,Unhealthy,Yes,High
240,8.7,11.5,7.1,5,4,4.0,Unhealthy,Yes,Medium
241,5.4,14.1,2.7,1,0,2.0,Healthy,Yes,Low
242,6.8,7.1,5.3,3,0,5.0,Healthy,No,Medium
243,8.0,7.6,5.0,5,5,9.0,Healthy,No,High
244,8.7,10.5,4.4,3,5,4.0,Unhealthy,No,Medium
245,4.6,13.9,4.4,0,5,5.0,Unhealthy,Yes,Medium
246,6.3,7.4,2.4,5,5,8.0,Healthy,No,High
247,6.1,5.0,3.4,0,1,3.0,Healthy,No,Low
248,5.7,10.9,7.7,0,3,6.0,Unhealthy,No,Medium
249,10.5,11.4,5.7,4,1,1.0,Unhealthy,Yes,Low
250,7.8,9.0,5.0,4,2,3.0,Healthy,No,Low
251,4.5,7.3,6.0,2,3,8.0,Unhealthy,No,High
252,8.8,12.0,8.3,2,4,10.0,Healthy,Yes,High
253,11.2,10.6,6.0,2,3,10.0,Healthy,No,High
254,9.1,6.7,7.1,5,5,6.0,Healthy,Yes,Medium
255,4.0,9.1,4.3,3,0,10.0,Healthy,No,High
256,6.0,4.9,4.8,2,0,4.0,Healthy,No,Medium
257,9.5,11.1,6.7,1,0,8.0,Unhealthy,Yes,High
258,5.6,8.2,9.8,0,3,3.0,Unhealthy,No,Low
259,7.9,7.7,8.9,5,0,2.0,Unhealthy,Yes,Low
260,8.5,8.9,7.2,3,0,10.0,Unhealthy,No,High
261,5.1,9.1,6.3,4,5,8.0,Healthy,Yes,High
262,6.9,11.7,8.8,0,1,4.0,Healthy,No,Medium
263,0.5,10.8,7.6,2,0,9.0,Unhealthy,No,High
264,5.0,8.5,1.4,4,1,3.0,Unhealthy,Yes,Low
265,6.5,11.3,3.9,4,2,9.0,Healthy,Yes,High
266,4.5,10.2,6.7,4,3,10.0,Unhealthy,No,High
267,10.3,7.7,2.4,5,1,6.0,Healthy,Yes,Medium
268,4.1,8.6,4.2,0,5,5.0,Unhealthy,No,Medium
269,6.1,8.6,4.6,3,3,2.0,Unhealthy,Yes,Low
270,7.3,10.5,5.5,0,3,6.0,Healthy,Yes,Medium
271,9.9,7.9,5.4,1,4,4.0,Unhealthy,Yes,Medium
272,4.1,7.8,5.4,2,1,5.0,Unhealthy,Yes,Medium
273,9.3,14.9,7.7,5,0,6.0,Healthy,No,Medium
274,7.0,11.8,5.5,3,5,7.0,Healthy,Yes,High
275,5.0,6.7,5.2,5,5,4.0,Unhealthy,No,Medium
276,7.9,10.7,3.3,3,4,8.0,Healthy,No,High
277,7.4,9.4,8.0,2,1,5.0,Healthy,No,Medium
278,5.8,10.2,4.7,1,5,7.0,Unhealthy,No,High
279,7.1,9.4,3.8,4,1,6.0,Healthy,No,Medium
280,6.2,12.6,6.4,2,2,5.0,Healthy,No,Medium
281,7.2,10.0,4.5,4,0,7.0,Healthy,No,High
282,8.3,8.8,4.9,2,2,4.0,Unhealthy,Yes,Medium
283,10.2,12.1,6.5,0,3,7.0,healthy,No,High
284,4.5,9.7,5.3,5,0,3.0,Healthy,No,Low
285,11.3,9.4,10.6,1,2,8.0,Unhealthy,No,High
286,3.1,9.9,5.9,5,2,10.0,Unhealthy,No,High
287,6.7,8.7,7.2,1,0,4.0,Healthy,No,Medium
288,8.2,9.0,2.1,2,1,4.0,Unhealthy,Yes,Medium
289,7.6,7.2,4.3,1,3,1.0,Unhealthy,Yes,Low
290,5.8,6.7,3.8,4,4,8.0,Healthy,No,High
291,6.6,6.0,4.1,1,5,5.0,Healthy,Yes,Medium
292,6.0,4.8,6.8,1,4,9.0,Unhealthy,No,High
293,5.8,6.4,8.1,5,4,3.0,Healthy,Yes,Low
294,8.7,8.5,6.7,1,3,5.0,Unhealthy,No,Medium
295,7.7,9.3,5.5,3,0,4.0,Healthy,No,Medium
296,5.6,8.2,4.7,2,0,7.0,Unhealthy,Yes,High
297,8.8,1.9,8.2,0,0,10.0,Healthy,No,High
298,7.6,13.7,10.1,0,4,5.0,Healthy,Yes,Medium
299,8.6,12.3,6.3,3,1,2.0,Healthy,Yes,Low
300,8.3,10.3,7.9,5,2,,Unhealthy,Yes,Medium
301,5.3,14.7,6.7,3,4,4.0,Unhealthy,No,Medium
302,5.9,6.1,7.5,0,3,6.0,Unhealthy,No,Medium
303,8.5,14.7,3.7,4,0,1.0,Healthy,No,Low
304,40.0,6.1,5.0,0,2,1.0,Unhealthy,No,Low
305,7.0,9.7,6.8,0,0,4.0,Healthy,Yes,Medium
306,7.2,5.2,8.4,2,0,7.0,Healthy,Yes,High
307,9.6,9.0,4.4,0,0,7.0,Healthy,Yes,High
308,5.8,10.2,1.9,0,5,1.0,Healthy,Yes,Low
309,8.1,8.5,5.0,1,1,5.0,Unhealthy,Yes,Medium
310,6.6,11.1,8.0,3,2,6.0,Unhealthy,no,Medium
311,6.6,9.3,2.8,0,4,5.0,Unhealthy,No,Medium
312,9.2,7.4,3.6,0,1,7.0,Healthy,No,High
313,8.7,7.3,6.3,4,5,6.0,Unhealthy,Yes,Medium
314,8.6,11.4,5.8,0,3,5.0,Unhealthy,No,Medium
315,9.6,7.0,7.2,2,5,5.0,Unhealthy,Yes,Medium
316,7.0,11.7,3.5,5,3,9.0,Healthy,Yes,High
317,8.4,12.7,5.4,4,5,3.0,Unhealthy,No,Low
318,6.4,4.0,8.4,0,4,,Healthy,No,High
319,7.6,12.4,3.6,5,2,2.0,Healthy,No,Low
320,6.7,15.2,9.0,2,4,10.0,Unhealthy,No,High
321,7.2,9.8,3.9,3,1,,Healthy,No,High
322,8.2,10.8,7.7,0,2,6.0,Healthy,No,Medium
323,5.4,12.1,5.3,3,3,8.0,Healthy,No,High
324,11.2,8.2,3.7,0,2,,Healthy,No,High
325,5.0,9.5,5.0,4,2,6.0,Unhealthy,No,Medium
326,4.6,5.1,7.1,4,2,2.0,Unhealthy,No,Low
327,9.3,9.4,6.0,5,4,10.0,Healthy,Yes,High
328,8.6,10.5,8.2,2,0,4.0,Unhealthy,No,Medium
329,8.2,10.5,8.9,1,1,3.0,Healthy,No,Low
330,8.3,12.2,3.6,5,2,3.0,Healthy,Yes,Low
331,7.0,6.7,3.5,5,2,5.0,Healthy,No,Medium
332,5.2,7.4,3.4,2,4,10.0,Unhealthy,No,High
333,7.2,14.7,4.2,0,1,1.0,Healthy,Yes,Low
334,5.6,8.5,8.2,3,1,9.0,Healthy,No,High
335,9.0,9.6,7.1,3,3,4.0,Unhealthy,Yes,Medium
336,6.7,8.8,4.9,0,1,7.0,Unhealthy,Yes,High
337,5.3,6.5,6.0,1,1,7.0,Healthy,Yes,High
338,6.4,13.9,8.8,1,2,7.0,Unhealthy,Yes,High
339,7.8,7.4,9.8,1,0,5.0,healthy,No,Medium
340,5.9,5.6,6.5,0,2,4.0,Healthy,No,Medium
341,5.4,7.6,0.7,4,5,4.0,Healthy,No,Medium
342,7.5,3.0,6.6,5,4,5.0,Healthy,No,Medium
343,7.5,7.0,7.9,4,1,6.0,Healthy,Yes,Medium
344,6.0,6.1,6.4,0,0,10.0,Unhealthy,Yes,High
345,6.1,10.9,7.5,4,2,7.0,Unhealthy,Yes,High
346,7.5,7.0,6.7,1,5,5.0,Healthy,No,Medium
347,4.1,11.7,3.5,4,3,9.0,Healthy,Yes,High
348,4.2,13.2,4.2,0,4,9.0,Unhealthy,Yes,High
349,5.6,11.3,5.4,5,5,1.0,Healthy,Yes,Low
350,6.6,8.4,8.1,4,4,5.0,Healthy,Yes,Medium
351,7.6,9.4,4.5,4,5,2.0,Healthy,No,Low
352,10.0,4.4,6.9,4,4,4.0,Unhealthy,No,Medium
353,8.7,8.6,6.6,4,2,7.0,Healthy,No,High
354,6.7,6.4,9.2,5,0,10.0,Healthy,Yes,High
355,7.0,11.1,5.9,0,0,6.0,Healthy,Yes,Medium
356,5.0,16.7,2.5,2,1,7.0,Healthy,No,High
357,7.0,10.5,7.3,4,0,3.0,Healthy,Yes,Low
358,6.4,3.0,10.3,2,3,5.0,Unhealthy,Yes,Medium
359,7.6,7.9,7.4,5,5,6.0,Unhealthy,No,Medium
360,5.3,9.4,4.4,0,4,6.0,Unhealthy,No,Medium
361,8.0,9.3,3.8,3,2,6.0,Unhealthy,No,Medium
362,10.1,6.8,4.1,2,4,9.0,Unhealthy,No,High
363,6.8,9.7,10.0,0,4,6.0,Healthy,No,Medium
364,7.8,5.3,5.3,3,3,2.0,Unhealthy,Yes,Low
365,8.4,6.2,4.7,4,5,9.0,Healthy,No,High
366,6.2,10.9,5.7,5,4,4.0,Unhealthy,No,Medium
367,7.4,6.0,5.4,5,4,7.0,Unhealthy,No,High
368,7.0,10.6,9.1,0,3,6.0,Healthy,No,Medium
369,7.2,4.9,4.0,1,3,9.0,Healthy,Yes,High
370,5.5,14.3,8.4,3,0,10.0,Healthy,Yes,High
371,7.0,6.7,6.2,1,5,3.0,Unhealthy,No,Low
372,8.0,8.3,8.4,5,4,8.0,Healthy,Yes,High
373,9.9,10.0,9.2,5,5,5.0,Unhealthy,Yes,Medium
374,8.9,7.3,6.2,4,1,6.0,Unhealthy,No,Medium
375,11.3,9.4,5.4,4,1,3.0,Healthy,Yes,Low
376,5.5,10.7,6.1,2,1,3.0,Healthy,No,Low
377,8.7,11.9,5.8,5,5,7.0,Unhealthy,Yes,High
378,7.4,11.4,2.7,4,3,6.0,Unhealthy,No,Medium
379,11.4,8.5,9.1,2,4,2.0,Healthy,Yes,Low
380,5.4,8.6,6.5,3,0,10.0,Healthy,No,High
381,5.3,16.0,3.7,1,4,8.0,Healthy,Yes,High
382,5.8,11.8,1.9,3,1,5.0,Unhealthy,Yes,Medium
383,2.8,6.2,1.3,1,5,7.0,Healthy,Yes,High
384,5.9,9.3,7.5,0,2,3.0,Unhealthy,No,Low
385,5.5,8.0,4.8,3,5,10.0,Unhealthy,Yes,High
386,7.3,8.6,5.1,0,1,5.0,Healthy,Yes,Medium
387,7.7,5.3,7.0,1,5,3.0,Healthy,No,Low
388,10.8,7.8,5.0,5,5,3.0,Healthy,Yes,Low
389,8.9,14.4,7.1,5,5,1.0,Unhealthy,Yes,Low
390,5.8,10.7,6.2,2,3,3.0,Unhealthy,No,Low
391,5.2,1.5,5.8,3,4,7.0,Unhealthy,Yes,High
392,8.0,12.7,2.9,3,3,9.0,Unhealthy,No,High
393,4.4,12.3,4.4,2,5,1.0,Unhealthy,No,Low
394,10.7,7.9,7.2,2,0,4.0,Healthy,No,Medium
395,9.4,11.2,4.6,4,4,10.0,Healthy,No,High
396,6.1,6.4,8.4,5,4,7.0,Healthy,No,High
397,3.6,7.6,10.7,4,4,6.0,Healthy,No,Medium
398,9.7,13.5,7.3,1,2,4.0,Healthy,Yes,Medium
399,6.8,8.2,9.0,5,4,3.0,Unhealthy,No,Low
400,9.5,3.4,7.4,3,2,6.0,Healthy,No,Medium
401,3.8,8.8,4.9,2,4,4.0,Unhealthy,No,Medium
402,5.8,8.8,6.4,2,5,5.0,Unhealthy,Yes,Medium
403,7.0,12.6,10.0,5,1,2.0,Unhealthy,No,Low
404,7.1,9.0,,0,0,9.0,Unhealthy,Yes,High
405,6.1,7.7,3.9,4,4,2.0,Unhealthy,No,Low
406,8.2,12.1,3.7,5,3,4.0,Healthy,No,Medium
407,4.9,9.4,5.6,5,1,8.0,Unhealthy,No,High
408,6.7,6.7,4.0,0,3,7.0,Healthy,Yes,High
409,7.2,12.5,9.3,2,3,4.0,Healthy,No,Medium
410,8.0,9.6,6.4,3,2,8.0,Healthy,Yes,High
411,8.4,9.0,7.9,3,0,6.0,Healthy,Yes,Medium
412,4.8,9.5,5.4,0,3,8.0,Unhealthy,Yes,High
413,3.9,5.8,3.7,4,1,4.0,Healthy,Yes,Medium
414,9.6,7.4,3.4,1,0,5.0,Healthy,No,Medium
415,7.7,9.0,4.2,5,1,4.0,Healthy,Yes,Medium
416,5.5,8.4,6.7,3,3,7.0,Unhealthy,No,High
417,10.1,12.8,7.0,1,0,4.0,Unhealthy,No,Medium
418,7.2,9.7,7.2,5,4,5.0,Healthy,Yes,Medium
419,9.4,11.6,3.0,4,3,9.0,Healthy,No,High
420,7.1,9.0,6.0,0,3,8.0,Unhealthy,No,High
421,,12.2,3.9,4,5,2.0,Healthy,Yes,Low
422,10.5,10.2,6.8,2,5,7.0,Unhealthy,No,High
423,6.5,9.0,7.0,4,2,2.0,Unhealthy,No,Low
424,8.9,9.0,3.7,0,1,10.0,Unhealthy,Yes,High
425,8.3,6.1,7.9,0,4,3.0,Unhealthy,Yes,Low
426,9.7,10.5,10.7,4,0,1.0,Healthy,Yes,Low
427,5.1,8.9,7.7,5,3,2.0,Unhealthy,No,Low
428,8.4,7.5,5.7,0,3,3.0,Healthy,Yes,Low
429,9.1,12.3,5.4,2,4,5.0,Healthy,Yes,Medium
430,3.5,5.2,5.6,1,3,6.0,Healthy,Yes,Medium
431,4.6,7.7,4.5,4,1,7.0,Unhealthy,No,High
432,2.9,12.1,6.5,0,0,5.0,Unhealthy,Yes,Medium
433,6.5,9.9,3.7,5,4,5.0,Healthy,No,Medium
434,8.4,8.9,2.2,5,4,,Unhealthy,No,High
435,10.0,9.8,6.4,5,5,1.0,Unhealthy,Yes,Low
436,7.1,9.5,6.0,1,2,9.0,Healthy,No,High
437,10.3,4.5,4.9,2,0,3.0,Healthy,No,Low
438,4.2,8.0,3.4,4,4,6.0,Healthy,No,Medium
439,3.6,13.8,6.6,0,3,4.0,Unhealthy,Yes,Medium
440,6.9,7.0,4.0,1,5,2.0,Unhealthy,No,Low
441,7.8,8.0,5.7,2,0,6.0,Unhealthy,No,Medium
442,6.9,7.4,9.5,3,1,10.0,Healthy,Yes,High
443,2.9,8.7,7.3,0,4,8.0,Unhealthy,No,High
444,6.8,7.3,3.3,5,1,4.0,healthy,Yes,Medium
445,4.4,10.5,3.5,5,4,8.0,Unhealthy,No,High
446,8.3,9.6,6.3,2,3,7.0,Healthy,Yes,High
447,7.7,11.3,3.2,1,2,1.0,Healthy,Yes,Low
448,5.1,5.8,2.0,5,3,5.0,Unhealthy,No,Medium
449,6.0,8.0,7.1,4,1,8.0,Healthy,Yes,High
450,4.9,8.3,6.6,1,0,6.0,Healthy,No,Medium
451,6.9,10.4,6.9,5,5,9.0,Unhealthy,No,High
452,8.9,6.6,6.5,4,1,7.0,Healthy,Yes,High
453,5.0,11.7,5.9,2,2,2.0,Healthy,No,Low
454,8.0,12.6,4.7,2,4,1.0,Healthy,No,Low
455,5.9,6.0,7.0,1,5,9.0,Unhealthy,No,High
456,5.4,7.5,9.1,1,4,5.0,Healthy,No,Medium
457,6.8,24.0,5.0,4,1,2.0,Healthy,No,Low
458,4.9,16.9,4.0,0,0,4.0,Unhealthy,Yes,Medium
459,5.9,7.7,3.7,1,4,10.0,Healthy,No,High
460,4.6,14.0,4.3,5,4,6.0,Healthy,No,Medium
461,10.9,5.2,6.4,0,5,9.0,Healthy,No,High
462,7.1,6.0,1.7,0,2,8.0,Healthy,Yes,High
463,5.6,6.9,6.9,0,5,6.0,Unhealthy,Yes,Medium
464,7.4,6.5,7.3,2,2,4.0,Healthy,Yes,Medium
465,6.8,24.0,2.4,2,0,10.0,Healthy,Yes,High
466,6.6,6.9,4.0,0,4,5.0,Unhealthy,No,Medium
467,8.2,6.5,6.2,0,3,4.0,Unhealthy,Yes,Medium
468,8.5,12.5,5.7,2,1,4.0,Unhealthy,Yes,Medium
469,5.9,12.7,7.0,4,5,8.0,Healthy,No,High
470,5.8,11.8,5.7,5,4,4.0,Unhealthy,No,Medium
471,6.4,10.6,8.5,3,1,3.0,Healthy,No,Low
472,2.4,9.3,5.4,1,5,2.0,Unhealthy,Yes,Low
473,4.0,7.5,4.0,0,4,10.0,Unhealthy,No,High
474,9.7,6.1,3.9,2,2,1.0,Healthy,Yes,Low
475,10.3,10.1,7.5,0,0,5.0,Healthy,Yes,Medium
476,6.5,5.5,6.1,0,3,4.0,Unhealthy,Yes,Medium
477,8.2,6.0,7.3,0,5,10.0,Healthy,No,High
478,7.6,12.5,7.2,0,2,9.0,Unhealthy,No,High
479,13.2,14.7,2.0,4,0,9.0,Unhealthy,No,High
480,9.2,10.2,3.7,1,2,5.0,Healthy,No,Medium
481,6.7,12.3,4.0,1,5,5.0,Unhealthy,Yes,Medium
482,5.1,8.3,,2,1,6.0,Unhealthy,Yes,Medium
483,3.8,5.0,5.2,4,4,4.0,Healthy,No,Medium
484,7.4,10.8,8.0,4,2,6.0,Healthy,Yes,Medium
485,5.5,10.7,8.4,1,5,8.0,Unhealthy,Yes,High
486,4.2,9.2,5.4,2,0,5.0,Unhealthy,Yes,Medium
487,5.7,8.3,5.5,4,4,8.0,Unhealthy,No,High
488,4.8,11.9,4.6,2,5,8.0,Unhealthy,Yes,High
489,10.4,6.0,6.2,1,1,3.0,Unhealthy,No,Low
490,8.8,6.7,6.4,0,1,6.0,Unhealthy,Yes,Medium
491,7.0,6.0,7.6,5,3,1.0,Unhealthy,Yes,Low
492,10.0,9.3,7.6,5,4,5.0,Unhealthy,Yes,Medium
493,7.2,5.7,1.4,5,1,7.0,Healthy,Yes,High
494,5.3,6.9,5.7,4,2,5.0,Healthy,No,Medium
495,10.0,6.9,8.8,2,1,3.0,Unhealthy,No,Low
496,8.1,8.2,5.1,0,1,2.0,Healthy,No,Low
497,4.9,4.5,8.3,1,1,2.0,Healthy,Yes,Low
498,6.6,9.3,5.4,3,3,9.0,Unhealthy,No,High
499,5.2,12.7,6.3,5,5,2.0,Healthy,No,Low
500,4.2,9.4,3.7,4,0,7.0,Healthy,No,High
501,8.9,13.6,,4,5,9.0,Healthy,No,High
502,10.8,13.0,7.5,2,1,3.0,Healthy,Yes,Low
503,4.2,11.3,7.8,1,0,7.0,Healthy,Yes,High
504,8.1,9.2,6.1,5,4,1.0,Unhealthy,Yes,Low
505,5.7,9.1,3.5,1,0,6.0,Unhealthy,Yes,Medium
506,6.0,11.3,6.1,4,4,2.0,Healthy,No,Low
507,5.8,7.8,8.5,4,3,10.0,Unhealthy,Yes,High
508,5.3,3.4,9.5,5,4,1.0,Healthy,Yes,Low
509,7.1,10.5,5.4,5,4,5.0,Healthy,Yes,Medium
510,5.3,5.6,2.7,2,2,6.0,Unhealthy,No,Medium
511,7.5,6.1,7.7,2,3,2.0,Healthy,Yes,Low
512,6.9,9.0,5.4,3,1,4.0,Healthy,No,Medium
513,6.5,8.7,7.9,0,3,3.0,Healthy,Yes,Low
514,5.2,4.8,6.6,2,2,1.0,Unhealthy,No,Low
515,5.8,9.5,4.2,0,4,1.0,Unhealthy,Yes,Low
516,8.5,11.9,6.1,4,5,3.0,Unhealthy,Yes,Low
517,8.0,5.6,8.6,3,3,2.0,Unhealthy,Yes,Low
518,5.0,12.8,5.7,3,2,2.0,Healthy,Yes,Low
519,7.2,24.0,3.9,3,5,10.0,Unhealthy,No,High
520,8.5,15.4,2.8,1,1,5.0,Unhealthy,No,Medium
521,3.7,7.8,4.5,5,4,5.0,Healthy,No,Medium
522,8.1,9.4,5.2,5,3,7.0,Unhealthy,No,High
523,5.7,3.3,7.6,4,3,5.0,Healthy,No,Medium
524,8.1,8.8,3.8,1,5,3.0,Healthy,No,Low
525,5.5,9.7,9.1,1,4,10.0,Healthy,No,High
526,3.4,8.7,3.3,3,3,6.0,Unhealthy,No,Medium
527,3.7,7.3,10.7,1,4,3.0,Healthy,Yes,Low
528,7.1,6.2,9.5,4,2,8.0,Unhealthy,Yes,High
529,7.5,12.4,6.3,4,4,,Unhealthy,Yes,Medium
530,5.2,9.1,2.7,1,1,7.0,Unhealthy,Yes,High
531,8.3,13.6,5.9,5,4,3.0,Healthy,No,Low
532,3.7,7.4,5.2,4,5,7.0,Healthy,Yes,High
533,6.9,7.7,3.5,5,3,9.0,Unhealthy,Yes,High
534,4.6,11.4,6.6,0,5,8.0,Unhealthy,Yes,High
535,5.7,4.1,4.4,1,4,2.0,Healthy,No,Low
536,7.1,5.4,4.6,3,4,10.0,Healthy,Yes,High
537,5.3,12.3,5.6,3,4,10.0,Healthy,No,High
538,6.2,5.5,4.9,4,1,2.0,Healthy,Yes,Low
539,9.0,3.5,10.2,4,5,7.0,Healthy,Yes,High
540,5.8,14.6,4.9,3,1,10.0,Unhealthy,No,High
541,8.7,4.8,6.9,0,3,4.0,Unhealthy,No,Medium
542,4.7,9.6,6.3,3,5,9.0,Unhealthy,Yes,High
543,8.1,9.2,6.7,1,3,6.0,Healthy,No,Medium
544,9.9,0.6,6.9,3,4,9.0,Healthy,No,High
545,2.1,8.2,7.8,2,0,3.0,Unhealthy,Yes,Low
546,5.4,10.3,6.5,0,5,6.0,Unhealthy,No,Medium
547,8.2,10.1,6.4,0,2,6.0,Healthy,No,Medium
548,6.6,11.7,6.1,3,4,8.0,Healthy,Yes,High
549,7.7,7.8,5.7,2,2,7.0,Unhealthy,Yes,High
550,5.8,11.1,4.2,1,1,3.0,Unhealthy,Yes,Low
551,7.2,6.9,5.9,3,3,1.0,Unhealthy,Yes,Low
552,6.7,4.8,6.5,1,0,2.0,Healthy,No,Low
553,9.3,5.1,6.8,2,3,10.0,Healthy,Yes,High
554,7.5,4.6,6.4,3,1,2.0,Unhealthy,No,Low
555,7.7,12.0,5.5,3,4,1.0,Healthy,Yes,Low
556,6.2,4.5,5.9,1,1,4.0,Unhealthy,No,Medium
557,6.0,9.8,4.9,3,0,6.0,Unhealthy,No,Medium
558,6.1,8.2,6.6,2,4,4.0,Healthy,Yes,Medium
559,7.8,8.7,5.6,3,5,4.0,Unhealthy,No,Medium
560,6.2,13.1,6.4,4,4,9.0,Unhealthy,No,High
561,7.6,7.7,8.0,2,0,2.0,Unhealthy,No,Low
562,11.2,10.8,4.6,0,3,1.0,Unhealthy,No,Low
563,8.7,9.1,7.2,1,4,7.0,Healthy,Yes,High
564,6.3,8.5,6.1,5,3,5.0,Healthy,Yes,Medium
565,9.4,15.9,10.0,5,2,5.0,Unhealthy,No,Medium
566,6.2,4.7,5.6,2,0,2.0,Unhealthy,Yes,Low
567,2.9,12.9,7.4,5,2,6.0,Healthy,No,Medium
568,5.0,11.0,6.0,0,4,5.0,Healthy,Yes,Medium
569,3.3,7.6,3.2,0,0,5.0,Unhealthy,Yes,Medium
570,6.3,13.9,5.0,2,4,6.0,Unhealthy,No,Medium
571,7.0,3.5,7.8,0,0,2.0,Unhealthy,No,Low
572,10.4,7.4,5.1,0,3,5.0,Healthy,Yes,Medium
573,7.7,5.4,1.6,5,1,1.0,Healthy,Yes,Low
574,6.6,10.2,5.9,4,5,,Healthy,No,High
575,8.7,5.7,3.8,3,1,1.0,Healthy,No,Low
576,2.6,10.3,6.3,5,0,,Healthy,No,High
577,7.5,8.4,9.1,5,2,6.0,Healthy,No,Medium
578,8.5,7.6,7.5,4,0,8.0,Healthy,Yes,High
579,4.0,10.2,9.1,3,3,5.0,healthy,No,Medium
580,9.3,8.2,4.9,0,5,6.0,Healthy,Yes,Medium
581,7.7,5.7,5.7,3,2,4.0,Healthy,Yes,Medium
582,6.2,17.4,3.9,4,0,10.0,Unhealthy,Yes,High
583,8.3,7.5,4.6,1,5,10.0,Healthy,No,High
584,11.5,2.3,4.1,1,5,1.0,Healthy,Yes,Low
585,7.4,6.5,3.4,3,0,7.0,Unhealthy,No,High
586,7.5,5.2,8.7,1,4,2.0,Unhealthy,No,Low
587,6.1,11.5,1.8,2,3,1.0,Unhealthy,Yes,Low
588,5.3,10.0,8.7,1,3,1.0,Healthy,Yes,Low
589,8.7,10.2,8.5,3,1,1.0,Healthy,No,Low
590,5.3,7.9,7.0,0,4,2.0,Healthy,No,Low
591,7.1,8.2,3.8,4,2,1.0,Unhealthy,No,Low
592,6.0,7.9,2.8,1,5,4.0,Unhealthy,Yes,Medium
593,8.0,8.8,4.9,3,1,10.0,Healthy,No,High
594,7.7,11.5,,4,3,10.0,Unhealthy,No,High
595,9.1,10.0,6.0,2,0,7.0,Healthy,Yes,High
596,6.0,10.5,3.9,0,4,10.0,healthy,No,High
597,6.5,10.5,8.3,5,3,3.0,Unhealthy,Yes,Low
598,5.0,11.7,9.4,4,3,9.0,Healthy,No,High
599,6.1,9.9,5.5,5,4,2.0,Healthy,Yes,Low
600,7.8,10.1,6.2,4,3,2.0,Healthy,No,Low
601,8.5,12.6,3.0,3,1,7.0,Unhealthy,Yes,High
602,5.2,7.0,5.2,2,4,9.0,Healthy,Yes,High
603,8.7,6.4,7.0,1,3,6.0,Healthy,No,Medium
604,9.7,5.4,6.7,2,3,1.0,Unhealthy,Yes,Low
605,7.8,9.5,5.0,0,4,6.0,Unhealthy,No,Medium
606,10.8,3.4,5.5,5,0,4.0,Healthy,No,Medium
607,5.5,10.4,5.1,1,2,5.0,Unhealthy,Yes,Medium
608,4.5,8.7,5.4,5,4,4.0,Healthy,No,Medium
609,3.4,12.4,6.8,2,0,3.0,Healthy,Yes,Low
610,10.0,7.0,,0,5,2.0,Unhealthy,No,Low
611,8.3,8.4,5.9,4,3,2.0,Unhealthy,No,Low
612,6.9,12.4,6.7,4,1,10.0,Healthy,No,High
613,7.6,13.1,4.9,5,5,4.0,Unhealthy,No,Medium
614,4.7,7.0,5.0,5,3,3.0,Healthy,No,Low
615,11.9,9.5,5.1,4,3,6.0,Unhealthy,Yes,Medium
616,7.3,9.9,5.0,5,5,,Unhealthy,Yes,High
617,7.2,10.1,6.0,4,0,3.0,Healthy,Yes,Low
618,8.5,8.2,6.3,5,4,3.0,Healthy,No,Low
619,8.0,12.8,1.8,1,2,4.0,Healthy,no,Medium
620,7.4,3.3,7.3,5,2,5.0,Unhealthy,Yes,Medium
621,5.4,7.7,5.4,4,4,9.0,Unhealthy,Yes,High
622,7.9,10.3,9.9,1,4,5.0,Healthy,Yes,Medium
623,10.8,10.4,3.6,1,1,1.0,Unhealthy,No,Low
624,9.7,13.1,4.3,2,4,9.0,Healthy,No,High
625,10.2,12.6,5.6,4,1,2.0,Healthy,Yes,Low
626,6.0,8.1,6.8,3,4,4.0,Healthy,No,Medium
627,5.0,12.9,2.1,5,1,10.0,Unhealthy,No,High
628,6.7,6.9,4.3,4,4,6.0,Healthy,No,Medium
629,7.1,11.8,7.2,3,4,9.0,Unhealthy,Yes,High
630,9.2,14.4,4.1,4,2,2.0,Healthy,No,Low
631,3.6,12.6,8.7,1,3,9.0,Healthy,No,High
632,10.1,9.3,5.1,4,3,9.0,Healthy,No,High
633,6.7,8.0,4.2,4,1,1.0,Unhealthy,No,Low
634,6.1,4.4,7.2,4,0,6.0,Unhealthy,Yes,Medium
635,5.0,9.9,9.2,4,5,6.0,Unhealthy,Yes,Medium
636,3.7,5.7,6.8,2,2,,Unhealthy,No,High
637,8.6,6.6,8.5,5,4,6.0,Unhealthy,Yes,Medium
638,7.1,5.4,9.4,2,2,2.0,Unhealthy,Yes,Low
639,4.4,7.6,4.2,1,0,8.0,Unhealthy,No,High
640,4.4,8.9,7.9,1,2,1.0,Unhealthy,No,Low
641,6.3,9.8,3.0,3,0,,Healthy,Yes,Medium
642,10.3,7.2,6.8,1,5,10.0,Unhealthy,No,High
643,6.5,12.2,5.9,2,0,3.0,Healthy,No,Low
644,4.0,8.4,8.5,1,0,6.0,Unhealthy,Yes,Medium
645,6.5,6.6,8.3,3,0,5.0,Unhealthy,No,Medium
646,6.5,9.7,7.1,3,0,10.0,Unhealthy,No,High
647,1.6,14.9,6.6,2,4,4.0,Healthy,Yes,Medium
648,6.9,10.0,7.0,1,2,3.0,Healthy,Yes,Low
649,6.5,7.9,6.1,5,3,1.0,Unhealthy,No,Low
650,8.4,4.4,5.9,3,3,8.0,Healthy,No,High
651,10.7,8.3,8.9,1,4,5.0,Unhealthy,Yes,Medium
652,9.3,9.7,9.1,1,1,8.0,Healthy,No,High
653,6.5,7.8,5.7,5,5,9.0,Unhealthy,Yes,High
654,4.8,4.0,6.5,2,0,8.0,Healthy,Yes,High
655,,6.4,6.2,2,2,6.0,Healthy,No,Medium
656,7.1,13.4,2.8,1,0,10.0,Healthy,No,High
657,7.0,13.3,5.3,4,0,8.0,Healthy,No,High
658,7.0,6.3,9.2,4,3,5.0,Healthy,Yes,Medium
659,7.4,11.0,4.5,0,0,9.0,Unhealthy,No,High
660,6.7,5.5,10.2,0,2,6.0,Unhealthy,No,Medium
661,5.9,13.2,8.3,0,2,2.0,Unhealthy,No,Low
662,5.9,9.7,6.8,2,3,7.0,Unhealthy,No,High
663,6.9,11.8,7.1,1,4,1.0,Healthy,No,Low
664,5.9,3.9,4.2,5,3,10.0,Healthy,Yes,High
665,5.6,11.0,5.5,5,3,1.0,Healthy,Yes,Low
666,7.2,9.0,,3,0,8.0,Unhealthy,Yes,High
667,6.5,11.6,4.8,1,1,5.0,Healthy,Yes,Medium
668,10.0,11.7,8.1,1,5,10.0,Healthy,No,High
669,1.7,9.2,3.2,0,4,9.0,Unhealthy,Yes,High
670,9.2,7.2,3.6,1,4,6.0,Unhealthy,No,Medium
671,9.5,11.3,9.8,5,4,1.0,Healthy,Yes,Low
672,2.9,8.8,6.0,0,0,6.0,Healthy,Yes,Medium
673,6.3,6.4,4.9,1,3,1.0,Unhealthy,Yes,Low
674,6.3,6.2,8.7,3,5,5.0,Unhealthy,Yes,Medium
675,4.2,4.6,8.5,4,0,3.0,Unhealthy,Yes,Low
676,5.4,7.5,7.8,4,2,10.0,Healthy,Yes,High
677,4.8,12.3,4.9,2,1,10.0,Unhealthy,No,High
678,10.5,24.0,5.4,3,1,9.0,Healthy,Yes,High
679,8.9,7.4,6.6,5,5,1.0,Healthy,Yes,Low
680,9.5,11.4,7.4,1,0,6.0,Unhealthy,No,Medium
681,8.4,6.5,5.0,3,3,3.0,Unhealthy,Yes,Low
682,4.7,9.3,6.3,1,4,9.0,Healthy,No,High
683,6.0,8.5,6.5,3,5,2.0,Unhealthy,Yes,Low
684,8.0,11.3,8.6,3,5,7.0,Healthy,No,High
685,4.6,4.3,7.5,4,2,9.0,Healthy,No,High
686,8.4,6.4,3.0,3,2,3.0,Unhealthy,No,Low
687,6.5,4.1,5.6,2,5,3.0,Unhealthy,No,Low
688,6.3,8.2,4.1,1,1,3.0,Healthy,Yes,Low
689,8.4,12.6,7.1,0,5,1.0,Healthy,No,Low
690,7.9,7.5,7.8,3,3,9.0,Healthy,No,High
691,6.3,7.5,6.2,0,4,9.0,healthy,No,High
692,9.3,11.6,5.5,4,1,6.0,Unhealthy,No,Medium
693,4.8,12.2,6.1,0,3,9.0,Healthy,No,High
694,8.2,8.7,6.4,2,4,9.0,Unhealthy,No,High
695,8.2,11.1,4.7,2,0,,Unhealthy,Yes,Low
696,6.4,5.8,3.6,4,3,3.0,Healthy,Yes,Low
697,7.7,13.1,1.9,5,5,3.0,Healthy,Yes,Low
698,4.5,15.4,8.5,2,5,1.0,Unhealthy,No,Low
699,8.8,10.6,7.0,1,2,6.0,Unhealthy,Yes,Medium
700,6.6,2.7,6.7,5,3,4.0,Healthy,No,Medium
701,6.0,7.3,8.5,2,3,8.0,Healthy,Yes,High
702,9.1,10.8,3.5,5,5,6.0,Healthy,Yes,Medium
703,5.6,7.7,2.5,3,5,4.0,Unhealthy,Yes,Medium
704,4.2,12.8,6.8,2,3,5.0,Unhealthy,Yes,Medium
705,3.9,10.8,6.6,5,4,2.0,Healthy,Yes,Low
706,8.2,6.9,2.5,1,4,10.0,Unhealthy,Yes,High
707,4.4,9.1,6.7,4,0,1.0,Unhealthy,Yes,Low
708,10.5,6.3,5.2,2,0,7.0,Healthy,Yes,High
709,2.8,8.5,4.4,1,4,10.0,Unhealthy,Yes,High
710,10.4,7.3,5.3,3,4,3.0,Unhealthy,No,Low
711,7.4,12.5,1.1,0,1,3.0,Healthy,Yes,Low
712,6.8,15.3,4.8,0,3,6.0,Healthy,No,Medium
713,5.9,4.7,4.6,4,3,,Healthy,No,Low
714,7.8,3.2,7.1,4,2,7.0,Unhealthy,Yes,High
715,6.9,8.3,5.7,0,4,7.0,Unhealthy,No,High
716,9.2,4.4,7.3,0,4,5.0,Unhealthy,Yes,Medium
717,7.2,9.1,0.9,4,0,1.0,Healthy,No,Low
718,7.3,11.2,4.3,0,5,9.0,Healthy,Yes,High
719,6.3,13.5,7.1,2,0,2.0,Unhealthy,Yes,Low
720,6.9,9.6,5.4,5,5,4.0,Unhealthy,Yes,Medium
721,7.6,8.4,7.7,1,3,10.0,Unhealthy,Yes,High
722,3.6,3.1,2.4,5,3,10.0,Unhealthy,Yes,High
723,4.3,9.1,7.5,4,5,2.0,Healthy,Yes,Low
724,8.5,9.2,4.7,1,4,1.0,Healthy,No,Low
725,7.3,10.9,4.5,3,3,1.0,Healthy,No,Low
726,6.6,6.9,8.0,3,4,,Unhealthy,No,Low
727,7.0,7.7,8.3,2,2,7.0,Healthy,No,High
728,7.7,4.6,8.1,3,2,9.0,Healthy,No,High
729,5.9,2.1,10.1,4,1,1.0,Unhealthy,Yes,Low
730,5.4,5.7,8.5,2,0,10.0,Unhealthy,No,High
731,7.4,4.3,4.4,5,1,6.0,Unhealthy,Yes,Medium
732,5.0,10.0,6.3,2,2,5.0,Healthy,No,Medium
733,7.8,7.4,5.3,4,3,3.0,Healthy,Yes,Low
734,3.6,7.4,10.1,0,0,2.0,Healthy,No,Low
735,9.1,6.0,8.2,1,0,2.0,Healthy,No,Low
736,7.9,-0.7,5.6,4,1,2.0,Unhealthy,Yes,Low
737,7.5,13.5,7.8,0,0,7.0,Unhealthy,No,High
738,9.0,6.0,3.5,0,2,4.0,Healthy,No,Medium
739,10.3,7.8,6.5,3,3,7.0,Healthy,Yes,High
740,9.0,4.6,4.1,5,1,10.0,Unhealthy,Yes,High
741,3.3,11.9,2.6,2,3,1.0,Healthy,Yes,Low
742,4.4,9.4,7.6,2,5,10.0,Healthy,No,High
743,5.8,6.5,7.8,3,1,4.0,Unhealthy,no,Medium
744,7.1,7.8,6.9,3,5,9.0,Healthy,No,High
745,8.0,14.0,5.6,2,4,7.0,Healthy,No,High
746,5.5,8.8,3.5,4,0,10.0,Unhealthy,Yes,High
747,7.4,8.5,3.7,4,4,6.0,Healthy,Yes,Medium
748,5.5,6.2,4.1,4,5,7.0,Healthy,No,High
749,5.8,3.3,5.5,4,0,2.0,Healthy,Yes,Low
750,4.2,8.5,8.2,3,4,1.0,Unhealthy,No,Low
751,5.2,10.0,8.1,1,3,10.0,Healthy,No,High
752,4.3,12.3,2.7,1,2,9.0,Healthy,No,High
753,5.0,2.3,4.6,2,1,2.0,Healthy,No,Low
754,9.1,5.6,4.6,1,0,2.0,Healthy,Yes,Low
755,5.1,7.3,0.9,4,1,3.0,Healthy,Yes,Low
756,12.3,9.0,7.1,3,2,3.0,Healthy,Yes,Low
757,8.0,8.6,5.5,4,4,3.0,healthy,No,Low
758,7.4,8.6,5.8,0,3,4.0,Unhealthy,No,Medium
759,5.3,10.2,8.7,3,5,1.0,Healthy,No,Low
760,8.4,6.3,6.2,0,1,1.0,Healthy,No,Low
761,5.8,11.8,5.1,0,5,4.0,Unhealthy,Yes,Medium
762,,10.3,7.1,2,4,1.0,Unhealthy,No,Low
763,12.1,8.0,8.1,0,5,4.0,Healthy,Yes,Medium
764,40.0,13.8,6.6,1,0,2.0,Unhealthy,No,Low
765,9.3,13.7,7.4,1,1,7.0,Healthy,Yes,High
766,5.6,11.8,5.7,0,1,6.0,Healthy,No,Medium
767,6.9,-0.1,5.8,2,0,2.0,Unhealthy,Yes,Low
768,10.5,13.7,6.2,0,2,2.0,Unhealthy,Yes,Low
769,5.7,11.4,4.5,3,4,1.0,Healthy,No,Low
770,10.6,15.0,4.9,3,5,4.0,Unhealthy,No,Medium
771,8.4,12.7,8.8,3,5,2.0,Unhealthy,No,Low
772,5.9,13.7,10.0,3,1,5.0,Unhealthy,No,Medium
773,8.3,11.6,9.2,0,4,4.0,Unhealthy,Yes,Medium
774,8.9,13.0,3.4,4,5,1.0,Unhealthy,Yes,Low
775,8.2,15.0,3.2,4,3,5.0,Unhealthy,Yes,Medium
776,3.9,9.6,3.6,5,4,5.0,Unhealthy,Yes,Medium
777,5.5,4.3,6.3,3,4,5.0,Healthy,No,Medium
778,6.5,8.1,0.4,5,5,2.0,Healthy,Yes,Low
779,6.9,10.2,4.8,5,0,4.0,Healthy,No,Medium
780,8.2,9.2,8.8,2,5,5.0,Unhealthy,No,Medium
781,7.4,5.3,8.0,2,4,6.0,Healthy,No,Medium
782,4.3,4.1,,0,5,7.0,Healthy,Yes,High
783,7.8,6.8,5.1,4,5,10.0,Healthy,Yes,High
784,8.2,11.4,7.1,0,2,3.0,Unhealthy,Yes,Low
785,8.1,13.7,7.9,1,4,3.0,Unhealthy,Yes,Low
786,9.2,11.7,4.9,3,3,10.0,Unhealthy,No,High
787,8.7,12.2,5.5,1,5,2.0,Unhealthy,No,Low
788,7.9,8.8,4.9,1,4,9.0,Unhealthy,Yes,High
789,6.9,3.8,3.3,5,5,1.0,Unhealthy,Yes,Low
790,3.7,7.6,5.6,2,0,3.0,Healthy,No,Low
791,7.9,8.2,5.4,4,3,3.0,Unhealthy,No,Low
792,7.4,7.5,3.5,5,0,8.0,Healthy,No,High
793,7.5,9.2,7.3,5,5,6.0,Unhealthy,Yes,Medium
794,4.4,10.3,7.0,3,2,3.0,Unhealthy,Yes,Low
795,4.8,11.6,7.4,0,2,1.0,Healthy,No,Low
796,9.1,8.2,4.5,3,0,3.0,Unhealthy,No,Low
797,6.9,3.3,2.0,0,2,4.0,Healthy,Yes,Medium
798,8.4,7.6,6.9,0,5,1.0,Healthy,Yes,Low
799,7.1,9.1,4.7,4,0,3.0,healthy,Yes,Low
800,7.1,12.7,4.2,1,1,4.0,Healthy,Yes,Medium
801,,7.3,3.5,0,4,7.0,Healthy,No,High
802,6.0,10.5,5.4,4,1,4.0,Healthy,Yes,Medium
803,7.2,9.9,9.2,1,2,1.0,Unhealthy,Yes,Low
804,6.1,9.1,5.0,5,0,9.0,Unhealthy,No,High
805,6.1,11.8,3.8,5,0,6.0,Healthy,Yes,Medium
806,6.4,7.0,7.3,1,5,9.0,Unhealthy,Yes,High
807,7.4,7.3,6.3,3,0,7.0,Unhealthy,No,High
808,6.0,9.0,1.8,3,0,4.0,Healthy,No,Medium
809,9.5,7.1,7.3,3,4,1.0,Healthy,Yes,Low
810,5.2,10.5,10.3,2,3,7.0,Healthy,Yes,High
811,6.6,6.9,0.8,1,1,9.0,Healthy,Yes,High
812,6.1,9.7,3.5,2,2,6.0,Healthy,Yes,Medium
813,9.9,8.7,0.3,3,0,1.0,Healthy,Yes,Low
814,7.4,9.6,5.8,4,1,9.0,Healthy,Yes,High
815,9.1,7.6,8.0,3,3,,Healthy,No,High
816,4.0,8.0,6.2,0,1,1.0,Healthy,Yes,Low
817,7.5,9.3,8.8,4,2,4.0,Healthy,Yes,Medium
818,8.8,9.6,7.7,4,0,5.0,Unhealthy,Yes,Medium
819,7.2,9.0,9.4,1,2,2.0,Healthy,No,Low
820,9.1,14.1,8.3,2,0,3.0,Unhealthy,Yes,Low
821,6.0,6.0,5.2,0,3,2.0,Healthy,Yes,Low
822,9.8,8.8,6.1,4,5,4.0,Unhealthy,Yes,Medium
823,11.6,4.3,4.3,2,2,7.0,Unhealthy,Yes,High
824,6.3,10.1,5.5,2,1,5.0,Unhealthy,Yes,Medium
825,6.1,5.7,6.1,0,5,7.0,Healthy,No,High
826,9.9,8.2,5.8,0,3,1.0,Healthy,Yes,Low
827,10.2,7.9,8.7,3,2,3.0,Healthy,Yes,Low
828,6.0,9.8,5.3,3,5,2.0,Unhealthy,Yes,Low
829,6.2,7.3,4.1,4,0,1.0,Healthy,No,Low
830,6.4,7.2,4.3,4,5,5.0,Healthy,no,Medium
831,4.3,13.3,7.3,4,3,3.0,Unhealthy,No,Low
832,5.2,9.9,3.2,3,0,8.0,Unhealthy,Yes,High
833,5.0,7.3,5.6,4,5,5.0,Healthy,Yes,Medium
834,5.5,8.2,8.7,4,4,5.0,Healthy,No,Medium
835,6.9,13.9,6.6,3,1,7.0,Unhealthy,No,High
836,7.5,8.3,5.9,3,0,8.0,Healthy,Yes,High
837,10.1,6.9,5.9,4,2,1.0,Healthy,No,Low
838,5.0,6.9,,4,4,5.0,Unhealthy,Yes,Medium
839,9.0,7.4,4.3,2,3,9.0,Unhealthy,Yes,High
840,6.6,7.2,5.6,1,2,9.0,Healthy,Yes,High
841,6.9,5.2,6.5,3,3,7.0,Healthy,Yes,High
842,8.3,5.6,,1,4,4.0,Unhealthy,Yes,Medium
843,4.8,6.5,6.2,3,2,2.0,Unhealthy,Yes,Low
844,7.8,10.8,8.7,5,0,5.0,Healthy,No,Medium
845,7.3,7.9,9.2,2,5,4.0,Healthy,No,Medium
846,8.0,8.4,7.6,1,2,1.0,Unhealthy,No,Low
847,7.6,12.8,8.4,2,1,7.0,Healthy,Yes,High
848,11.9,12.9,4.0,0,0,3.0,Unhealthy,No,Low
849,5.7,8.2,20.0,1,1,6.0,Healthy,No,Medium
850,5.9,7.1,7.0,1,2,5.0,Unhealthy,Yes,Medium
851,5.8,6.4,3.3,5,2,4.0,Unhealthy,No,Medium
852,5.9,11.1,,1,3,3.0,Unhealthy,No,Low
853,5.7,8.4,7.5,0,2,9.0,Unhealthy,Yes,High
854,9.4,7.8,8.8,0,0,5.0,Unhealthy,Yes,Medium
855,9.8,6.6,5.5,2,1,10.0,Unhealthy,No,High
856,5.9,6.7,4.7,0,5,7.0,Healthy,Yes,High
857,5.3,10.0,6.6,3,5,4.0,Unhealthy,Yes,Medium
858,7.9,5.1,3.9,4,4,1.0,Healthy,No,Low
859,5.9,12.0,5.7,1,1,2.0,Healthy,Yes,Low
860,8.3,7.4,6.0,2,5,10.0,Unhealthy,Yes,High
861,7.4,8.6,5.9,2,5,5.0,Unhealthy,No,Medium
862,4.0,5.0,6.2,2,3,8.0,Healthy,No,High
863,10.1,9.0,4.3,2,4,8.0,Unhealthy,No,High
864,10.6,8.0,4.5,1,5,8.0,Unhealthy,Yes,High
865,5.8,8.8,4.5,2,5,9.0,Healthy,Yes,High
866,6.2,13.4,2.8,1,4,2.0,Unhealthy,No,Low
867,7.6,9.5,6.7,2,2,4.0,Unhealthy,no,Medium
868,7.7,6.6,7.8,2,5,10.0,Unhealthy,No,High
869,8.3,6.9,7.6,4,3,6.0,Unhealthy,Yes,Medium
870,11.0,10.8,5.5,3,3,6.0,Unhealthy,No,Medium
871,6.6,12.9,4.4,0,2,5.0,Healthy,No,Medium
872,5.4,9.8,7.5,0,5,2.0,Unhealthy,Yes,Low
873,4.2,11.1,7.3,0,0,8.0,Healthy,Yes,High
874,5.5,10.8,6.4,3,2,1.0,Unhealthy,No,Low
875,6.9,13.3,9.5,1,3,1.0,Healthy,Yes,Low
876,10.6,24.0,5.9,0,4,1.0,Unhealthy,No,Low
877,6.0,11.0,5.5,0,0,9.0,Unhealthy,No,High
878,7.4,12.0,5.2,0,5,5.0,Unhealthy,Yes,Medium
879,7.0,5.0,2.9,1,3,2.0,Unhealthy,Yes,Low
880,9.4,6.3,7.3,3,3,1.0,Healthy,No,Low
881,12.1,6.4,5.8,3,2,4.0,Healthy,Yes,Medium
882,5.9,6.8,7.0,5,1,2.0,Unhealthy,Yes,Low
883,6.0,7.6,9.7,5,3,3.0,Healthy,No,Low
884,9.1,9.7,5.2,1,1,2.0,Healthy,Yes,Low
885,8.4,11.6,1.3,4,0,8.0,Healthy,Yes,High
886,10.7,12.2,7.0,2,4,3.0,Healthy,No,Low
887,8.2,6.5,6.3,1,1,2.0,Healthy,No,Low
888,6.3,6.5,4.5,2,1,6.0,Healthy,no,Medium
889,8.2,12.9,6.8,3,1,7.0,Healthy,no,High
890,9.2,10.9,7.6,2,1,9.0,Unhealthy,No,High
891,8.6,9.2,4.1,5,1,10.0,Unhealthy,No,High
892,8.0,10.4,5.4,0,0,4.0,Healthy,Yes,Medium
893,9.1,8.9,9.0,2,5,5.0,Healthy,No,Medium
894,9.3,10.6,4.6,5,5,6.0,Healthy,Yes,Medium
895,9.8,8.0,6.1,2,3,3.0,Unhealthy,No,Low
896,8.3,9.8,0.8,3,4,3.0,Healthy,No,Low
897,6.7,4.5,3.0,4,3,3.0,Unhealthy,Yes,Low
898,7.3,6.9,6.3,2,0,5.0,healthy,Yes,Medium
899,9.4,7.0,8.5,3,0,6.0,Healthy,No,Medium
900,5.4,7.9,3.3,0,1,9.0,Healthy,Yes,High
901,7.7,6.2,6.1,2,0,9.0,Unhealthy,Yes,High
902,6.2,7.4,5.2,2,0,5.0,Unhealthy,Yes,Medium
903,7.1,4.5,7.9,0,1,8.0,Unhealthy,Yes,High
904,9.6,10.6,3.6,5,0,7.0,Healthy,Yes,High
905,7.4,8.8,6.9,5,0,4.0,Healthy,No,Medium
906,7.1,3.9,4.7,5,0,1.0,Unhealthy,Yes,Low
907,4.3,6.5,6.4,1,2,3.0,Healthy,Yes,Low
908,8.5,10.0,6.1,4,5,10.0,Unhealthy,Yes,High
909,8.3,7.4,5.5,0,3,5.0,Unhealthy,Yes,Medium
910,11.3,6.9,7.0,5,2,10.0,Unhealthy,Yes,High
911,6.4,8.8,6.1,0,3,3.0,Healthy,Yes,Low
912,7.4,10.0,20.0,0,1,4.0,Unhealthy,Yes,Medium
913,7.5,4.7,5.3,1,1,9.0,Unhealthy,No,High
914,10.2,10.7,6.2,0,5,9.0,Healthy,Yes,High
915,6.8,6.6,6.4,1,3,9.0,Unhealthy,No,High
916,7.6,8.9,4.0,4,3,9.0,Unhealthy,Yes,High
917,8.2,8.9,5.3,1,5,1.0,Unhealthy,Yes,Low
918,7.4,7.4,3.9,4,4,9.0,Unhealthy,Yes,High
919,6.1,5.9,5.9,4,3,2.0,Unhealthy,Yes,Low
920,7.4,8.1,20.0,4,3,8.0,Unhealthy,Yes,High
921,9.1,13.9,7.5,3,1,9.0,Unhealthy,Yes,High
922,4.9,4.9,7.3,4,1,8.0,Unhealthy,Yes,High
923,7.3,14.1,4.2,1,0,9.0,Unhealthy,Yes,High
924,5.6,8.2,6.0,3,0,5.0,Healthy,No,Medium
925,9.4,9.1,7.3,0,1,10.0,Healthy,Yes,High
926,4.0,5.7,5.6,0,0,7.0,Unhealthy,No,High
927,40.0,6.7,4.5,2,2,3.0,Healthy,No,Low
928,7.8,7.5,3.8,4,2,4.0,Healthy,No,Medium
929,10.1,5.9,7.7,2,5,4.0,Healthy,No,Medium
930,6.9,8.4,7.8,4,0,10.0,Healthy,No,High
931,5.9,7.8,5.6,4,0,4.0,Healthy,No,Medium
932,10.8,14.6,7.5,5,3,8.0,Unhealthy,No,High
933,4.1,5.5,0.1,1,3,2.0,Unhealthy,No,Low
934,2.6,9.3,8.7,1,2,2.0,Unhealthy,Yes,Low
935,7.9,9.7,,0,5,5.0,Healthy,Yes,Medium
936,6.0,5.8,6.3,3,2,6.0,Healthy,No,Medium
937,5.0,11.1,,0,3,4.0,Healthy,Yes,Medium
938,8.4,7.8,8.8,4,3,7.0,Healthy,No,High
939,7.5,1.5,3.9,5,5,10.0,Healthy,No,High
940,5.9,11.0,8.9,3,3,4.0,Unhealthy,Yes,Medium
941,4.4,5.6,6.8,2,0,8.0,Unhealthy,Yes,High
942,8.7,5.9,,4,1,2.0,Healthy,Yes,Low
943,8.3,11.1,5.3,1,2,10.0,Healthy,Yes,High
944,6.8,8.0,3.4,0,4,4.0,Healthy,No,Medium
945,10.7,11.8,7.9,0,5,7.0,Healthy,Yes,High
946,4.9,12.6,6.6,2,3,5.0,Healthy,Yes,Medium
947,3.9,7.1,8.7,0,0,10.0,Healthy,Yes,High
948,5.6,11.4,5.6,0,2,2.0,Unhealthy,No,Low
949,6.9,6.7,5.2,3,3,3.0,Unhealthy,Yes,Low
950,7.5,15.7,8.8,4,0,4.0,Unhealthy,Yes,Medium
951,6.5,6.9,9.8,3,2,5.0,Unhealthy,No,Medium
952,7.7,12.1,6.0,3,2,7.0,Unhealthy,No,High
953,4.5,11.5,4.5,0,4,3.0,Healthy,No,Low
954,9.9,9.9,7.6,4,4,9.0,Unhealthy,No,High
955,6.8,7.0,5.5,0,2,10.0,Healthy,Yes,High
956,9.2,8.5,7.2,5,0,3.0,Unhealthy,Yes,Low
957,7.7,2.5,5.5,5,3,5.0,Unhealthy,Yes,Medium
958,7.9,9.7,9.1,0,5,5.0,Unhealthy,Yes,Medium
959,8.1,10.0,4.6,3,3,7.0,Healthy,No,High
960,7.9,9.4,7.0,5,2,6.0,Healthy,Yes,Medium
961,8.3,0.1,5.0,1,3,3.0,Unhealthy,Yes,Low
962,9.7,5.2,5.4,5,4,,Unhealthy,No,Low
963,7.4,6.8,5.2,1,3,6.0,Unhealthy,No,Medium
964,8.4,9.9,7.5,3,1,6.0,Unhealthy,No,Medium
965,6.8,9.9,,3,4,4.0,Healthy,Yes,Medium
966,9.9,8.5,7.1,0,4,2.0,Healthy,No,Low
967,5.6,10.9,5.8,4,2,9.0,Healthy,Yes,High
968,10.6,5.9,6.3,5,2,6.0,Unhealthy,No,Medium
969,6.9,10.8,7.8,0,3,1.0,Unhealthy,No,Low
970,4.1,10.4,7.9,0,3,8.0,Healthy,No,High
971,7.3,10.1,0.6,2,2,10.0,healthy,Yes,High
972,5.6,8.5,5.5,0,0,7.0,Healthy,No,High
973,,14.5,5.6,4,3,6.0,Healthy,No,Medium
974,5.7,24.0,7.3,0,0,1.0,Healthy,Yes,Low
975,6.1,6.1,5.9,3,4,10.0,Healthy,Yes,High
976,3.2,9.7,7.4,4,5,5.0,Unhealthy,No,Medium
977,6.1,11.3,3.8,5,5,4.0,Healthy,Yes,Medium
978,2.2,7.2,6.5,3,1,7.0,Healthy,Yes,High
979,3.8,12.3,7.8,2,0,2.0,Unhealthy,Yes,Low
980,8.5,10.1,3.1,2,3,1.0,Unhealthy,Yes,Low
981,8.6,2.0,11.0,4,5,7.0,Healthy,No,High
982,7.9,9.9,8.4,5,2,8.0,Healthy,Yes,High
983,5.1,7.8,6.0,1,2,5.0,Unhealthy,Yes,Medium
984,6.9,10.6,4.3,1,1,8.0,Unhealthy,No,High
985,40.0,11.8,5.6,4,1,4.0,Unhealthy,No,Medium
986,4.7,9.6,6.2,4,4,8.0,Unhealthy,No,High
987,10.0,14.0,6.9,3,0,3.0,Healthy,Yes,Low
988,8.8,8.5,9.0,2,1,7.0,Unhealthy,No,High
989,6.6,10.9,5.0,4,4,6.0,Unhealthy,Yes,Medium
990,7.1,11.4,7.1,0,4,1.0,Healthy,No,Low
991,7.4,8.7,3.4,3,4,5.0,Unhealthy,Yes,Medium
992,2.9,11.3,5.2,2,5,4.0,Healthy,Yes,Medium
993,6.5,7.2,6.8,3,5,6.0,Unhealthy,Yes,Medium
994,5.6,7.7,7.4,2,3,9.0,Unhealthy,No,High
995,5.0,5.1,4.5,0,1,4.0,Healthy,No,Medium
996,6.4,9.7,5.1,2,5,2.0,Healthy,No,Low
997,10.6,10.0,8.9,3,2,8.0,Healthy,Yes,High
998,8.3,12.5,8.3,2,4,1.0,Healthy,No,Low
999,5.9,11.4,6.4,3,2,6.0,Unhealthy,Yes,Medium
1000,8.1,8.1,1.5,4,3,4.0,Healthy,Yes,Medium
1001,9.8,5.5,11.0,0,0,6.0,Healthy,Yes,Medium
1002,8.8,10.3,6.0,3,3,3.0,Healthy,No,Low
1003,7.1,12.3,5.4,1,3,9.0,Unhealthy,Yes,High
1004,5.7,11.3,5.0,1,1,3.0,Healthy,No,Low
1005,8.4,12.3,6.8,5,4,3.0,Unhealthy,Yes,Low
1006,7.8,8.4,6.8,5,3,5.0,Healthy,Yes,Medium
1007,8.8,7.6,7.9,2,4,7.0,Healthy,No,High
1008,8.3,6.8,4.1,4,2,6.0,Unhealthy,Yes,Medium
1009,9.1,8.8,5.4,4,0,7.0,Unhealthy,Yes,High
1010,5.9,8.8,10.1,1,0,9.0,Unhealthy,Yes,High
1011,9.6,9.6,6.4,2,2,3.0,Healthy,Yes,Low
1012,7.4,8.6,5.7,4,1,5.0,Healthy,No,Medium
1013,11.2,8.6,4.1,4,2,5.0,Healthy,No,Medium
1014,5.6,6.7,7.0,2,5,3.0,Unhealthy,Yes,Low
1015,10.5,11.8,8.1,3,2,10.0,Unhealthy,No,High
1016,7.4,9.2,7.7,1,5,9.0,Healthy,No,High
1017,5.7,8.5,5.5,5,1,9.0,Unhealthy,No,High
1018,6.0,6.8,6.7,4,1,6.0,Unhealthy,Yes,Medium
1019,6.4,5.0,9.3,3,3,5.0,Healthy,No,Medium
1020,7.8,12.9,8.1,3,4,4.0,Healthy,No,Medium
1021,8.0,10.7,4.4,3,0,4.0,Healthy,No,Medium
1022,5.9,4.1,0.9,3,1,5.0,Healthy,Yes,Medium
1023,40.0,11.3,6.6,0,5,2.0,Healthy,Yes,Low
1024,,11.8,7.6,0,1,8.0,Healthy,No,High
1025,10.5,9.4,3.8,5,3,7.0,Healthy,No,High
1026,7.9,13.8,6.0,2,3,7.0,Healthy,Yes,High
1027,7.1,9.7,5.5,1,4,1.0,Healthy,Yes,Low
1028,7.2,4.7,6.2,2,1,8.0,Healthy,No,High
1029,8.2,10.1,4.9,0,1,1.0,Unhealthy,Yes,Low
1030,5.0,9.7,,2,3,9.0,Healthy,No,High
1031,6.5,7.2,6.3,2,2,6.0,Healthy,Yes,Medium
1032,3.7,10.7,4.2,3,4,8.0,Healthy,Yes,High
1033,7.8,4.0,7.8,4,1,1.0,Unhealthy,No,Low
1034,8.3,12.0,3.5,0,0,6.0,Unhealthy,Yes,Medium
1035,6.0,6.4,8.6,0,0,1.0,Healthy,Yes,Low
1036,10.1,6.0,8.0,2,5,3.0,Healthy,Yes,Low
1037,4.5,8.7,8.8,4,3,2.0,Healthy,Yes,Low
1038,4.1,10.3,5.7,2,5,2.0,Unhealthy,Yes,Low
1039,7.4,9.5,5.0,1,0,4.0,Unhealthy,Yes,Medium
1040,,6.8,6.2,0,3,7.0,Healthy,Yes,High
1041,10.4,7.5,,3,2,3.0,Healthy,Yes,Low
1042,6.1,5.6,4.7,3,3,7.0,Healthy,No,High
1043,9.2,8.3,4.9,3,1,9.0,Unhealthy,Yes,High
1044,6.9,12.2,5.3,5,0,4.0,Unhealthy,Yes,Medium
1045,6.7,9.0,3.7,5,1,7.0,Unhealthy,No,High
1046,8.8,11.6,7.4,0,0,1.0,Healthy,No,Low
1047,8.3,13.4,5.9,0,0,2.0,Unhealthy,No,Low
1048,3.8,7.2,5.4,3,3,8.0,Healthy,Yes,High
1049,10.0,8.4,3.8,0,4,3.0,Unhealthy,Yes,Low
1050,9.8,15.5,3.7,3,0,5.0,Healthy,Yes,Medium
1051,5.7,13.3,9.9,1,0,8.0,Healthy,No,High
1052,7.8,4.0,4.7,1,5,5.0,Healthy,Yes,Medium
1053,8.0,10.2,7.2,1,4,1.0,Healthy,No,Low
1054,7.5,9.0,6.3,2,1,2.0,Unhealthy,Yes,Low
1055,5.9,11.5,0.4,2,0,10.0,Healthy,Yes,High
1056,5.7,6.8,9.6,4,3,3.0,Unhealthy,No,Low
1057,6.9,6.5,7.4,4,4,10.0,healthy,Yes,High
1058,9.3,7.0,,4,4,2.0,Unhealthy,No,Low
1059,8.1,7.3,5.9,1,5,9.0,Unhealthy,No,High
1060,6.3,11.4,3.7,1,0,5.0,Healthy,Yes,Medium
1061,8.5,5.5,9.7,1,1,1.0,Healthy,No,Low
1062,1.3,7.1,4.2,0,1,8.0,Unhealthy,No,High
1063,9.3,3.6,5.0,0,2,3.0,Healthy,Yes,Low
1064,3.5,12.0,4.5,1,2,9.0,Healthy,No,High
1065,6.3,12.8,6.2,3,3,9.0,Healthy,No,High
1066,4.8,8.0,8.7,4,5,6.0,Unhealthy,Yes,Medium
1067,4.4,8.1,9.6,2,0,4.0,Unhealthy,Yes,Medium
1068,9.3,10.4,5.2,4,1,9.0,Healthy,No,High
1069,6.1,13.4,6.8,3,2,9.0,Healthy,Yes,High
1070,7.7,10.2,6.2,5,0,2.0,Healthy,No,Low
1071,6.9,6.9,4.0,0,5,10.0,Unhealthy,Yes,High
1072,8.0,4.1,10.8,1,0,6.0,Unhealthy,No,Medium
1073,7.2,5.7,8.7,0,1,4.0,Unhealthy,Yes,Medium
1074,4.4,9.2,6.4,0,0,3.0,Unhealthy,Yes,Low
1075,9.0,7.0,9.2,3,4,10.0,Healthy,No,High
1076,6.0,9.6,8.4,0,2,6.0,Unhealthy,No,Medium
1077,3.9,7.3,6.2,0,3,8.0,Healthy,No,High
1078,6.1,5.8,6.7,4,2,9.0,Unhealthy,No,High
1079,,5.5,9.0,4,0,9.0,Unhealthy,No,High
1080,8.7,13.7,4.1,5,4,2.0,Healthy,Yes,Low
1081,6.3,11.7,9.3,3,2,8.0,Healthy,No,High
1082,6.3,14.2,5.5,1,1,8.0,Unhealthy,No,High
1083,6.4,10.6,,4,4,,Unhealthy,Yes,Medium
1084,11.2,7.7,6.0,5,5,4.0,Healthy,Yes,Medium
1085,7.8,13.0,6.7,0,2,9.0,Unhealthy,No,High
1086,7.9,8.9,5.9,5,0,4.0,Unhealthy,No,Medium
1087,9.1,9.7,4.9,5,1,10.0,Unhealthy,No,High
1088,7.5,8.9,5.5,2,0,4.0,healthy,No,Medium
1089,6.5,0.2,8.8,4,5,3.0,Unhealthy,No,Low
1090,6.6,13.8,1.4,5,0,10.0,Healthy,No,High
1091,6.9,10.5,3.5,5,5,3.0,Unhealthy,No,Low
1092,6.9,10.0,4.5,2,1,3.0,Unhealthy,No,Low
1093,8.5,8.8,3.8,1,4,7.0,Unhealthy,Yes,High
1094,7.1,9.5,9.0,0,2,5.0,Healthy,Yes,Medium
1095,8.5,7.2,8.5,4,4,9.0,Healthy,No,High
1096,6.8,10.8,7.2,1,5,2.0,Healthy,No,Low
1097,7.2,5.1,4.7,3,1,4.0,Healthy,Yes,Medium
1098,3.0,9.6,8.7,1,5,2.0,Unhealthy,Yes,Low
1099,8.8,10.7,2.8,3,2,8.0,Healthy,No,High
1100,7.7,8.4,10.3,3,1,4.0,Unhealthy,No,Medium
1101,9.0,10.1,4.6,4,3,1.0,Healthy,Yes,Low
1102,1.2,6.0,5.5,2,3,10.0,Unhealthy,Yes,High
1103,11.2,6.1,5.1,3,4,3.0,Unhealthy,No,Low
1104,6.7,9.7,3.9,0,1,7.0,Unhealthy,Yes,High
1105,9.2,11.0,9.9,4,2,3.0,Healthy,Yes,Low
1106,4.9,3.4,7.6,5,4,5.0,Unhealthy,Yes,Medium
1107,8.2,10.6,8.4,5,3,2.0,Healthy,Yes,Low
1108,4.9,7.4,3.6,3,3,8.0,Healthy,No,High
1109,5.8,8.4,6.4,4,3,4.0,Unhealthy,No,Medium
1110,10.8,5.0,7.0,0,4,1.0,Healthy,Yes,Low
1111,6.6,6.4,6.5,4,2,4.0,Healthy,No,Medium
1112,7.4,11.9,3.7,4,3,8.0,Unhealthy,Yes,High
1113,8.7,9.1,8.2,5,4,9.0,Healthy,No,High
1114,8.0,7.9,6.2,3,4,1.0,Healthy,No,Low
1115,7.3,8.7,4.1,1,0,6.0,Healthy,No,Medium
1116,7.7,10.5,2.3,4,0,4.0,Unhealthy,Yes,Medium
1117,11.8,10.3,7.2,3,5,8.0,Healthy,Yes,High
1118,6.9,8.8,10.9,5,2,1.0,Unhealthy,Yes,Low
1119,7.4,12.3,4.0,0,3,5.0,Unhealthy,No,Medium
1120,9.1,11.9,6.3,0,0,1.0,Healthy,No,Low
1121,9.2,10.2,,1,2,4.0,Unhealthy,No,Medium
1122,9.4,9.2,3.5,0,0,2.0,Unhealthy,No,Low
1123,8.3,11.0,,3,3,10.0,Healthy,No,High
1124,4.7,9.9,4.3,1,4,9.0,Healthy,No,High
1125,10.3,12.2,8.0,5,3,2.0,Healthy,Yes,Low
1126,4.7,11.7,8.7,3,0,4.0,healthy,no,Medium
1127,7.6,5.9,6.3,5,3,3.0,Healthy,No,Low
1128,5.5,5.7,4.3,5,4,1.0,Healthy,Yes,Low
1129,6.9,6.9,5.1,1,1,1.0,Unhealthy,Yes,Low
1130,7.7,11.9,4.7,1,4,2.0,Healthy,No,Low
1131,,4.3,4.0,3,0,8.0,Healthy,No,High
1132,7.8,10.2,5.8,1,4,2.0,Healthy,Yes,Low
1133,10.2,10.1,,3,5,1.0,Unhealthy,Yes,Low
1134,7.9,12.5,7.0,0,2,6.0,Healthy,Yes,Medium
1135,6.5,9.5,,0,3,1.0,Unhealthy,Yes,Low
1136,8.9,5.0,6.1,4,5,10.0,Unhealthy,No,High
1137,9.4,6.1,5.8,2,1,9.0,Healthy,Yes,High
1138,4.5,5.5,3.4,2,1,6.0,Healthy,No,Medium
1139,8.2,7.4,6.3,0,3,10.0,Healthy,No,High
1140,8.4,8.5,4.8,4,3,6.0,Healthy,No,Medium
1141,6.4,5.5,3.3,2,2,1.0,Unhealthy,Yes,Low
1142,9.8,13.4,6.7,3,4,7.0,Healthy,No,High
1143,6.7,5.0,4.8,3,1,3.0,Unhealthy,Yes,Low
1144,7.3,13.0,6.5,1,0,1.0,Healthy,No,Low
1145,6.7,12.6,7.7,2,3,9.0,Healthy,Yes,High
1146,7.0,11.7,4.1,5,3,8.0,Unhealthy,Yes,High
1147,4.8,6.9,6.2,3,5,4.0,Unhealthy,No,Medium
1148,4.1,10.0,2.4,2,5,3.0,Unhealthy,No,Low
1149,10.2,5.2,9.1,1,5,,Healthy,Yes,Low
1150,5.3,11.7,3.3,0,1,2.0,Healthy,No,Low
1151,5.0,8.8,5.0,4,5,3.0,Healthy,Yes,Low
1152,2.7,7.8,8.7,5,3,1.0,Unhealthy,No,Low
1153,5.7,5.3,5.5,1,1,10.0,Unhealthy,Yes,High
1154,4.4,1.6,3.6,1,0,7.0,Unhealthy,No,High
1155,10.3,5.9,7.4,1,0,2.0,Unhealthy,Yes,Low
1156,9.0,12.3,,4,1,6.0,Healthy,No,Medium
1157,5.6,7.8,4.7,3,3,6.0,Unhealthy,Yes,Medium
1158,11.5,8.5,5.0,2,2,4.0,Healthy,Yes,Medium
1159,9.0,11.0,5.1,0,2,4.0,Unhealthy,Yes,Medium
1160,6.4,14.4,5.6,0,4,1.0,Healthy,No,Low
1161,2.0,13.0,2.2,5,2,6.0,Healthy,No,Medium
1162,11.6,6.1,5.6,4,5,8.0,Healthy,Yes,High
1163,4.2,3.2,9.6,0,3,10.0,Healthy,No,High
1164,3.7,16.1,4.2,5,2,4.0,Healthy,No,Medium
1165,9.0,15.8,4.8,5,4,1.0,Healthy,No,Low
1166,11.9,9.6,3.6,4,0,4.0,Healthy,Yes,Medium
1167,9.8,5.2,7.2,4,1,2.0,Unhealthy,Yes,Low
1168,8.1,11.9,8.4,2,2,4.0,Unhealthy,Yes,Medium
1169,8.2,8.7,8.4,2,1,8.0,Unhealthy,No,High
1170,8.7,8.7,3.5,4,1,3.0,Unhealthy,No,Low
1171,8.5,11.7,7.0,2,5,5.0,Unhealthy,No,Medium
1172,,10.0,8.9,3,5,10.0,Unhealthy,No,High
1173,7.2,5.4,7.0,1,0,2.0,Healthy,Yes,Low
1174,6.9,8.0,7.0,0,4,9.0,Healthy,No,High
1175,5.5,11.0,5.1,0,3,3.0,Healthy,No,Low
1176,6.4,10.5,6.4,0,3,1.0,Healthy,Yes,Low
1177,3.6,9.8,8.5,0,3,7.0,Unhealthy,No,High
1178,6.8,11.8,6.7,3,4,5.0,Unhealthy,No,Medium
1179,5.0,7.9,3.5,3,5,9.0,Healthy,No,High
1180,4.8,9.5,5.1,1,4,3.0,Unhealthy,Yes,Low
1181,7.4,-1.1,8.4,4,4,1.0,Unhealthy,No,Low
1182,9.8,7.7,6.6,2,2,7.0,Unhealthy,Yes,High
1183,8.8,11.3,6.2,1,1,8.0,Healthy,No,High
1184,3.9,7.8,4.9,0,4,2.0,Healthy,Yes,Low
1185,5.0,7.6,8.4,2,4,2.0,Unhealthy,Yes,Low
1186,8.9,5.9,9.3,1,2,9.0,Unhealthy,Yes,High
1187,5.0,12.0,8.5,0,1,4.0,Unhealthy,Yes,Medium
1188,6.6,10.6,8.9,1,5,1.0,Healthy,No,Low
1189,8.1,11.5,5.3,0,5,9.0,Unhealthy,Yes,High
1190,5.1,3.8,5.0,5,3,9.0,Unhealthy,No,High
1191,7.2,8.5,5.7,0,0,6.0,Healthy,Yes,Medium
1192,4.3,8.2,6.1,5,4,6.0,Unhealthy,Yes,Medium
1193,5.8,8.2,8.9,3,4,9.0,Healthy,Yes,High
1194,7.6,7.2,8.3,0,0,2.0,Healthy,No,Low
1195,3.8,8.0,7.1,1,4,9.0,Healthy,Yes,High
1196,7.9,11.5,3.1,2,5,4.0,Unhealthy,Yes,Medium
1197,7.0,3.3,2.6,3,4,4.0,Unhealthy,Yes,Medium
1198,8.1,14.3,6.5,5,4,9.0,Unhealthy,No,High
1199,7.4,10.5,7.8,2,0,7.0,Healthy,No,High
1200,9.7,8.9,,5,5,10.0,Unhealthy,Yes,High
1201,7.3,11.7,9.8,4,2,5.0,Unhealthy,Yes,Medium
1202,6.1,4.6,3.8,2,2,8.0,Healthy,No,High
1203,7.2,7.0,3.6,4,0,1.0,Healthy,Yes,Low
1204,8.1,8.6,4.7,4,2,7.0,Unhealthy,Yes,High
1205,7.1,13.1,4.6,3,3,4.0,Healthy,No,Medium
1206,7.1,8.9,7.1,2,3,2.0,Unhealthy,Yes,Low
1207,5.6,10.4,5.2,5,5,2.0,Unhealthy,No,Low
1208,5.7,7.2,2.9,0,0,9.0,Unhealthy,Yes,High
1209,4.2,10.5,7.8,3,1,6.0,Healthy,No,Medium
1210,10.5,14.0,2.5,3,5,4.0,Unhealthy,No,Medium
1211,4.5,12.0,3.9,0,4,2.0,Healthy,Yes,Low
1212,5.6,8.8,2.8,2,1,7.0,Unhealthy,Yes,High
1213,5.6,11.0,6.4,5,4,9.0,Healthy,Yes,High
1214,8.8,10.7,6.4,3,5,2.0,Healthy,No,Low
1215,6.4,10.5,9.8,4,2,4.0,Unhealthy,Yes,Medium
1216,9.5,12.3,7.8,0,2,1.0,Unhealthy,No,Low
1217,5.7,12.3,8.9,5,3,1.0,Healthy,No,Low
1218,7.6,8.6,6.6,1,1,3.0,Healthy,Yes,Low
1219,5.3,10.9,4.0,3,0,1.0,Unhealthy,Yes,Low
1220,11.3,7.9,6.3,5,4,4.0,Healthy,Yes,Medium
1221,4.6,6.2,7.2,4,2,6.0,Unhealthy,Yes,Medium
1222,7.6,8.2,7.4,2,5,5.0,Unhealthy,Yes,Medium
1223,8.3,8.8,5.1,2,4,9.0,Unhealthy,Yes,High
1224,7.8,4.0,7.0,0,0,2.0,Unhealthy,Yes,Low
1225,6.6,11.6,4.1,4,4,2.0,Unhealthy,Yes,Low
1226,6.7,0.7,3.9,0,3,3.0,Healthy,No,Low
1227,7.1,17.1,3.8,3,0,4.0,Healthy,No,Medium
1228,6.7,13.5,6.0,0,0,9.0,Healthy,No,High
1229,8.9,8.2,3.6,1,4,6.0,Unhealthy,Yes,Medium
1230,,9.0,5.2,0,4,,Unhealthy,No,High
1231,,9.9,7.8,0,2,5.0,Healthy,No,Medium
1232,4.3,7.2,3.9,3,4,9.0,Healthy,no,High
1233,6.8,9.6,5.0,4,0,9.0,Unhealthy,No,High
1234,12.2,8.6,6.1,5,5,1.0,Healthy,No,Low
1235,5.4,8.7,6.5,5,4,9.0,Healthy,No,High
1236,10.3,9.5,5.0,1,5,7.0,Healthy,Yes,High
1237,10.4,5.1,7.6,0,5,8.0,Unhealthy,Yes,High
1238,5.9,9.1,7.2,3,2,3.0,Healthy,Yes,Low
1239,8.1,9.5,8.3,3,1,1.0,Unhealthy,Yes,Low
1240,10.3,9.4,5.8,5,5,4.0,Unhealthy,No,Medium
1241,6.2,8.4,5.0,3,3,1.0,Healthy,No,Low
1242,6.6,12.4,4.6,4,5,1.0,Healthy,No,Low
1243,5.8,7.9,6.6,0,0,,Healthy,No,Medium
1244,5.0,9.7,5.2,2,2,8.0,Healthy,Yes,High
1245,5.7,12.9,4.9,5,3,,Healthy,No,Low
1246,4.6,8.8,5.1,5,4,10.0,Healthy,No,High
1247,7.1,9.6,4.6,1,5,10.0,Unhealthy,Yes,High
1248,5.5,8.7,6.4,2,4,9.0,Unhealthy,No,High
1249,7.5,12.7,3.2,4,1,6.0,Healthy,No,Medium
1250,3.9,8.2,6.6,5,4,5.0,Healthy,Yes,Medium
1251,7.7,12.9,7.4,0,3,9.0,Unhealthy,Yes,High
1252,8.7,8.7,4.8,2,2,9.0,Healthy,Yes,High
1253,3.0,6.4,9.8,2,1,9.0,Healthy,Yes,High
1254,7.7,11.0,6.0,5,3,3.0,Healthy,Yes,Low
1255,9.5,8.1,2.9,2,2,8.0,Unhealthy,No,High
1256,4.6,10.9,5.4,1,3,10.0,Healthy,No,High
1257,10.3,0.8,6.1,0,4,4.0,Unhealthy,Yes,Medium
1258,7.8,9.0,6.9,3,3,4.0,Unhealthy,Yes,Medium
1259,5.6,7.6,5.5,0,1,7.0,Unhealthy,Yes,High
1260,6.9,5.8,4.0,5,3,8.0,Healthy,Yes,High
1261,8.1,7.3,3.8,2,0,4.0,Healthy,Yes,Medium
1262,7.2,7.3,4.7,0,4,10.0,Healthy,Yes,High
1263,8.1,8.9,4.9,3,3,6.0,healthy,Yes,Medium
1264,5.2,4.9,3.7,1,2,1.0,Unhealthy,No,Low
1265,7.3,9.9,4.5,0,4,2.0,Healthy,No,Low
1266,4.2,13.1,7.3,0,5,5.0,Healthy,No,Medium
1267,6.8,9.8,9.3,1,2,4.0,Healthy,No,Medium
1268,5.2,11.4,7.5,1,1,3.0,Healthy,Yes,Low
1269,5.5,12.3,8.6,5,5,6.0,Unhealthy,No,Medium
1270,9.5,12.7,7.9,2,5,10.0,Unhealthy,Yes,High
1271,9.2,14.6,7.7,2,5,,Unhealthy,No,Medium
1272,8.2,7.5,5.3,5,0,10.0,Unhealthy,No,High
1273,4.8,6.8,6.3,1,3,8.0,Unhealthy,No,High
1274,6.4,11.4,5.2,3,4,2.0,Unhealthy,Yes,Low
1275,9.4,11.1,5.6,2,3,7.0,Healthy,Yes,High
1276,7.3,11.3,6.1,3,3,7.0,Healthy,No,High
1277,11.6,14.7,7.4,1,4,2.0,Unhealthy,Yes,Low
1278,7.8,9.0,6.8,0,5,6.0,Unhealthy,Yes,Medium
1279,7.4,10.3,5.7,5,5,5.0,Unhealthy,no,Medium
1280,6.4,6.1,6.1,1,0,2.0,Healthy,Yes,Low
1281,7.3,15.4,6.9,1,0,9.0,Unhealthy,Yes,High
1282,6.7,8.0,7.3,4,1,8.0,Unhealthy,Yes,High
1283,8.4,8.1,3.0,1,4,7.0,Healthy,Yes,High
1284,8.9,8.0,3.8,2,4,6.0,Unhealthy,No,Medium
1285,5.4,7.1,8.2,0,2,5.0,Healthy,Yes,Medium
1286,4.3,6.8,5.9,3,2,9.0,Unhealthy,No,High
1287,3.3,7.4,5.2,4,2,5.0,Healthy,Yes,Medium
1288,8.0,4.9,5.5,5,0,6.0,Healthy,No,Medium
1289,4.8,6.6,5.5,2,1,3.0,Healthy,No,Low
1290,2.7,14.8,7.1,0,1,9.0,Healthy,Yes,High
1291,7.8,11.2,3.8,3,5,8.0,Unhealthy,No,High
1292,12.0,11.8,6.0,0,3,9.0,Unhealthy,No,High
1293,7.0,12.5,6.5,2,1,1.0,Healthy,Yes,Low
1294,8.7,14.5,6.8,5,2,1.0,Unhealthy,Yes,Low
1295,7.2,3.7,6.4,5,4,2.0,Healthy,No,Low
1296,6.8,5.3,7.0,0,3,4.0,Unhealthy,No,Medium
1297,8.8,6.6,4.9,1,5,10.0,Unhealthy,No,High
1298,6.4,7.6,4.1,0,0,5.0,Healthy,No,Medium
1299,7.5,8.1,10.9,1,1,7.0,Unhealthy,No,High
1300,7.6,7.7,5.4,5,5,4.0,Unhealthy,No,Medium
1301,,9.7,5.6,2,4,1.0,Healthy,No,Low
1302,9.0,9.1,7.4,4,2,8.0,Unhealthy,No,High
1303,6.7,6.8,9.2,1,0,3.0,Healthy,Yes,Low
1304,5.5,2.5,4.9,5,0,9.0,Healthy,Yes,High
1305,8.1,6.0,4.0,0,1,2.0,Unhealthy,No,Low
1306,5.2,7.4,3.5,5,4,1.0,Unhealthy,Yes,Low
1307,7.1,8.3,9.2,0,2,10.0,Healthy,No,High
1308,40.0,5.6,3.9,0,2,8.0,Healthy,No,High
1309,9.2,7.5,5.9,5,2,3.0,Unhealthy,No,Low
1310,7.9,5.6,4.0,2,2,1.0,Healthy,Yes,Low
1311,6.9,8.6,3.1,3,1,3.0,Healthy,Yes,Low
1312,8.6,5.8,5.4,0,5,8.0,Unhealthy,Yes,High
1313,9.8,6.5,4.1,0,5,4.0,Healthy,No,Medium
1314,8.1,24.0,4.6,1,5,10.0,Healthy,Yes,High
1315,7.0,8.5,10.0,4,1,7.0,Unhealthy,No,High
1316,4.4,6.4,6.8,5,4,8.0,Healthy,Yes,High
1317,4.9,11.7,7.9,0,3,7.0,Unhealthy,Yes,High
1318,6.4,10.2,7.6,2,1,1.0,Healthy,No,Low
1319,5.8,8.8,5.8,3,2,4.0,Healthy,No,Medium
1320,6.6,6.6,5.1,3,5,10.0,Unhealthy,No,High
1321,7.1,10.1,6.5,3,5,9.0,Healthy,Yes,High
1322,8.1,11.1,6.3,2,4,7.0,Unhealthy,Yes,High
1323,6.9,9.4,4.9,3,2,1.0,Healthy,Yes,Low
1324,8.0,13.8,6.3,5,1,8.0,Healthy,No,High
1325,7.1,10.4,4.6,3,5,4.0,Unhealthy,No,Medium
1326,3.0,11.7,5.7,1,4,7.0,Unhealthy,No,High
1327,5.1,9.4,5.3,3,2,6.0,Unhealthy,Yes,Medium
1328,6.7,11.0,3.5,1,5,7.0,Unhealthy,Yes,High
1329,4.6,6.6,1.3,1,3,10.0,Unhealthy,Yes,High
1330,8.2,7.6,4.1,1,0,10.0,Unhealthy,No,High
1331,10.1,10.0,9.6,2,0,1.0,Unhealthy,No,Low
1332,9.4,10.0,5.4,0,5,6.0,Healthy,No,Medium
1333,6.6,10.5,7.6,4,2,3.0,Healthy,Yes,Low
1334,10.0,12.3,1.8,5,5,10.0,Unhealthy,Yes,High
1335,7.3,4.7,4.0,5,0,4.0,Healthy,Yes,Medium
1336,6.3,6.1,3.3,3,5,1.0,Unhealthy,Yes,Low
1337,5.8,9.7,5.6,4,5,,Unhealthy,No,High
1338,6.4,6.8,10.8,0,3,8.0,Healthy,No,High
1339,6.2,19.1,6.9,1,5,2.0,Healthy,Yes,Low
1340,7.3,10.5,9.4,1,3,3.0,Healthy,No,Low
1341,7.3,8.8,5.5,1,2,7.0,Unhealthy,no,High
1342,7.0,7.5,8.7,1,3,2.0,Unhealthy,No,Low
1343,7.9,7.6,10.1,3,0,4.0,Unhealthy,Yes,Medium
1344,9.4,9.1,5.8,0,2,7.0,Healthy,No,High
1345,8.9,9.3,4.9,0,5,3.0,Unhealthy,No,Low
1346,4.0,7.6,3.4,0,0,2.0,Unhealthy,No,Low
1347,1.9,8.2,5.4,4,3,8.0,Unhealthy,Yes,High
1348,8.9,13.0,6.2,5,3,2.0,Unhealthy,No,Low
1349,4.3,13.2,10.1,1,4,10.0,Unhealthy,Yes,High
1350,6.6,9.8,3.4,2,1,7.0,Unhealthy,No,High
1351,4.7,5.0,6.1,5,5,3.0,Unhealthy,No,Low
1352,3.4,10.6,2.4,0,1,4.0,Healthy,Yes,Medium
1353,8.1,13.7,5.1,4,2,6.0,Healthy,No,Medium
1354,8.5,13.1,6.6,3,0,3.0,Unhealthy,Yes,Low
1355,40.0,11.2,7.0,1,1,1.0,Unhealthy,No,Low
1356,1.8,13.3,7.2,4,2,8.0,Healthy,No,High
1357,5.9,9.2,6.8,5,3,4.0,Healthy,No,Medium
1358,7.8,10.9,7.2,2,1,1.0,Unhealthy,Yes,Low
1359,4.0,7.0,6.1,2,0,2.0,Healthy,Yes,Low
1360,7.4,9.9,3.9,3,4,6.0,Healthy,Yes,Medium
1361,7.0,13.0,2.3,0,4,1.0,Unhealthy,No,Low
1362,8.2,7.2,4.9,0,1,9.0,Unhealthy,Yes,High
1363,7.2,6.4,5.7,4,4,7.0,Unhealthy,No,High
1364,5.1,9.3,8.5,5,2,8.0,Unhealthy,Yes,High
1365,9.4,8.3,5.8,4,5,8.0,Unhealthy,Yes,High
1366,6.7,10.9,5.6,5,0,6.0,Unhealthy,No,Medium
1367,6.9,7.6,6.8,0,3,8.0,Unhealthy,Yes,High
1368,5.1,14.2,5.5,0,0,7.0,Unhealthy,Yes,High
1369,6.1,5.1,7.6,4,3,1.0,Healthy,No,Low
1370,5.2,12.8,10.0,1,4,3.0,Healthy,No,Low
1371,6.7,6.7,10.4,5,2,9.0,Unhealthy,No,High
1372,10.4,3.6,6.2,5,3,8.0,Unhealthy,No,High
1373,4.3,9.7,6.7,2,4,5.0,Healthy,Yes,Medium
1374,3.8,8.2,9.2,2,3,1.0,Unhealthy,Yes,Low
1375,9.9,5.7,5.7,3,1,2.0,Healthy,No,Low
1376,6.6,4.0,7.4,2,0,10.0,Unhealthy,No,High
1377,5.7,9.0,3.7,5,5,10.0,Healthy,No,High
1378,9.1,11.9,5.4,4,5,9.0,Unhealthy,Yes,High
1379,5.8,10.8,8.3,1,2,10.0,Unhealthy,No,High
1380,10.7,9.2,4.6,4,4,8.0,Healthy,Yes,High
1381,8.4,10.4,5.7,0,2,9.0,Unhealthy,No,High
1382,6.0,8.9,2.9,5,0,2.0,Healthy,Yes,Low
1383,11.3,4.7,10.0,0,5,3.0,Healthy,No,Low
1384,5.8,4.7,8.5,5,3,3.0,Healthy,Yes,Low
1385,8.5,8.4,6.4,2,3,1.0,Healthy,No,Low
1386,7.6,8.5,7.0,1,2,2.0,Healthy,Yes,Low
1387,9.6,11.6,6.8,5,3,10.0,Healthy,No,High
1388,10.1,11.3,8.8,3,3,5.0,Unhealthy,no,Medium
1389,7.1,10.8,5.0,4,3,7.0,Healthy,Yes,High
1390,5.5,8.2,7.5,3,1,6.0,Healthy,Yes,Medium
1391,7.9,4.9,8.2,3,4,2.0,Healthy,Yes,Low
1392,5.6,10.2,8.4,3,4,8.0,Unhealthy,Yes,High
1393,11.0,10.6,1.5,3,5,4.0,Unhealthy,Yes,Medium
1394,7.3,1.8,4.8,4,0,2.0,Healthy,Yes,Low
1395,6.3,6.5,4.0,0,3,4.0,Healthy,No,Medium
1396,7.4,6.9,6.3,4,2,8.0,Unhealthy,No,High
1397,4.3,9.4,2.0,0,3,1.0,Unhealthy,Yes,Low
1398,5.1,6.6,1.9,0,0,9.0,Unhealthy,Yes,High
1399,9.4,8.9,,4,3,8.0,Healthy,No,High
1400,5.7,8.4,7.2,4,1,8.0,Healthy,Yes,High
1401,4.9,8.5,6.2,4,0,10.0,Healthy,No,High
1402,8.1,6.9,6.7,5,4,9.0,Unhealthy,No,High
1403,9.4,7.1,6.3,0,4,7.0,Healthy,No,High
1404,8.4,5.8,8.0,4,1,9.0,Unhealthy,Yes,High
1405,9.0,10.1,4.7,1,4,1.0,Unhealthy,No,Low
1406,5.5,10.7,6.4,2,5,1.0,Unhealthy,Yes,Low
1407,4.2,6.7,6.5,2,1,4.0,Healthy,Yes,Medium
1408,10.0,13.6,3.9,1,4,2.0,Unhealthy,no,Low
1409,6.4,8.1,8.6,2,4,8.0,Healthy,No,High
1410,6.5,13.6,5.1,0,5,1.0,Healthy,No,Low
1411,9.7,7.1,8.0,4,3,4.0,Unhealthy,No,Medium
1412,8.1,2.9,6.2,4,0,9.0,Unhealthy,Yes,High
1413,7.9,10.2,9.3,5,4,2.0,Unhealthy,No,Low
1414,11.3,9.7,3.9,4,0,6.0,Healthy,No,Medium
1415,5.7,9.1,3.8,1,0,4.0,Unhealthy,No,Medium
1416,8.9,7.1,4.2,1,4,4.0,Unhealthy,No,Medium
1417,7.1,8.9,6.3,0,0,6.0,Unhealthy,No,Medium
1418,7.5,7.5,9.1,1,5,10.0,Healthy,Yes,High
1419,10.1,8.1,9.2,5,1,4.0,Healthy,Yes,Medium
1420,8.0,11.5,1.4,4,5,9.0,Healthy,Yes,High
1421,8.1,9.6,6.5,5,2,8.0,Unhealthy,Yes,High
1422,9.1,10.8,-0.4,0,1,8.0,Unhealthy,Yes,High
1423,6.3,8.3,7.6,0,4,5.0,Healthy,No,Medium
1424,5.3,8.0,8.2,4,1,6.0,Unhealthy,Yes,Medium
1425,4.9,5.5,5.9,3,5,1.0,Healthy,No,Low
1426,3.1,7.9,6.2,4,2,1.0,Unhealthy,No,Low
1427,11.1,-1.0,6.1,0,1,9.0,Unhealthy,No,High
1428,4.8,7.2,4.4,3,0,4.0,Healthy,No,Medium
1429,,8.8,6.9,4,4,,Healthy,Yes,Low
1430,6.4,10.7,5.5,4,0,5.0,Healthy,No,Medium
1431,7.6,8.2,7.9,3,0,9.0,Healthy,No,High
1432,8.6,10.0,5.8,3,4,9.0,Unhealthy,Yes,High
1433,8.7,2.5,4.3,2,4,3.0,Unhealthy,No,Low
1434,5.8,8.8,2.9,5,3,,Healthy,No,High
1435,6.7,4.0,2.3,3,2,3.0,Healthy,No,Low
1436,7.6,5.4,8.6,1,0,3.0,Unhealthy,Yes,Low
1437,,8.4,5.1,3,5,4.0,Healthy,No,Medium
1438,10.2,12.8,6.7,0,0,2.0,Unhealthy,No,Low
1439,8.0,10.1,9.6,3,4,6.0,Unhealthy,Yes,Medium
1440,8.5,9.1,4.9,4,4,5.0,Healthy,Yes,Medium
1441,8.3,8.9,4.7,1,1,10.0,Healthy,Yes,High
1442,9.3,6.9,5.7,3,0,10.0,Healthy,No,High
1443,7.4,7.4,6.1,1,0,2.0,Unhealthy,No,Low
1444,4.4,10.3,9.8,5,4,10.0,Unhealthy,Yes,High
1445,7.8,4.8,9.1,2,5,2.0,Unhealthy,No,Low
1446,5.7,10.8,7.2,1,5,2.0,Unhealthy,Yes,Low
1447,5.9,7.8,8.9,4,0,4.0,Healthy,No,Medium
1448,8.2,11.5,5.6,2,2,3.0,Healthy,No,Low
1449,9.5,11.9,6.6,3,3,9.0,Unhealthy,No,High
1450,7.0,4.0,5.4,5,4,5.0,Unhealthy,Yes,Medium
1451,7.6,7.3,3.4,5,4,1.0,Healthy,No,Low
1452,10.4,6.4,8.4,5,0,2.0,Healthy,No,Low
1453,7.5,3.6,7.1,1,5,7.0,Unhealthy,No,High
1454,12.2,5.9,6.0,2,3,8.0,Unhealthy,No,High
1455,8.1,16.3,6.0,3,3,6.0,Healthy,No,Medium
1456,3.5,10.8,3.0,5,5,7.0,Healthy,No,High
1457,8.5,14.8,4.0,5,4,2.0,Healthy,Yes,Low
1458,7.8,11.5,6.7,5,4,6.0,Unhealthy,No,Medium
1459,9.6,6.8,4.9,5,4,6.0,Unhealthy,Yes,Medium
1460,8.3,7.9,5.6,3,2,4.0,Healthy,Yes,Medium
1461,6.7,10.8,5.8,1,0,4.0,Unhealthy,No,Medium
1462,4.6,10.3,4.6,5,2,2.0,Healthy,Yes,Low
1463,6.6,7.3,4.1,5,4,3.0,Unhealthy,Yes,Low
1464,5.3,4.5,2.8,1,3,10.0,Unhealthy,No,High
1465,5.8,18.9,5.7,2,0,6.0,Healthy,Yes,Medium
1466,8.2,8.6,7.2,1,0,4.0,Healthy,No,Medium
1467,10.3,8.0,2.7,3,5,3.0,Unhealthy,No,Low
1468,7.8,9.3,6.0,4,4,1.0,Healthy,Yes,Low
1469,4.6,8.3,6.6,2,4,3.0,Unhealthy,Yes,Low
1470,7.9,9.4,4.0,4,4,1.0,Unhealthy,Yes,Low
1471,9.4,12.9,8.8,5,4,4.0,Healthy,No,Medium
1472,5.8,8.6,5.2,4,4,4.0,Healthy,Yes,Medium
1473,6.7,5.5,5.8,3,4,1.0,Healthy,No,Low
1474,7.0,8.5,5.7,4,0,7.0,Healthy,No,High
1475,5.4,7.6,2.5,0,2,5.0,Healthy,No,Medium
1476,8.3,13.3,8.0,2,3,1.0,Unhealthy,No,Low
1477,6.8,12.5,4.1,3,4,5.0,Healthy,Yes,Medium
1478,7.8,9.3,5.5,1,3,7.0,Unhealthy,Yes,High
1479,5.2,5.2,7.2,3,5,6.0,Unhealthy,No,Medium
1480,6.1,5.3,8.9,1,0,10.0,Healthy,No,High
1481,8.4,9.0,3.8,3,3,5.0,Healthy,No,Medium
1482,6.3,10.0,5.1,0,0,8.0,Unhealthy,Yes,High
1483,10.5,7.9,8.8,2,1,9.0,Healthy,Yes,High
1484,6.2,7.6,6.9,5,2,1.0,Healthy,Yes,Low
1485,7.4,7.2,7.3,5,1,6.0,Healthy,Yes,Medium
1486,8.9,8.9,3.9,4,0,2.0,Unhealthy,Yes,Low
1487,4.2,1.9,5.2,3,5,8.0,Healthy,No,High
1488,3.5,5.7,5.7,2,1,5.0,Healthy,Yes,Medium
1489,3.9,7.1,4.3,2,0,1.0,Unhealthy,Yes,Low
1490,9.5,12.6,2.7,2,1,5.0,Healthy,Yes,Medium
1491,5.9,6.6,5.0,2,0,10.0,Unhealthy,Yes,High
1492,12.1,9.5,8.7,2,2,5.0,Healthy,Yes,Medium
1493,5.9,9.7,6.1,4,5,2.0,Healthy,Yes,Low
1494,7.4,12.9,8.7,5,2,4.0,Healthy,No,Medium
1495,10.1,12.8,20.0,4,2,6.0,Healthy,No,Medium
1496,11.0,8.8,4.5,3,0,1.0,Healthy,Yes,Low
1497,11.1,7.6,8.6,5,3,9.0,Unhealthy,No,High
1498,9.4,7.0,6.4,5,1,7.0,Unhealthy,No,High
1499,9.0,8.3,,1,1,6.0,Unhealthy,Yes,Medium
1500,8.2,7.7,3.9,3,1,1.0,Healthy,Yes,Low
1501,8.6,10.7,8.1,2,5,8.0,Healthy,Yes,High
1502,5.9,10.3,8.1,1,1,8.0,Unhealthy,No,High
1503,5.4,10.8,6.6,5,2,4.0,Unhealthy,Yes,Medium
1504,7.0,12.8,4.4,3,3,4.0,Healthy,No,Medium
1505,6.7,14.6,5.9,1,1,1.0,Healthy,Yes,Low
1506,6.1,9.4,7.2,5,3,9.0,Unhealthy,No,High
1507,8.4,12.3,6.5,4,0,8.0,Unhealthy,Yes,High
1508,8.9,7.9,7.2,2,0,10.0,Healthy,No,High
1509,7.2,12.6,8.0,1,5,7.0,Healthy,Yes,High
1510,10.0,12.2,4.7,0,1,2.0,Healthy,Yes,Low
1511,4.7,12.0,3.7,2,4,7.0,Healthy,Yes,High
1512,6.6,9.3,5.9,4,5,4.0,Unhealthy,Yes,Medium
1513,5.6,7.0,5.3,4,2,3.0,Unhealthy,Yes,Low
1514,3.3,4.8,7.6,3,5,10.0,Healthy,Yes,High
1515,6.8,8.9,3.9,5,1,4.0,Healthy,No,Medium
1516,6.8,13.6,8.0,0,2,10.0,Unhealthy,No,High
1517,10.0,8.1,8.7,1,1,6.0,Unhealthy,No,Medium
1518,8.3,11.4,6.0,3,2,7.0,Healthy,Yes,High
1519,5.0,11.5,6.1,4,4,2.0,Unhealthy,No,Low
1520,10.7,8.1,4.5,1,4,7.0,Unhealthy,Yes,High
1521,9.4,12.9,4.9,4,5,10.0,Unhealthy,No,High
1522,8.2,0.3,5.2,4,0,2.0,Unhealthy,Yes,Low
1523,6.5,5.3,8.9,0,5,2.0,Unhealthy,No,Low
1524,5.1,6.3,5.9,2,1,1.0,Healthy,No,Low
1525,6.3,6.5,3.4,1,4,7.0,Healthy,No,High
1526,9.2,10.0,6.5,0,4,1.0,Healthy,Yes,Low
1527,10.8,9.9,7.7,5,5,3.0,Unhealthy,Yes,Low
1528,10.1,10.2,5.9,4,1,8.0,Healthy,Yes,High
1529,,10.8,8.9,4,5,1.0,Healthy,No,Low
1530,4.8,6.1,,0,5,6.0,Unhealthy,Yes,Medium
1531,7.3,5.3,3.9,5,5,2.0,Healthy,Yes,Low
1532,3.5,10.2,4.9,1,1,9.0,Unhealthy,Yes,High
1533,7.6,7.1,6.5,4,0,2.0,Healthy,No,Low
1534,6.7,4.3,2.7,5,4,6.0,Unhealthy,Yes,Medium
1535,6.1,11.9,6.7,1,2,4.0,Healthy,Yes,Medium
1536,3.8,13.2,2.5,0,1,9.0,Healthy,No,High
1537,8.0,13.7,8.0,4,1,1.0,Unhealthy,No,Low
1538,5.9,9.6,7.8,3,1,1.0,Healthy,No,Low
1539,4.7,10.9,7.0,3,5,10.0,Unhealthy,No,High
1540,1.3,13.1,4.6,4,5,3.0,Healthy,Yes,Low
1541,6.9,7.1,6.3,2,1,6.0,Healthy,Yes,Medium
1542,10.5,12.3,5.0,4,4,3.0,Healthy,Yes,Low
1543,10.3,9.8,3.9,4,2,7.0,Unhealthy,No,High
1544,6.1,11.7,5.3,4,0,9.0,Healthy,No,High
1545,5.8,9.6,7.4,0,3,10.0,Healthy,Yes,High
1546,7.9,12.9,6.1,4,4,2.0,Healthy,Yes,Low
1547,5.0,9.7,8.9,4,4,4.0,Healthy,Yes,Medium
1548,7.6,4.5,7.5,0,3,3.0,Healthy,No,Low
1549,8.5,13.4,20.0,4,3,6.0,Unhealthy,No,Medium
1550,9.5,24.0,2.8,3,1,5.0,Unhealthy,Yes,Medium
1551,6.8,12.8,5.4,3,2,3.0,Healthy,No,Low
1552,6.6,8.7,3.9,5,4,9.0,Healthy,Yes,High
1553,5.2,12.5,5.6,4,4,8.0,Unhealthy,No,High
1554,5.3,12.4,4.6,0,0,3.0,Unhealthy,No,Low
1555,6.5,10.3,5.2,4,3,10.0,Healthy,Yes,High
1556,7.7,10.5,8.1,4,3,5.0,Healthy,No,Medium
1557,8.8,10.3,7.0,5,4,5.0,Unhealthy,Yes,Medium
1558,5.4,3.0,8.0,1,3,5.0,Unhealthy,No,Medium
1559,10.0,9.4,2.8,5,1,8.0,Unhealthy,No,High
1560,6.5,5.7,6.1,2,0,3.0,Unhealthy,No,Low
1561,7.0,9.5,7.9,0,4,,Unhealthy,Yes,Low
1562,5.5,5.6,9.0,2,5,8.0,Unhealthy,No,High
1563,2.2,5.4,2.9,1,0,9.0,Healthy,Yes,High
1564,8.8,13.8,5.3,2,5,5.0,Unhealthy,No,Medium
1565,8.5,12.2,8.1,4,1,10.0,Unhealthy,Yes,High
1566,6.4,9.0,5.6,3,0,8.0,Unhealthy,Yes,High
1567,7.1,9.6,4.2,0,5,5.0,Healthy,Yes,Medium
1568,8.0,8.3,2.9,0,3,4.0,Healthy,Yes,Medium
1569,3.9,10.7,4.1,4,4,2.0,Healthy,Yes,Low
1570,5.9,7.0,2.6,5,0,4.0,Healthy,Yes,Medium
1571,8.6,12.0,6.1,2,2,2.0,Unhealthy,Yes,Low
1572,4.5,8.2,7.8,0,4,7.0,Healthy,No,High
1573,7.6,7.7,3.5,5,0,7.0,Unhealthy,Yes,High
1574,4.3,9.1,6.5,1,4,9.0,Healthy,Yes,High
1575,7.9,7.2,7.7,1,5,4.0,Unhealthy,Yes,Medium
1576,6.9,10.0,6.0,2,0,5.0,Healthy,No,Medium
1577,3.8,7.4,2.8,1,0,4.0,Healthy,Yes,Medium
1578,9.3,10.4,,3,3,4.0,Healthy,Yes,Medium
1579,5.5,12.6,5.9,4,0,5.0,Healthy,No,Medium
1580,5.4,6.8,5.7,0,2,3.0,Healthy,Yes,Low
1581,7.4,8.6,4.9,5,3,9.0,Healthy,Yes,High
1582,9.3,10.4,6.2,4,2,7.0,Unhealthy,No,High
1583,5.0,7.7,7.0,2,5,1.0,Healthy,Yes,Low
1584,,10.4,10.8,4,2,1.0,Unhealthy,Yes,Low
1585,7.9,10.7,6.2,0,1,1.0,Healthy,Yes,Low
1586,8.4,12.2,9.0,5,2,3.0,Unhealthy,Yes,Low
1587,7.4,7.2,6.7,0,0,9.0,Unhealthy,No,High
1588,6.3,6.2,5.8,2,4,8.0,Healthy,Yes,High
1589,,8.1,6.3,0,3,9.0,Unhealthy,No,High
1590,7.2,6.1,3.6,1,3,5.0,Unhealthy,Yes,Medium
1591,4.9,10.7,6.6,5,3,7.0,Unhealthy,No,High
1592,1.2,5.5,2.0,5,4,10.0,Unhealthy,Yes,High
1593,7.9,16.0,,4,2,9.0,Healthy,No,High
1594,8.8,12.9,6.2,3,5,5.0,Unhealthy,No,Medium
1595,2.3,9.0,,3,1,8.0,Unhealthy,Yes,High
1596,5.0,11.6,8.9,3,0,8.0,Healthy,Yes,High
1597,8.2,4.1,5.5,2,5,3.0,Unhealthy,No,Low
1598,11.1,16.6,6.3,3,3,5.0,Healthy,Yes,Medium
1599,7.0,7.2,8.0,5,0,8.0,Healthy,Yes,High
1600,5.5,8.6,3.3,5,2,10.0,Healthy,Yes,High
1601,6.6,3.4,6.8,4,5,3.0,Healthy,Yes,Low
1602,9.7,10.5,4.3,0,1,3.0,Healthy,No,Low
1603,5.7,5.7,5.7,1,3,6.0,Unhealthy,Yes,Medium
1604,5.4,9.3,5.1,3,2,7.0,Unhealthy,Yes,High
1605,6.0,7.4,6.9,3,5,7.0,Unhealthy,No,High
1606,5.1,5.8,7.1,3,1,6.0,Unhealthy,Yes,Medium
1607,7.2,6.6,7.8,1,5,7.0,Healthy,No,High
1608,10.2,9.7,6.7,4,3,7.0,Unhealthy,Yes,High
1609,7.6,5.2,6.3,3,2,4.0,Unhealthy,Yes,Medium
1610,6.5,6.8,9.7,0,0,8.0,Healthy,No,High
1611,6.4,11.0,3.0,2,5,8.0,Healthy,No,High
1612,3.9,16.8,9.4,1,4,2.0,Healthy,No,Low
1613,8.8,10.4,5.4,4,3,10.0,Unhealthy,No,High
1614,6.8,6.2,7.1,5,1,5.0,Healthy,Yes,Medium
1615,6.6,7.9,5.3,0,1,2.0,Unhealthy,Yes,Low
1616,13.4,9.1,4.6,1,4,3.0,Unhealthy,Yes,Low
1617,7.6,8.0,7.0,5,4,3.0,Healthy,Yes,Low
1618,5.5,11.7,8.1,1,2,5.0,Unhealthy,No,Medium
1619,6.1,9.7,6.9,2,4,8.0,Unhealthy,Yes,High
1620,9.3,11.7,4.9,2,3,3.0,Unhealthy,Yes,Low
1621,7.2,8.1,13.2,5,5,7.0,Unhealthy,Yes,High
1622,4.1,13.0,8.4,5,4,5.0,Unhealthy,Yes,Medium
1623,8.8,8.5,7.9,4,3,10.0,Healthy,No,High
1624,5.7,6.1,5.3,3,0,,Unhealthy,No,High
1625,10.7,15.5,4.7,5,4,10.0,Unhealthy,No,High
1626,9.2,3.5,5.4,2,0,4.0,Unhealthy,No,Medium
1627,6.1,6.8,8.2,4,5,,Healthy,Yes,Low
1628,9.6,7.1,4.0,1,1,6.0,Unhealthy,No,Medium
1629,7.1,16.5,3.9,3,5,4.0,Healthy,Yes,Medium
1630,8.7,14.4,7.1,0,4,4.0,Healthy,No,Medium
1631,8.0,13.5,6.6,1,1,5.0,Unhealthy,Yes,Medium
1632,5.3,8.0,4.5,4,5,9.0,Healthy,Yes,High
1633,5.7,16.3,3.8,0,0,1.0,Healthy,Yes,Low
1634,9.1,10.1,8.9,1,1,5.0,Healthy,No,Medium
1635,6.3,11.9,6.7,2,0,5.0,Healthy,Yes,Medium
1636,6.2,9.5,3.3,4,2,2.0,Unhealthy,Yes,Low
1637,5.1,8.9,3.4,0,5,3.0,Healthy,Yes,Low
1638,7.8,8.2,5.3,5,5,4.0,Healthy,Yes,Medium
1639,11.1,8.4,7.5,2,0,1.0,Unhealthy,No,Low
1640,4.9,10.8,7.2,5,2,10.0,Healthy,No,High
1641,7.0,10.1,8.3,5,1,3.0,Healthy,Yes,Low
1642,9.8,8.9,3.0,0,0,1.0,Healthy,No,Low
1643,6.8,13.5,6.4,3,2,1.0,Healthy,No,Low
1644,7.9,0.1,8.9,3,0,9.0,Healthy,no,High
1645,4.9,10.5,8.7,4,3,4.0,Unhealthy,Yes,Medium
1646,7.9,11.2,6.7,0,5,4.0,Unhealthy,No,Medium
1647,6.6,12.4,10.7,3,3,4.0,Healthy,No,Medium
1648,9.0,8.8,7.2,1,1,9.0,Healthy,No,High
1649,9.4,9.6,8.1,1,3,8.0,Unhealthy,No,High
1650,12.2,12.0,6.1,3,5,4.0,Unhealthy,No,Medium
1651,8.2,13.5,4.4,5,4,6.0,Healthy,No,Medium
1652,7.7,8.1,4.2,5,2,2.0,Unhealthy,Yes,Low
1653,7.4,9.8,6.4,3,5,6.0,Unhealthy,No,Medium
1654,6.3,24.0,5.6,4,5,1.0,Unhealthy,Yes,Low
1655,7.7,2.6,2.5,5,4,5.0,Healthy,Yes,Medium
1656,6.4,6.9,3.9,4,3,8.0,Healthy,No,High
1657,7.3,13.4,5.4,1,1,1.0,Healthy,No,Low
1658,9.6,12.3,7.5,2,4,2.0,Unhealthy,Yes,Low
1659,5.0,10.6,,0,5,3.0,Healthy,No,Low
1660,9.3,7.7,5.9,2,1,7.0,Unhealthy,No,High
1661,9.6,6.4,4.0,4,0,8.0,Healthy,Yes,High
1662,6.8,7.2,6.0,5,5,4.0,Healthy,No,Medium
1663,2.8,13.6,,2,4,8.0,Unhealthy,Yes,High
1664,5.8,7.1,6.3,4,0,1.0,Healthy,Yes,Low
1665,9.6,9.3,3.0,2,4,3.0,Unhealthy,No,Low
1666,7.0,6.7,3.5,1,2,4.0,Healthy,Yes,Medium
1667,5.0,11.5,7.2,4,1,5.0,Healthy,Yes,Medium
1668,6.0,7.4,5.6,1,0,9.0,Unhealthy,Yes,High
1669,8.7,8.7,5.9,2,3,2.0,Unhealthy,No,Low
1670,8.1,3.9,4.8,3,4,7.0,Healthy,No,High
1671,6.5,4.2,7.0,3,5,3.0,Unhealthy,No,Low
1672,6.3,9.0,5.4,0,0,10.0,Healthy,No,High
1673,6.2,5.0,5.6,3,4,2.0,Healthy,Yes,Low
1674,5.2,15.3,4.3,0,4,9.0,Healthy,Yes,High
1675,10.2,2.8,7.8,2,4,3.0,Unhealthy,No,Low
1676,6.4,6.6,5.6,0,0,8.0,Unhealthy,Yes,High
1677,9.4,9.1,7.2,0,0,1.0,Healthy,Yes,Low
1678,10.0,7.9,3.6,0,4,5.0,Healthy,No,Medium
1679,9.0,5.7,9.5,1,3,5.0,Unhealthy,No,Medium
1680,6.1,6.1,8.6,0,5,6.0,Healthy,No,Medium
1681,7.8,6.0,2.2,5,1,7.0,Healthy,Yes,High
1682,7.0,8.1,4.4,4,4,3.0,Unhealthy,No,Low
1683,5.2,14.9,7.0,2,3,5.0,Healthy,No,Medium
1684,7.6,9.2,3.4,1,1,8.0,Unhealthy,Yes,High
1685,4.6,12.5,5.7,4,4,6.0,Unhealthy,No,Medium
1686,9.4,10.5,6.9,2,1,2.0,Unhealthy,No,Low
1687,6.1,12.3,5.6,1,4,7.0,Healthy,Yes,High
1688,7.4,0.6,7.1,2,0,3.0,Unhealthy,No,Low
1689,7.6,8.1,4.6,3,4,10.0,Healthy,No,High
1690,6.5,12.9,1.5,2,4,9.0,Unhealthy,Yes,High
1691,8.2,7.3,8.0,3,4,4.0,Unhealthy,No,Medium
1692,6.1,14.3,8.0,3,4,4.0,Healthy,No,Medium
1693,8.7,13.5,11.0,5,3,4.0,Unhealthy,Yes,Medium
1694,4.3,7.6,1.6,2,2,10.0,Unhealthy,Yes,High
1695,7.3,7.5,7.5,3,3,10.0,Unhealthy,No,High
1696,10.9,6.0,2.1,5,3,8.0,Healthy,Yes,High
1697,5.0,7.1,9.5,1,0,1.0,Healthy,Yes,Low
1698,5.6,5.3,7.0,3,4,3.0,Healthy,No,Low
1699,8.0,10.3,4.1,0,3,8.0,Unhealthy,Yes,High
1700,7.4,4.6,7.6,1,1,7.0,Unhealthy,No,High
1701,7.7,10.8,4.9,5,4,6.0,Healthy,No,Medium
1702,8.0,10.9,6.6,1,0,7.0,Unhealthy,Yes,High
1703,8.3,4.0,6.4,1,5,1.0,Unhealthy,Yes,Low
1704,9.2,13.6,9.5,0,5,8.0,Healthy,Yes,High
1705,7.8,10.5,9.6,0,0,4.0,Unhealthy,No,Medium
1706,6.5,11.2,4.8,0,1,1.0,Unhealthy,Yes,Low
1707,8.3,6.7,8.1,0,5,4.0,Healthy,No,Medium
1708,10.8,10.9,6.7,5,0,2.0,Unhealthy,Yes,Low
1709,6.7,12.4,3.2,0,5,5.0,Unhealthy,No,Medium
1710,5.1,8.7,4.6,5,4,1.0,Unhealthy,No,Low
1711,9.2,15.0,10.7,5,2,1.0,Unhealthy,Yes,Low
1712,6.8,9.1,6.7,4,2,5.0,Unhealthy,No,Medium
1713,2.7,12.4,8.0,4,3,2.0,Unhealthy,No,Low
1714,8.7,9.9,5.6,0,0,9.0,Unhealthy,No,High
1715,5.9,10.8,4.9,5,4,10.0,Unhealthy,Yes,High
1716,6.8,4.0,6.1,1,1,7.0,Unhealthy,Yes,High
1717,7.7,10.1,5.5,3,1,4.0,Unhealthy,Yes,Medium
1718,7.4,6.8,3.0,3,4,7.0,Unhealthy,Yes,High
1719,8.4,6.5,4.0,4,4,8.0,Healthy,Yes,High
1720,6.1,14.2,7.4,0,1,8.0,Unhealthy,Yes,High
1721,8.0,8.4,5.2,2,0,8.0,Healthy,Yes,High
1722,6.5,6.0,6.1,3,5,5.0,Unhealthy,No,Medium
1723,8.5,7.9,6.5,5,3,7.0,Unhealthy,No,High
1724,8.2,5.1,6.6,5,3,7.0,Unhealthy,Yes,High
1725,5.1,13.3,8.3,3,3,2.0,Healthy,No,Low
1726,9.2,6.9,3.8,1,4,3.0,Unhealthy,Yes,Low
1727,5.9,10.6,7.1,3,1,2.0,Healthy,No,Low
1728,8.6,13.1,7.5,4,1,3.0,Unhealthy,Yes,Low
1729,7.7,7.5,8.0,0,1,9.0,Healthy,No,High
1730,10.7,10.6,3.2,0,5,7.0,Unhealthy,No,High
1731,6.6,5.9,6.5,5,1,4.0,Healthy,No,Medium
1732,6.3,16.3,9.4,3,1,8.0,Healthy,Yes,High
1733,7.0,11.8,5.8,2,2,7.0,Healthy,Yes,High
1734,6.4,8.4,7.0,4,5,10.0,Unhealthy,No,High
1735,8.6,6.7,7.6,5,4,6.0,Unhealthy,No,Medium
1736,3.8,8.7,3.9,3,5,4.0,Healthy,No,Medium
1737,4.9,8.0,9.7,4,4,5.0,Healthy,Yes,Medium
1738,4.9,14.9,7.0,2,2,10.0,Healthy,Yes,High
1739,8.9,5.3,7.0,5,3,8.0,Healthy,Yes,High
1740,10.4,9.4,2.7,4,0,3.0,Unhealthy,Yes,Low
1741,6.8,8.9,7.6,5,5,3.0,Unhealthy,No,Low
1742,6.7,8.6,7.0,4,4,5.0,Unhealthy,Yes,Medium
1743,7.1,8.7,9.2,4,4,9.0,Unhealthy,No,High
1744,9.3,8.7,5.4,5,2,5.0,Healthy,No,Medium
1745,5.1,11.6,4.0,0,4,1.0,Unhealthy,Yes,Low
1746,7.5,10.8,4.6,2,4,5.0,Unhealthy,Yes,Medium
1747,9.0,10.3,5.0,5,3,9.0,Healthy,Yes,High
1748,8.0,-0.1,,0,2,7.0,Healthy,Yes,High
1749,7.4,9.9,8.6,1,5,9.0,Unhealthy,Yes,High
1750,9.0,4.0,8.7,3,4,10.0,Healthy,No,High
1751,1.6,10.9,5.6,5,1,10.0,Unhealthy,No,High
1752,8.4,13.4,5.2,0,2,5.0,Unhealthy,Yes,Medium
1753,5.7,6.2,20.0,5,3,3.0,Healthy,No,Low
1754,3.3,8.2,7.4,5,5,2.0,Unhealthy,No,Low
1755,8.0,7.2,9.3,5,0,9.0,Healthy,Yes,High
1756,9.7,12.7,4.7,4,4,5.0,Unhealthy,No,Medium
1757,6.7,9.3,5.8,1,1,1.0,Healthy,No,Low
1758,8.9,14.2,6.9,2,1,2.0,Healthy,No,Low
1759,10.2,10.2,9.4,2,0,2.0,Healthy,Yes,Low
1760,9.6,9.7,6.4,5,2,4.0,Healthy,Yes,Medium
1761,10.3,9.2,6.4,0,3,6.0,Healthy,No,Medium
1762,8.5,11.5,6.4,5,4,8.0,Healthy,Yes,High
1763,7.2,3.8,3.1,4,4,3.0,Unhealthy,No,Low
1764,3.8,9.3,3.1,4,5,10.0,Healthy,No,High
1765,6.5,8.8,4.4,5,4,10.0,Unhealthy,Yes,High
1766,5.3,11.2,8.0,2,1,6.0,Healthy,Yes,Medium
1767,11.3,8.4,5.3,4,2,4.0,Healthy,Yes,Medium
1768,6.6,5.9,4.9,3,0,8.0,Healthy,No,High
1769,7.2,9.0,4.9,0,2,9.0,Unhealthy,Yes,High
1770,8.1,5.8,5.7,0,3,9.0,Healthy,No,High
1771,7.1,3.2,9.4,4,3,6.0,Unhealthy,Yes,Medium
1772,10.4,11.2,5.7,2,0,2.0,Unhealthy,Yes,Low
1773,5.8,10.7,4.4,5,1,2.0,Healthy,Yes,Low
1774,7.4,10.4,6.1,3,5,10.0,Healthy,Yes,High
1775,5.5,12.9,9.5,3,0,9.0,Unhealthy,No,High
1776,4.4,7.0,5.0,5,5,5.0,Healthy,Yes,Medium
1777,5.8,4.7,3.6,3,3,7.0,Unhealthy,No,High
1778,6.9,8.8,5.0,1,1,6.0,Healthy,No,Medium
1779,6.1,8.0,6.3,4,2,9.0,Unhealthy,Yes,High
1780,5.6,6.5,7.4,3,3,5.0,Unhealthy,No,Medium
1781,4.2,8.8,8.0,4,1,8.0,Unhealthy,No,High
1782,6.8,7.2,20.0,2,1,4.0,Healthy,No,Medium
1783,4.0,3.5,4.1,2,4,7.0,Unhealthy,Yes,High
1784,8.5,7.7,5.4,5,2,9.0,Unhealthy,Yes,High
1785,7.2,5.6,7.4,2,1,2.0,Unhealthy,Yes,Low
1786,4.1,9.7,3.5,1,0,9.0,Healthy,Yes,High
1787,6.4,7.0,4.8,2,5,8.0,Healthy,No,High
1788,5.5,12.3,4.8,4,2,10.0,Unhealthy,No,High
1789,7.6,13.8,7.9,0,2,1.0,Unhealthy,Yes,Low
1790,9.7,11.0,7.1,0,3,10.0,Unhealthy,No,High
1791,3.2,4.3,7.8,4,2,7.0,Healthy,No,High
1792,7.2,13.5,8.7,0,2,5.0,Unhealthy,No,Medium
1793,6.7,13.7,5.4,3,4,5.0,Unhealthy,Yes,Medium
1794,8.3,9.1,3.6,0,2,,Healthy,No,High
1795,7.4,13.0,3.6,1,5,10.0,Healthy,Yes,High
1796,5.5,7.3,2.3,2,5,4.0,Unhealthy,Yes,Medium
1797,6.4,3.4,5.1,0,5,1.0,Unhealthy,No,Low
1798,5.4,6.7,5.2,0,1,6.0,Healthy,No,Medium
1799,9.2,14.2,7.6,5,0,1.0,Unhealthy,No,Low
1800,7.0,4.5,6.0,1,5,1.0,Healthy,No,Low
1801,10.8,9.0,5.0,5,4,8.0,Healthy,No,High
1802,6.9,9.1,5.8,1,4,4.0,Healthy,Yes,Medium
1803,5.6,7.5,3.9,0,4,5.0,Unhealthy,Yes,Medium
1804,4.0,7.7,8.1,3,4,10.0,Unhealthy,No,High
1805,3.4,9.2,4.4,0,3,10.0,Unhealthy,Yes,High
1806,3.8,7.3,3.7,3,4,1.0,Healthy,Yes,Low
1807,7.5,4.7,7.6,5,3,10.0,Unhealthy,Yes,High
1808,8.0,9.6,7.1,2,3,7.0,Healthy,No,High
1809,3.8,12.2,2.6,4,2,2.0,Unhealthy,No,Low
1810,8.8,11.6,7.7,2,0,6.0,Unhealthy,Yes,Medium
1811,6.0,6.6,4.5,0,2,9.0,Healthy,No,High
1812,7.3,5.2,5.3,0,3,2.0,Unhealthy,Yes,Low
1813,10.2,8.1,6.4,3,2,6.0,Healthy,Yes,Medium
1814,8.8,13.7,7.2,1,1,5.0,Healthy,No,Medium
1815,6.5,10.9,6.9,5,4,,Healthy,No,Low
1816,5.2,11.1,5.9,5,4,9.0,Unhealthy,Yes,High
1817,2.7,11.7,5.2,5,3,2.0,Healthy,Yes,Low
1818,5.6,10.3,6.8,3,2,1.0,Unhealthy,No,Low
1819,6.6,9.4,5.8,1,1,9.0,Healthy,No,High
1820,,11.0,9.6,1,1,9.0,Healthy,Yes,High
1821,6.7,7.4,7.2,1,5,9.0,Healthy,No,High
1822,7.2,4.8,4.2,1,1,8.0,Healthy,No,High
1823,6.6,11.2,5.0,0,3,4.0,Unhealthy,No,Medium
1824,5.7,12.7,6.1,4,5,9.0,Healthy,Yes,High
1825,7.3,5.6,8.6,5,2,2.0,Healthy,No,Low
1826,7.9,11.5,8.8,4,1,1.0,Unhealthy,Yes,Low
1827,4.8,14.0,5.2,2,1,10.0,Healthy,No,High
1828,9.8,9.0,4.1,2,2,7.0,Healthy,Yes,High
1829,6.8,6.5,3.9,2,2,,Healthy,Yes,Medium
1830,7.0,9.4,6.5,3,4,3.0,Unhealthy,Yes,Low
1831,8.4,7.3,10.6,2,0,2.0,Unhealthy,No,Low
1832,7.5,7.1,7.1,5,0,8.0,Unhealthy,Yes,High
1833,8.9,10.3,2.8,2,1,4.0,Unhealthy,No,Medium
1834,7.6,4.2,4.5,2,2,6.0,Unhealthy,Yes,Medium
1835,,4.7,4.8,0,4,4.0,Unhealthy,Yes,Medium
1836,7.7,9.1,4.4,2,3,9.0,Healthy,Yes,High
1837,4.7,8.9,5.2,4,0,5.0,Healthy,Yes,Medium
1838,7.2,10.0,6.7,0,5,6.0,Unhealthy,Yes,Medium
1839,6.9,14.6,7.4,1,0,9.0,Unhealthy,No,High
1840,6.6,9.3,8.2,3,2,6.0,Healthy,No,Medium
1841,6.7,10.8,7.0,0,3,2.0,Unhealthy,Yes,Low
1842,3.2,6.1,2.1,0,0,1.0,Unhealthy,No,Low
1843,5.9,11.3,3.9,4,4,9.0,Healthy,Yes,High
1844,7.2,7.4,5.7,5,0,2.0,Unhealthy,No,Low
1845,7.3,24.0,6.3,5,2,2.0,Healthy,Yes,Low
1846,4.9,8.7,7.7,2,2,4.0,Healthy,No,Medium
1847,9.5,24.0,6.1,1,5,10.0,Healthy,No,High
1848,5.3,5.1,6.1,4,5,10.0,Unhealthy,no,High
1849,8.9,2.2,6.5,4,3,3.0,Healthy,Yes,Low
1850,7.9,8.4,5.5,0,0,7.0,Unhealthy,No,High
1851,40.0,10.4,6.2,1,3,7.0,Unhealthy,No,High
1852,10.6,9.5,8.3,4,0,3.0,Unhealthy,Yes,Low
1853,4.6,12.7,5.8,5,1,3.0,Unhealthy,No,Low
1854,8.8,10.3,5.9,3,0,9.0,Unhealthy,Yes,High
1855,9.0,7.3,5.9,3,2,7.0,Unhealthy,No,High
1856,5.7,2.0,8.6,4,2,,Unhealthy,Yes,Low
1857,9.8,8.3,3.8,0,1,3.0,Healthy,Yes,Low
1858,6.5,12.1,9.6,3,0,3.0,Healthy,Yes,Low
1859,7.6,7.8,3.6,0,0,9.0,Healthy,Yes,High
1860,7.5,9.1,4.7,2,2,8.0,Healthy,Yes,High
1861,6.7,10.3,7.5,2,1,7.0,Unhealthy,Yes,High
1862,8.6,6.0,8.1,0,2,8.0,Unhealthy,Yes,High
1863,8.6,10.9,3.2,4,1,1.0,Healthy,Yes,Low
1864,3.5,13.9,3.8,2,2,9.0,Healthy,No,High
1865,9.6,8.5,6.6,5,4,5.0,Unhealthy,No,Medium
1866,3.7,5.6,10.7,2,0,5.0,Healthy,No,Medium
1867,9.1,8.8,8.5,5,3,5.0,Unhealthy,No,Medium
1868,9.3,2.3,5.5,3,4,9.0,Unhealthy,Yes,High
1869,4.8,10.0,1.2,4,2,5.0,Healthy,No,Medium
1870,6.2,10.4,6.2,0,1,2.0,Healthy,Yes,Low
1871,4.8,14.0,6.7,2,3,6.0,Healthy,No,Medium
1872,6.6,8.4,5.2,4,1,7.0,Healthy,Yes,High
1873,6.4,10.2,4.3,2,5,7.0,Unhealthy,Yes,High
1874,8.6,6.4,6.3,3,1,7.0,Healthy,No,High
1875,9.6,7.9,4.1,4,5,2.0,Healthy,Yes,Low
1876,9.8,4.4,9.7,1,5,6.0,Unhealthy,Yes,Medium
1877,5.9,8.4,9.0,3,0,9.0,Unhealthy,Yes,High
1878,6.6,8.1,7.3,0,2,1.0,Unhealthy,No,Low
1879,,9.9,6.2,4,0,3.0,Unhealthy,No,Low
1880,5.4,7.1,4.7,5,5,6.0,Unhealthy,No,Medium
1881,,9.3,6.0,2,1,7.0,Unhealthy,No,High
1882,10.2,8.0,9.3,5,0,2.0,Healthy,No,Low
1883,4.5,8.0,7.7,4,4,10.0,Unhealthy,No,High
1884,40.0,9.2,6.4,0,5,8.0,Healthy,Yes,High
1885,6.9,9.1,7.8,5,1,6.0,Healthy,No,Medium
1886,7.6,11.3,7.1,5,1,9.0,Unhealthy,No,High
1887,5.4,8.6,6.8,5,4,9.0,Unhealthy,No,High
1888,7.8,8.0,8.0,4,1,9.0,Unhealthy,Yes,High
1889,6.1,8.5,7.0,2,3,9.0,Unhealthy,No,High
1890,,6.9,7.7,5,3,2.0,Healthy,Yes,Low
1891,8.1,7.9,6.3,3,2,10.0,Unhealthy,Yes,High
1892,7.0,15.1,5.5,3,2,10.0,Unhealthy,Yes,High
1893,6.1,6.3,4.9,2,0,7.0,Healthy,Yes,High
1894,6.8,8.2,4.7,1,0,5.0,Unhealthy,No,Medium
1895,6.8,7.8,2.8,1,4,9.0,Unhealthy,No,High
1896,6.3,8.3,4.2,3,4,1.0,Healthy,No,Low
1897,6.5,8.0,4.1,5,5,10.0,Healthy,Yes,High
1898,10.2,9.8,5.0,0,1,7.0,Unhealthy,Yes,High
1899,8.1,3.9,9.1,4,2,10.0,healthy,Yes,High
1900,6.4,12.1,5.7,2,5,5.0,Unhealthy,No,Medium
1901,8.4,10.9,6.5,0,2,9.0,Unhealthy,Yes,High
1902,6.3,5.3,6.5,5,2,7.0,Healthy,No,High
1903,9.3,2.2,9.2,4,2,4.0,Healthy,Yes,Medium
1904,7.7,6.1,4.8,3,0,8.0,Healthy,No,High
1905,6.8,8.3,5.6,2,3,9.0,Healthy,No,High
1906,7.9,16.7,5.8,0,5,9.0,Unhealthy,Yes,High
1907,3.9,10.6,8.3,4,4,10.0,Unhealthy,No,High
1908,,3.6,8.7,3,4,4.0,Unhealthy,Yes,Medium
1909,4.6,6.9,6.9,3,2,6.0,Healthy,No,Medium
1910,7.3,8.8,8.5,4,2,4.0,Unhealthy,No,Medium
1911,10.5,9.8,6.4,1,0,1.0,Healthy,Yes,Low
1912,11.5,5.1,5.7,1,0,6.0,Healthy,Yes,Medium
1913,8.3,8.6,8.4,4,4,8.0,Healthy,No,High
1914,8.0,6.8,7.0,4,2,6.0,Healthy,Yes,Medium
1915,3.4,5.7,4.5,4,2,3.0,Unhealthy,No,Low
1916,5.9,9.8,8.0,3,5,8.0,Unhealthy,No,High
1917,5.4,11.3,5.6,5,4,10.0,Healthy,No,High
1918,5.8,11.5,5.3,5,0,9.0,Unhealthy,No,High
1919,6.7,10.7,7.8,2,5,1.0,Healthy,No,Low
1920,6.1,7.5,5.8,3,4,6.0,Unhealthy,No,Medium
1921,3.0,11.1,6.8,3,0,10.0,Unhealthy,Yes,High
1922,,9.9,7.3,1,0,8.0,Unhealthy,Yes,High
1923,4.9,9.4,4.4,4,5,2.0,Healthy,No,Low
1924,7.5,7.2,6.8,3,5,4.0,Healthy,Yes,Medium
1925,,7.5,8.7,3,0,1.0,Unhealthy,No,Low
1926,5.2,9.2,4.1,4,2,4.0,Unhealthy,No,Medium
1927,1.9,16.3,6.9,5,4,2.0,Unhealthy,Yes,Low
1928,6.4,9.9,4.3,2,0,3.0,Healthy,Yes,Low
1929,9.2,7.2,8.0,1,3,4.0,Unhealthy,Yes,Medium
1930,10.9,6.5,8.0,0,0,3.0,Unhealthy,Yes,Low
1931,4.5,7.5,5.3,5,0,6.0,Healthy,Yes,Medium
1932,8.0,15.5,10.4,3,5,7.0,Unhealthy,No,High
1933,6.1,7.8,8.2,2,0,7.0,Unhealthy,No,High
1934,6.8,11.7,7.4,0,1,1.0,Unhealthy,Yes,Low
1935,12.3,7.9,7.3,5,5,5.0,Unhealthy,Yes,Medium
1936,4.0,9.8,8.0,5,3,3.0,Healthy,Yes,Low
1937,7.5,11.4,4.0,4,2,1.0,Unhealthy,Yes,Low
1938,7.9,7.3,6.4,0,5,1.0,Unhealthy,No,Low
1939,9.2,7.1,6.8,4,4,2.0,Healthy,Yes,Low
1940,7.2,14.0,5.2,5,4,10.0,Healthy,Yes,High
1941,7.6,12.0,6.9,5,5,8.0,Unhealthy,No,High
1942,6.2,11.4,8.5,5,4,4.0,Healthy,Yes,Medium
1943,7.5,11.4,5.2,2,5,10.0,Healthy,Yes,High
1944,6.3,10.4,5.9,5,2,3.0,Healthy,Yes,Low
1945,8.2,15.1,4.4,0,0,8.0,Unhealthy,No,High
1946,6.3,9.1,2.4,1,3,2.0,Healthy,No,Low
1947,7.8,10.7,7.6,2,4,9.0,Healthy,Yes,High
1948,6.9,4.6,5.9,0,1,4.0,Healthy,No,Medium
1949,9.3,6.5,6.1,3,1,9.0,Unhealthy,No,High
1950,6.9,5.4,4.0,0,3,1.0,Healthy,No,Low
1951,3.5,12.8,5.6,0,4,5.0,Unhealthy,No,Medium
1952,9.5,1.3,8.2,1,0,10.0,Unhealthy,Yes,High
1953,5.2,7.8,6.0,2,4,7.0,Healthy,No,High
1954,5.7,0.0,6.1,3,0,4.0,Unhealthy,No,Medium
1955,5.8,6.5,6.4,5,4,5.0,Unhealthy,No,Medium
1956,9.7,7.5,3.5,2,1,9.0,Unhealthy,No,High
1957,2.7,13.2,7.2,2,2,6.0,Unhealthy,No,Medium
1958,13.3,10.2,3.5,3,5,6.0,Healthy,No,Medium
1959,9.1,6.5,4.1,3,3,2.0,Unhealthy,Yes,Low
1960,7.4,12.2,3.9,1,0,1.0,Unhealthy,Yes,Low
1961,6.9,9.1,5.6,4,2,4.0,Healthy,Yes,Medium
1962,7.6,9.1,5.3,1,0,10.0,Unhealthy,Yes,High
1963,8.0,5.4,6.0,5,3,3.0,Healthy,Yes,Low
1964,8.3,6.0,4.2,3,2,7.0,Healthy,Yes,High
1965,8.1,6.5,8.0,0,2,7.0,Healthy,No,High
1966,7.2,9.1,7.7,0,5,6.0,Healthy,Yes,Medium
1967,6.6,9.2,5.7,2,5,5.0,Healthy,Yes,Medium
1968,6.7,13.6,5.0,2,3,3.0,Unhealthy,No,Low
1969,6.6,10.2,4.8,4,3,4.0,Unhealthy,No,Medium
1970,9.3,0.9,5.4,4,0,5.0,Healthy,No,Medium
1971,8.2,9.8,,4,2,4.0,Unhealthy,No,Medium
1972,1.1,4.6,4.1,4,3,3.0,Healthy,No,Low
1973,8.3,6.1,7.7,0,5,2.0,Unhealthy,No,Low
1974,7.4,6.6,6.6,3,0,5.0,Unhealthy,Yes,Medium
1975,7.0,7.0,9.3,5,4,2.0,Healthy,Yes,Low
1976,6.2,4.9,5.4,5,5,2.0,Healthy,No,Low
1977,9.2,9.6,5.3,4,3,2.0,Unhealthy,No,Low
1978,8.9,4.8,5.2,1,5,2.0,Healthy,No,Low
1979,5.5,10.1,5.4,5,5,8.0,Unhealthy,Yes,High
1980,,15.7,4.7,4,2,7.0,Unhealthy,No,High
1981,5.1,5.0,6.5,0,4,9.0,Unhealthy,No,High
1982,4.2,8.1,6.1,2,3,3.0,Unhealthy,No,Low
1983,5.7,1.4,5.0,1,1,1.0,Unhealthy,Yes,Low
1984,8.7,8.1,8.5,4,2,6.0,Unhealthy,Yes,Medium
1985,8.9,10.9,9.8,0,5,9.0,Healthy,No,High
1986,8.0,11.2,8.3,2,2,1.0,Unhealthy,Yes,Low
1987,8.5,9.2,7.1,4,0,1.0,Healthy,No,Low
1988,8.0,11.7,7.5,0,1,4.0,Unhealthy,No,Medium
1989,5.7,16.6,9.7,0,3,10.0,Unhealthy,No,High
1990,7.9,14.1,7.5,3,1,1.0,Unhealthy,Yes,Low
1991,8.6,7.4,4.8,0,5,9.0,Unhealthy,No,High
1992,8.5,4.6,6.8,4,3,6.0,Healthy,Yes,Medium
1993,9.4,7.8,7.3,0,0,5.0,Healthy,No,Medium
1994,8.4,6.2,4.0,1,5,5.0,Healthy,Yes,Medium
1995,7.7,10.4,5.4,0,5,2.0,Unhealthy,Yes,Low
1996,9.1,5.5,8.2,0,4,3.0,Unhealthy,No,Low
1997,6.9,8.8,2.4,5,1,7.0,Unhealthy,No,High
1998,5.2,11.5,3.5,1,2,4.0,Healthy,Yes,Medium
1999,6.7,8.7,5.6,4,3,6.0,Healthy,Yes,Medium
2000,5.5,6.2,6.7,2,1,8.0,Unhealthy,Yes,High
2001,5.6,12.5,3.3,3,3,1.0,Unhealthy,No,Low
2002,6.7,3.4,5.7,5,1,6.0,Healthy,No,Medium
2003,5.4,8.0,8.3,2,2,1.0,Healthy,Yes,Low
2004,6.4,8.9,6.1,4,3,8.0,Unhealthy,No,High
2005,3.2,9.0,7.9,4,3,,Healthy,Yes,Medium
2006,7.4,9.5,4.8,5,4,5.0,Healthy,Yes,Medium
2007,7.0,10.8,4.4,1,0,10.0,Healthy,No,High
2008,5.4,8.9,7.7,2,1,2.0,Unhealthy,No,Low
2009,8.3,7.9,6.7,0,2,3.0,Unhealthy,No,Low
2010,8.9,7.8,3.6,1,4,7.0,Healthy,Yes,High
2011,3.8,7.2,4.4,1,4,7.0,Unhealthy,No,High
2012,5.5,11.4,9.1,3,0,8.0,Unhealthy,Yes,High
2013,5.5,7.1,4.2,1,2,3.0,Unhealthy,Yes,Low
2014,5.1,24.0,7.9,2,5,2.0,Healthy,No,Low
2015,8.7,9.1,5.0,4,1,,Unhealthy,No,Low
2016,6.6,7.4,6.0,5,3,6.0,Healthy,No,Medium
2017,6.5,10.9,6.6,3,0,2.0,Unhealthy,Yes,Low
2018,3.0,6.8,1.8,5,3,4.0,Unhealthy,No,Medium
2019,8.3,10.9,3.1,5,4,9.0,Unhealthy,Yes,High
2020,4.5,9.6,6.2,0,3,10.0,Healthy,Yes,High
2021,7.1,7.2,4.6,2,1,3.0,Healthy,Yes,Low
2022,7.6,10.6,8.0,0,5,1.0,Unhealthy,No,Low
2023,9.7,10.6,2.8,1,1,2.0,Unhealthy,No,Low
2024,4.4,12.5,7.1,2,5,10.0,Unhealthy,No,High
2025,1.0,11.9,3.2,5,3,10.0,Healthy,Yes,High
2026,7.4,10.5,5.3,3,3,7.0,Healthy,Yes,High
2027,10.6,5.6,3.9,5,0,9.0,Unhealthy,Yes,High
2028,9.5,16.3,9.8,3,5,9.0,Healthy,No,High
2029,7.4,4.8,3.3,0,1,4.0,Unhealthy,No,Medium
2030,6.0,11.8,5.8,4,3,8.0,Healthy,Yes,High
2031,8.6,10.3,2.5,5,2,,Unhealthy,Yes,Low
2032,5.1,5.5,9.2,3,0,6.0,Unhealthy,Yes,Medium
2033,8.0,8.6,6.8,0,0,8.0,Unhealthy,Yes,High
2034,8.0,8.8,6.3,4,0,2.0,Unhealthy,Yes,Low
2035,9.1,12.9,,2,0,8.0,Unhealthy,Yes,High
2036,12.5,6.9,6.3,3,5,4.0,Healthy,No,Medium
2037,7.8,8.2,6.4,3,5,2.0,Healthy,Yes,Low
2038,6.0,2.0,6.3,5,3,4.0,Healthy,No,Medium
2039,6.9,14.2,7.1,5,4,8.0,Unhealthy,Yes,High
2040,3.5,5.8,5.0,0,2,4.0,Healthy,Yes,Medium
2041,5.6,10.0,5.6,3,4,8.0,Healthy,No,High
2042,6.2,8.7,7.6,0,4,7.0,Unhealthy,No,High
2043,6.0,8.7,6.6,3,3,,Unhealthy,No,Medium
2044,7.3,11.4,5.8,0,0,8.0,Unhealthy,No,High
2045,5.4,14.0,3.2,3,0,2.0,Unhealthy,Yes,Low
2046,9.2,9.8,9.0,2,3,3.0,Healthy,Yes,Low
2047,7.0,11.0,4.7,5,3,4.0,Unhealthy,Yes,Medium
2048,7.0,10.0,8.0,2,5,10.0,Unhealthy,Yes,High
2049,6.3,12.1,6.4,0,1,5.0,Unhealthy,No,Medium
2050,7.3,7.6,3.4,2,0,5.0,Unhealthy,Yes,Medium
2051,8.7,12.2,8.5,0,2,1.0,Healthy,No,Low
2052,5.3,12.3,6.5,5,1,1.0,Unhealthy,Yes,Low
2053,5.7,12.2,8.7,0,4,1.0,Healthy,Yes,Low
2054,6.4,7.0,5.6,5,5,5.0,Unhealthy,No,Medium
2055,4.3,8.5,7.4,1,5,2.0,Healthy,Yes,Low
2056,5.4,9.7,2.5,2,0,3.0,Unhealthy,Yes,Low
2057,6.0,4.9,5.0,1,3,8.0,Unhealthy,No,High
2058,8.7,13.8,3.5,5,3,10.0,Unhealthy,Yes,High
2059,7.5,9.0,5.3,5,3,8.0,Unhealthy,Yes,High
2060,7.4,9.9,6.9,1,0,10.0,Unhealthy,Yes,High
2061,8.7,7.3,4.8,5,5,2.0,Unhealthy,No,Low
2062,6.7,5.0,7.7,3,2,8.0,Unhealthy,No,High
2063,7.8,7.2,,0,3,9.0,Healthy,Yes,High
2064,6.8,9.7,7.8,4,5,10.0,Healthy,Yes,High
2065,7.5,11.0,8.6,1,0,10.0,Unhealthy,Yes,High
2066,5.8,9.5,8.0,3,4,6.0,Healthy,Yes,Medium
2067,2.1,10.0,5.3,2,1,1.0,Healthy,No,Low
2068,6.7,8.0,1.7,4,0,3.0,Healthy,No,Low
2069,9.8,10.5,7.2,5,0,5.0,Unhealthy,No,Medium
2070,8.9,13.4,5.7,0,5,3.0,Unhealthy,Yes,Low
2071,8.9,11.1,4.0,3,3,3.0,Unhealthy,No,Low
2072,9.5,11.4,4.9,4,1,9.0,Unhealthy,No,High
2073,7.2,9.9,8.9,0,1,5.0,Healthy,Yes,Medium
2074,7.4,4.5,3.7,0,3,8.0,Unhealthy,No,High
2075,5.8,5.9,6.9,4,2,7.0,Healthy,Yes,High
2076,6.4,10.4,6.4,3,0,4.0,Unhealthy,Yes,Medium
2077,8.2,9.0,5.3,5,3,3.0,Unhealthy,Yes,Low
2078,9.4,10.3,7.3,4,5,3.0,Unhealthy,No,Low
2079,6.7,14.0,9.3,1,2,2.0,Healthy,No,Low
2080,6.1,11.2,5.4,0,3,5.0,Unhealthy,Yes,Medium
2081,7.0,12.8,5.5,2,4,2.0,Healthy,No,Low
2082,8.2,9.3,7.2,5,2,2.0,Unhealthy,No,Low
2083,4.1,6.6,7.8,4,5,4.0,Healthy,Yes,Medium
2084,2.4,8.8,5.7,4,2,6.0,Unhealthy,No,Medium
2085,5.9,6.6,5.4,0,1,6.0,Healthy,No,Medium
2086,4.6,13.7,,0,0,8.0,Unhealthy,Yes,High
2087,6.0,11.4,4.4,4,3,6.0,Unhealthy,Yes,Medium
2088,6.7,10.6,3.7,2,5,6.0,Unhealthy,no,Medium
2089,6.1,12.7,7.4,0,5,4.0,Unhealthy,Yes,Medium
2090,9.9,2.9,5.5,0,3,5.0,Unhealthy,Yes,Medium
2091,7.7,10.8,5.4,1,0,7.0,Unhealthy,Yes,High
2092,7.6,5.1,6.0,3,5,10.0,Healthy,No,High
2093,8.2,9.0,4.3,1,5,9.0,Healthy,Yes,High
2094,4.7,8.1,9.1,2,0,4.0,Unhealthy,Yes,Medium
2095,9.1,11.0,8.6,3,5,10.0,Healthy,No,High
2096,6.8,9.7,9.2,4,5,1.0,Healthy,No,Low
2097,8.3,13.0,7.4,2,5,6.0,Unhealthy,No,Medium
2098,4.9,7.2,5.9,2,1,2.0,Healthy,No,Low
2099,3.9,11.1,9.2,1,0,7.0,Unhealthy,Yes,High
2100,8.6,9.5,4.6,3,4,6.0,Unhealthy,No,Medium
2101,7.8,4.1,4.3,2,1,9.0,Healthy,Yes,High
2102,5.2,6.2,4.8,3,2,6.0,Unhealthy,Yes,Medium
2103,5.3,8.6,7.0,5,0,6.0,Healthy,No,Medium
2104,9.3,12.3,4.5,4,2,4.0,Unhealthy,No,Medium
2105,4.6,10.4,5.7,3,1,9.0,Healthy,No,High
2106,10.3,5.5,2.8,1,5,3.0,Unhealthy,Yes,Low
2107,5.2,8.6,7.0,1,4,1.0,Unhealthy,Yes,Low
2108,8.3,15.1,3.0,2,4,10.0,Healthy,No,High
2109,6.3,9.3,4.1,3,0,8.0,Healthy,Yes,High
2110,8.2,8.0,8.4,1,4,8.0,Unhealthy,Yes,High
2111,5.9,10.5,8.4,0,5,1.0,Unhealthy,No,Low
2112,,11.3,6.7,1,3,9.0,Unhealthy,No,High
2113,7.1,7.6,6.6,4,5,2.0,Unhealthy,No,Low
2114,5.0,10.5,4.9,0,1,6.0,Healthy,No,Medium
2115,8.5,8.0,4.5,3,5,9.0,Healthy,Yes,High
2116,6.0,11.2,5.3,5,4,6.0,Healthy,No,Medium
2117,6.5,9.5,3.0,2,1,7.0,Unhealthy,No,High
2118,5.0,10.4,6.5,0,1,9.0,Healthy,Yes,High
2119,1.9,6.7,6.1,1,5,5.0,Healthy,No,Medium
2120,6.6,6.5,4.1,2,5,1.0,Unhealthy,Yes,Low
2121,11.8,11.8,9.1,5,3,9.0,Healthy,Yes,High
2122,8.6,8.8,7.2,5,5,10.0,Unhealthy,Yes,High
2123,7.0,9.9,7.4,2,5,7.0,Healthy,Yes,High
2124,6.5,8.1,5.0,2,0,8.0,Unhealthy,No,High
2125,7.0,11.7,6.0,2,1,2.0,Unhealthy,Yes,Low
2126,8.1,7.2,7.3,3,3,5.0,Healthy,No,Medium
2127,4.6,8.6,6.3,3,4,8.0,Unhealthy,Yes,High
2128,9.2,11.4,9.2,3,2,7.0,Unhealthy,Yes,High
2129,8.4,12.5,5.6,1,0,7.0,Unhealthy,No,High
2130,8.4,7.4,5.0,3,5,4.0,Healthy,Yes,Medium
2131,7.9,14.9,7.3,2,2,2.0,Healthy,No,Low
2132,7.0,9.9,3.5,0,3,10.0,Unhealthy,Yes,High
2133,8.3,5.9,7.8,0,1,3.0,Unhealthy,Yes,Low
2134,8.2,10.1,3.4,5,3,9.0,Unhealthy,Yes,High
2135,6.3,7.9,7.3,0,0,4.0,Unhealthy,Yes,Medium
2136,5.9,10.3,4.7,0,0,1.0,Unhealthy,No,Low
2137,7.2,8.9,7.0,0,4,10.0,Healthy,No,High
2138,10.1,9.2,7.8,5,3,4.0,Unhealthy,Yes,Medium
2139,4.5,6.3,6.3,4,0,8.0,Unhealthy,No,High
2140,4.1,12.0,3.6,0,3,8.0,Unhealthy,No,High
2141,7.3,5.5,4.2,0,4,10.0,Unhealthy,Yes,High
2142,7.1,5.7,4.5,0,4,10.0,Healthy,No,High
2143,7.3,10.1,2.2,5,3,2.0,Healthy,Yes,Low
2144,7.5,13.8,8.3,1,5,10.0,Healthy,No,High
2145,6.6,7.9,,4,0,4.0,Unhealthy,Yes,Medium
2146,10.0,11.1,3.7,0,1,7.0,Unhealthy,No,High
2147,3.8,12.2,8.9,5,5,8.0,Unhealthy,Yes,High
2148,5.3,11.4,4.6,5,1,1.0,Unhealthy,No,Low
2149,6.8,8.1,6.5,3,5,8.0,Healthy,No,High
2150,3.7,5.7,4.3,1,4,1.0,Unhealthy,No,Low
2151,6.6,2.4,2.0,5,0,6.0,Healthy,No,Medium
2152,10.3,8.2,3.3,5,4,,Unhealthy,Yes,Medium
2153,7.0,12.5,5.1,4,4,10.0,Healthy,No,High
2154,7.5,5.6,,3,4,7.0,Healthy,Yes,High
2155,4.5,11.1,6.7,3,4,6.0,Healthy,No,Medium
2156,5.8,6.1,6.3,1,3,10.0,Healthy,No,High
2157,6.2,9.3,2.0,5,3,1.0,Healthy,No,Low
2158,6.4,11.1,8.5,3,0,6.0,Unhealthy,No,Medium
2159,9.6,7.0,6.4,2,5,3.0,Unhealthy,Yes,Low
2160,8.1,9.5,5.8,1,0,6.0,Healthy,Yes,Medium
2161,4.8,7.8,8.3,1,2,7.0,Healthy,No,High
2162,7.5,11.1,8.5,2,1,6.0,Unhealthy,No,Medium
2163,8.0,9.7,8.3,1,3,9.0,Healthy,Yes,High
2164,9.3,9.2,5.5,3,0,9.0,Unhealthy,No,High
2165,10.2,13.7,4.0,3,5,8.0,Healthy,No,High
2166,5.0,11.0,8.0,3,4,5.0,Unhealthy,No,Medium
2167,5.4,6.9,3.3,2,3,10.0,Healthy,Yes,High
2168,4.5,8.7,9.9,3,1,3.0,Unhealthy,Yes,Low
2169,6.5,8.8,6.1,2,3,4.0,Unhealthy,Yes,Medium
2170,7.9,9.2,3.9,2,5,10.0,Healthy,No,High
2171,9.0,16.6,20.0,2,1,8.0,Unhealthy,Yes,High
2172,6.8,10.1,3.4,1,2,9.0,Healthy,No,High
2173,6.4,2.9,6.3,4,0,8.0,Unhealthy,Yes,High
2174,7.3,7.4,6.0,5,5,10.0,Unhealthy,Yes,High
2175,5.3,3.2,3.5,2,1,3.0,Unhealthy,No,Low
2176,11.2,8.0,5.3,3,2,7.0,Healthy,No,High
2177,3.8,3.0,3.3,2,5,8.0,Healthy,Yes,High
2178,7.4,6.4,7.2,5,5,3.0,Healthy,Yes,Low
2179,11.0,4.4,5.9,0,3,1.0,Unhealthy,Yes,Low
2180,7.0,10.2,5.2,1,0,7.0,Healthy,Yes,High
2181,6.6,9.0,3.4,3,1,3.0,Unhealthy,No,Low
2182,6.3,9.9,5.4,1,5,1.0,Healthy,No,Low
2183,6.6,8.7,5.2,1,5,7.0,Unhealthy,Yes,High
2184,,4.8,6.6,0,1,7.0,Healthy,Yes,High
2185,2.6,10.5,6.3,2,5,4.0,Healthy,No,Medium
2186,10.1,14.8,7.6,3,0,2.0,Unhealthy,Yes,Low
2187,4.2,10.2,5.0,4,5,10.0,Healthy,Yes,High
2188,6.5,7.7,2.3,1,3,5.0,Healthy,No,Medium
2189,6.1,4.7,8.0,5,3,9.0,Healthy,Yes,High
2190,8.2,6.3,4.1,4,4,6.0,Unhealthy,Yes,Medium
2191,3.8,10.4,3.8,4,5,10.0,Unhealthy,No,High
2192,7.9,12.2,5.9,2,3,9.0,Healthy,No,High
2193,11.0,9.8,6.6,4,0,1.0,Healthy,No,Low
2194,4.3,11.4,4.9,3,2,2.0,Unhealthy,No,Low
2195,7.4,11.1,4.9,2,0,6.0,Unhealthy,No,Medium
2196,40.0,10.5,5.2,5,1,3.0,Unhealthy,No,Low
2197,7.9,7.0,8.8,4,5,2.0,Unhealthy,No,Low
2198,7.0,9.5,6.0,2,4,,Unhealthy,Yes,Medium
2199,5.7,6.5,4.1,3,4,7.0,Unhealthy,No,High
2200,8.0,9.1,4.1,1,2,4.0,Healthy,No,Medium
2201,10.6,10.0,5.5,0,5,10.0,Unhealthy,No,High
2202,6.6,14.0,6.5,2,1,9.0,Unhealthy,No,High
2203,8.4,5.1,7.0,5,3,,Healthy,No,Low
2204,4.4,10.4,6.2,0,3,2.0,Healthy,No,Low
2205,5.1,13.4,4.3,1,3,5.0,Unhealthy,Yes,Medium
2206,7.9,24.0,5.2,5,0,9.0,Healthy,No,High
2207,10.0,11.5,20.0,3,3,1.0,Unhealthy,Yes,Low
2208,7.7,10.8,3.7,5,1,6.0,Healthy,No,Medium
2209,6.4,12.9,5.1,1,4,8.0,Healthy,Yes,High
2210,7.0,5.7,7.2,0,0,7.0,Healthy,Yes,High
2211,4.5,4.8,7.8,3,3,6.0,Healthy,no,Medium
2212,8.2,9.0,5.6,5,1,3.0,Unhealthy,No,Low
2213,8.8,2.5,5.2,4,2,9.0,Healthy,Yes,High
2214,6.1,12.7,3.4,4,1,5.0,Healthy,Yes,Medium
2215,6.1,12.7,7.1,2,4,1.0,Healthy,No,Low
2216,7.5,7.7,8.6,4,1,9.0,Unhealthy,No,High
2217,6.1,7.9,11.1,5,1,10.0,Healthy,No,High
2218,6.9,8.8,6.8,0,0,9.0,Unhealthy,Yes,High
2219,11.2,9.2,5.9,4,4,,Unhealthy,No,Low
2220,6.5,9.4,4.2,2,3,,Healthy,Yes,High
2221,6.3,10.7,2.2,3,4,9.0,Healthy,Yes,High
2222,5.7,8.5,6.4,4,2,2.0,Unhealthy,No,Low
2223,8.5,11.8,10.7,2,5,10.0,Unhealthy,No,High
2224,6.6,10.3,8.5,4,4,6.0,Healthy,Yes,Medium
2225,5.7,7.2,8.2,4,0,10.0,Unhealthy,Yes,High
2226,9.6,13.0,6.5,5,3,1.0,Healthy,No,Low
2227,9.8,4.9,6.7,0,4,3.0,Healthy,Yes,Low
2228,5.8,8.7,1.2,2,5,5.0,Healthy,No,Medium
2229,3.3,11.9,7.5,2,3,7.0,Unhealthy,No,High
2230,9.0,6.8,4.8,1,0,5.0,Healthy,Yes,Medium
2231,5.6,9.9,4.6,1,1,8.0,Healthy,No,High
2232,8.6,10.6,5.4,2,5,5.0,Healthy,Yes,Medium
2233,3.1,6.4,5.3,5,2,6.0,Healthy,Yes,Medium
2234,8.8,8.8,4.6,0,4,2.0,Healthy,No,Low
2235,4.6,8.5,6.0,4,3,5.0,Healthy,Yes,Medium
2236,8.5,7.3,4.9,3,4,7.0,Healthy,No,High
2237,7.0,15.9,6.2,5,0,1.0,Healthy,No,Low
2238,5.1,6.7,3.0,4,1,10.0,Unhealthy,No,High
2239,6.2,12.0,5.6,3,0,9.0,Unhealthy,No,High
2240,8.4,7.8,3.8,0,5,9.0,Unhealthy,No,High
2241,7.2,5.7,4.7,1,3,8.0,Healthy,No,High
2242,8.2,9.3,6.3,2,4,9.0,Unhealthy,No,High
2243,11.0,10.9,2.8,0,3,5.0,Healthy,No,Medium
2244,3.9,11.8,4.4,3,5,7.0,Unhealthy,No,High
2245,10.2,13.7,7.1,5,5,1.0,Unhealthy,Yes,Low
2246,,17.8,3.2,2,0,7.0,Healthy,No,High
2247,5.2,9.8,9.6,3,4,9.0,Unhealthy,No,High
2248,4.3,7.0,8.4,4,3,3.0,Unhealthy,Yes,Low
2249,6.6,10.4,5.0,4,4,9.0,Healthy,Yes,High
2250,8.8,8.2,4.4,5,2,5.0,Unhealthy,Yes,Medium
2251,6.7,11.8,6.4,4,0,9.0,Unhealthy,No,High
2252,10.0,5.1,3.1,2,0,8.0,Healthy,No,High
2253,4.1,16.1,2.0,1,2,,Unhealthy,Yes,High
2254,7.0,11.6,5.1,1,1,10.0,Healthy,No,High
2255,4.5,3.9,5.7,3,5,6.0,Unhealthy,Yes,Medium
2256,7.7,6.9,6.2,1,3,2.0,Unhealthy,Yes,Low
2257,8.8,11.4,4.8,1,1,7.0,Unhealthy,No,High
2258,6.2,12.5,8.5,3,4,2.0,Healthy,Yes,Low
2259,1.8,5.2,3.0,3,3,6.0,Healthy,No,Medium
2260,7.4,11.1,3.7,3,3,6.0,Unhealthy,No,Medium
2261,7.9,3.2,7.0,2,5,9.0,Unhealthy,No,High
2262,7.8,8.7,3.7,3,3,10.0,Healthy,Yes,High
2263,9.5,12.3,3.6,2,2,4.0,Unhealthy,No,Medium
2264,4.9,7.3,6.2,2,0,9.0,Healthy,No,High
2265,8.4,4.5,3.9,2,2,2.0,Healthy,No,Low
2266,9.4,9.4,5.7,3,2,5.0,Healthy,Yes,Medium
2267,3.4,7.2,4.6,1,2,3.0,Unhealthy,Yes,Low
2268,7.6,10.9,4.3,5,1,6.0,Healthy,Yes,Medium
2269,6.0,6.3,1.8,5,2,2.0,Healthy,Yes,Low
2270,6.8,6.7,6.3,1,0,10.0,Unhealthy,Yes,High
2271,7.7,2.9,3.5,3,3,9.0,Healthy,Yes,High
2272,6.0,9.5,5.7,1,1,4.0,Unhealthy,Yes,Medium
2273,5.6,8.5,5.0,3,5,7.0,Unhealthy,No,High
2274,7.1,5.4,5.6,2,2,5.0,Unhealthy,Yes,Medium
2275,4.8,9.6,5.7,4,2,8.0,Unhealthy,Yes,High
2276,4.8,12.1,6.4,0,3,4.0,Unhealthy,Yes,Medium
2277,8.4,8.4,4.5,5,3,7.0,Unhealthy,Yes,High
2278,4.7,9.8,8.5,3,5,5.0,Healthy,No,Medium
2279,8.3,9.8,2.3,2,1,3.0,Unhealthy,Yes,Low
2280,7.9,5.4,5.5,4,5,8.0,Unhealthy,No,High
2281,3.5,15.2,7.7,2,5,,Unhealthy,Yes,Medium
2282,5.6,7.6,7.0,0,0,4.0,Healthy,Yes,Medium
2283,9.4,11.0,4.1,5,1,9.0,Healthy,No,High
2284,5.0,11.3,4.4,1,3,9.0,Unhealthy,Yes,High
2285,6.1,8.6,4.0,1,0,2.0,Unhealthy,Yes,Low
2286,7.9,10.8,7.2,2,2,10.0,Healthy,Yes,High
2287,8.6,9.7,4.5,0,5,9.0,Unhealthy,No,High
2288,6.5,4.7,6.5,2,2,4.0,Unhealthy,Yes,Medium
2289,5.8,8.0,6.5,1,4,9.0,Healthy,No,High
2290,9.8,7.2,10.7,2,3,10.0,Healthy,Yes,High
2291,10.5,7.6,6.6,4,4,8.0,Healthy,No,High
2292,9.0,5.1,4.4,0,1,10.0,Healthy,Yes,High
2293,7.2,12.4,3.1,1,1,3.0,Healthy,Yes,Low
2294,5.4,13.8,5.4,5,5,10.0,Unhealthy,No,High
2295,5.3,11.9,5.8,5,0,7.0,Unhealthy,No,High
2296,8.0,12.8,,2,5,2.0,Healthy,Yes,Low
2297,7.8,8.0,4.6,0,3,2.0,Healthy,Yes,Low
2298,9.8,7.1,6.6,2,0,4.0,Unhealthy,No,Medium
2299,8.3,6.7,4.9,1,0,10.0,Unhealthy,No,High
2300,4.0,10.9,7.9,0,1,7.0,Healthy,Yes,High
2301,9.1,9.7,2.9,1,1,4.0,Unhealthy,Yes,Medium
2302,5.0,8.8,7.4,4,5,2.0,Unhealthy,No,Low
2303,6.2,12.9,7.8,4,3,2.0,Unhealthy,Yes,Low
2304,7.5,10.2,7.9,5,1,5.0,Unhealthy,No,Medium
2305,11.0,6.5,2.9,3,3,3.0,Healthy,Yes,Low
2306,13.2,7.0,6.6,0,4,3.0,Unhealthy,Yes,Low
2307,8.2,11.0,4.7,4,5,1.0,healthy,Yes,Low
2308,6.6,12.1,3.2,3,2,3.0,Unhealthy,Yes,Low
2309,8.1,10.7,5.2,5,5,4.0,Healthy,Yes,Medium
2310,8.8,14.7,4.2,0,4,6.0,Unhealthy,No,Medium
2311,6.4,13.9,7.8,1,1,6.0,Healthy,No,Medium
2312,10.6,10.3,7.0,2,2,5.0,Healthy,No,Medium
2313,7.5,6.5,3.7,2,2,4.0,Unhealthy,no,Medium
2314,8.0,5.1,4.6,1,5,6.0,Healthy,No,Medium
2315,8.3,7.8,5.2,4,5,5.0,Healthy,Yes,Medium
2316,7.8,11.3,5.9,2,0,10.0,Healthy,Yes,High
2317,8.7,14.5,8.0,1,2,1.0,Healthy,Yes,Low
2318,5.8,10.3,7.4,3,3,2.0,Unhealthy,Yes,Low
2319,5.9,12.5,6.1,3,1,9.0,Unhealthy,No,High
2320,4.8,8.3,5.5,1,1,10.0,Healthy,Yes,High
2321,7.9,10.9,2.5,0,0,4.0,Unhealthy,Yes,Medium
2322,8.6,11.5,8.6,4,5,6.0,Healthy,No,Medium
2323,7.9,3.1,5.1,4,5,5.0,Healthy,Yes,Medium
2324,10.3,7.8,9.1,1,0,2.0,Unhealthy,No,Low
2325,7.0,11.8,6.4,2,1,1.0,Healthy,No,Low
2326,8.3,9.8,10.1,5,0,1.0,Unhealthy,No,Low
2327,4.8,5.4,,4,2,1.0,Unhealthy,No,Low
2328,6.2,1.7,3.1,4,2,6.0,Healthy,Yes,Medium
2329,8.4,7.9,4.8,3,3,10.0,Unhealthy,No,High
2330,8.7,8.8,5.7,3,5,7.0,Unhealthy,Yes,High
2331,6.4,6.3,20.0,3,0,7.0,Unhealthy,Yes,High
2332,6.9,9.4,5.2,5,1,9.0,Unhealthy,No,High
2333,4.0,10.5,3.3,4,5,3.0,Healthy,Yes,Low
2334,6.3,11.0,6.0,4,5,9.0,Unhealthy,Yes,High
2335,8.8,1.9,6.5,5,4,1.0,Healthy,No,Low
2336,8.2,5.1,4.0,4,1,2.0,Unhealthy,No,Low
2337,8.0,8.1,9.9,2,5,7.0,Healthy,Yes,High
2338,7.1,10.7,6.1,2,4,2.0,Healthy,No,Low
2339,7.0,10.5,4.4,2,4,10.0,Healthy,Yes,High
2340,5.7,10.4,2.7,0,3,4.0,Unhealthy,No,Medium
2341,8.4,7.8,6.1,4,4,2.0,Healthy,No,Low
2342,7.8,8.0,5.5,5,2,2.0,Healthy,Yes,Low
2343,8.0,6.8,7.6,4,2,1.0,Healthy,Yes,Low
2344,5.9,11.3,5.7,5,5,9.0,Unhealthy,Yes,High
2345,2.7,6.2,3.6,1,3,10.0,Unhealthy,No,High
2346,9.2,11.6,9.3,1,1,3.0,Unhealthy,No,Low
2347,6.0,9.6,6.9,0,1,1.0,Healthy,Yes,Low
2348,5.3,8.9,5.5,1,5,10.0,Healthy,No,High
2349,8.4,7.0,6.3,2,5,6.0,Healthy,Yes,Medium
2350,6.2,4.9,6.9,0,1,8.0,Healthy,No,High
2351,9.1,7.1,3.1,0,1,7.0,Unhealthy,Yes,High
2352,8.2,8.0,6.3,0,2,7.0,Unhealthy,Yes,High
2353,8.4,1.9,5.1,3,2,,Healthy,No,Low
2354,4.3,8.4,7.0,1,3,4.0,Unhealthy,No,Medium
2355,9.4,11.8,4.5,4,3,6.0,Unhealthy,No,Medium
2356,7.5,10.7,4.8,3,3,2.0,Unhealthy,Yes,Low
2357,6.3,7.5,9.3,5,1,5.0,Unhealthy,Yes,Medium
2358,7.3,9.1,8.5,2,1,5.0,Unhealthy,No,Medium
2359,3.4,7.3,-0.6,3,2,3.0,Unhealthy,Yes,Low
2360,7.8,9.4,8.3,2,2,2.0,Healthy,Yes,Low
2361,4.9,13.6,5.9,4,0,7.0,Healthy,No,High
2362,4.3,11.9,4.6,4,0,8.0,Unhealthy,No,High
2363,4.0,10.6,4.0,1,5,4.0,Unhealthy,No,Medium
2364,9.2,7.5,4.1,5,1,4.0,Unhealthy,Yes,Medium
2365,5.7,11.2,4.6,3,5,9.0,Healthy,Yes,High
2366,10.1,3.9,3.7,4,2,4.0,Healthy,Yes,Medium
2367,5.9,8.2,3.3,2,1,10.0,Unhealthy,Yes,High
2368,3.6,10.8,3.9,4,5,3.0,Healthy,Yes,Low
2369,4.8,11.2,6.6,1,5,1.0,Unhealthy,No,Low
2370,9.5,11.0,6.1,2,4,3.0,Healthy,Yes,Low
2371,6.7,9.9,7.1,0,0,5.0,Healthy,Yes,Medium
2372,5.9,8.4,5.9,5,3,2.0,Healthy,No,Low
2373,7.3,10.6,3.4,1,1,5.0,Healthy,Yes,Medium
2374,8.0,6.1,7.0,1,4,9.0,Unhealthy,Yes,High
2375,9.2,6.5,4.0,0,3,10.0,Unhealthy,No,High
2376,9.9,9.2,7.3,5,5,6.0,Unhealthy,No,Medium
2377,6.3,9.5,,4,4,3.0,Healthy,Yes,Low
2378,4.3,3.5,4.6,1,2,5.0,Healthy,No,Medium
2379,6.2,10.4,5.3,0,2,1.0,Healthy,Yes,Low
2380,7.5,11.3,7.3,5,2,8.0,Healthy,No,High
2381,5.1,8.8,6.4,0,5,9.0,Healthy,Yes,High
2382,5.1,16.1,,5,3,5.0,Unhealthy,No,Medium
2383,7.7,7.0,9.8,1,3,9.0,Unhealthy,No,High
2384,6.9,7.9,2.3,3,2,8.0,Healthy,Yes,High
2385,7.1,7.8,3.9,1,5,8.0,Unhealthy,Yes,High
2386,5.5,8.8,3.8,5,3,2.0,Unhealthy,No,Low
2387,6.5,8.0,,3,2,5.0,Unhealthy,Yes,Medium
2388,5.2,4.8,4.6,4,1,8.0,Healthy,Yes,High
2389,8.8,7.4,7.4,0,2,3.0,Unhealthy,Yes,Low
2390,9.1,8.7,4.8,2,5,1.0,Healthy,No,Low
2391,3.3,12.7,5.3,1,0,4.0,Healthy,Yes,Medium
2392,5.1,15.6,2.6,2,1,4.0,Healthy,No,Medium
2393,4.0,13.0,4.4,4,5,10.0,Unhealthy,Yes,High
2394,5.7,6.7,5.1,1,2,4.0,Unhealthy,Yes,Medium
2395,6.8,6.9,7.3,2,0,4.0,Healthy,Yes,Medium
2396,4.1,8.5,2.7,4,2,9.0,Unhealthy,No,High
2397,5.2,14.4,5.1,3,1,1.0,Healthy,No,Low
2398,5.0,8.5,8.2,4,2,9.0,Unhealthy,Yes,High
2399,7.4,5.0,5.1,1,3,7.0,Unhealthy,No,High
2400,7.1,7.5,1.8,5,2,5.0,Unhealthy,Yes,Medium
2401,5.6,11.3,8.6,5,1,2.0,Healthy,No,Low
2402,7.4,11.1,7.5,5,4,10.0,Unhealthy,Yes,High
2403,5.9,8.4,7.7,1,2,10.0,Unhealthy,No,High
2404,6.5,11.1,2.5,1,3,10.0,Healthy,Yes,High
2405,10.3,2.2,9.0,4,1,4.0,Unhealthy,No,Medium
2406,9.7,9.3,4.5,1,0,4.0,Healthy,Yes,Medium
2407,,11.6,5.0,4,4,4.0,Healthy,Yes,Medium
2408,8.7,6.5,4.6,5,5,2.0,Healthy,Yes,Low
2409,8.6,6.5,7.9,0,2,8.0,Unhealthy,No,High
2410,4.7,3.4,5.6,0,1,4.0,Unhealthy,Yes,Medium
2411,8.6,13.8,7.0,0,3,9.0,Unhealthy,no,High
2412,10.1,6.8,6.2,2,3,2.0,Unhealthy,Yes,Low
2413,4.8,9.7,5.8,0,1,7.0,Healthy,No,High
2414,5.2,10.8,4.1,0,3,5.0,healthy,Yes,Medium
2415,9.0,13.5,9.6,4,5,5.0,Unhealthy,No,Medium
2416,7.5,8.5,3.1,4,4,7.0,Healthy,Yes,High
2417,8.1,7.4,6.8,5,0,4.0,Healthy,Yes,Medium
2418,7.7,9.5,6.8,1,3,3.0,Healthy,Yes,Low
2419,7.8,12.9,8.3,1,3,9.0,Healthy,No,High
2420,4.3,8.5,8.8,1,0,3.0,Healthy,Yes,Low
2421,9.1,6.1,5.7,5,4,5.0,Unhealthy,No,Medium
2422,9.3,4.4,7.1,4,4,2.0,Unhealthy,No,Low
2423,6.5,5.3,9.5,4,4,7.0,Unhealthy,No,High
2424,,11.6,5.9,0,5,7.0,Healthy,Yes,High
2425,3.9,8.0,3.9,3,3,5.0,Unhealthy,No,Medium
2426,8.0,7.2,5.2,4,3,8.0,Unhealthy,No,High
2427,8.1,6.9,3.4,5,4,9.0,Unhealthy,No,High
2428,6.9,9.3,6.7,3,3,4.0,Unhealthy,No,Medium
2429,9.2,8.3,,4,2,2.0,Unhealthy,Yes,Low
2430,6.3,8.2,5.8,5,3,2.0,Healthy,Yes,Low
2431,8.1,13.0,2.8,4,5,4.0,Healthy,No,Medium
2432,5.0,13.6,8.0,2,4,6.0,Healthy,No,Medium
2433,7.0,4.2,2.4,3,1,,Unhealthy,No,Medium
2434,6.7,10.0,2.9,2,4,2.0,healthy,No,Low
2435,7.5,6.7,5.6,0,1,1.0,Unhealthy,No,Low
2436,6.3,8.3,6.5,2,3,2.0,Unhealthy,No,Low
2437,6.7,9.9,6.8,2,3,8.0,Unhealthy,No,High
2438,8.7,8.4,5.9,5,5,5.0,Unhealthy,no,Medium
2439,6.1,9.7,9.5,0,1,3.0,Healthy,Yes,Low
2440,3.8,11.0,6.1,3,4,9.0,Healthy,No,High
2441,10.5,9.9,8.1,1,0,7.0,Unhealthy,No,High
2442,9.8,7.1,7.6,4,0,8.0,Healthy,No,High
2443,4.4,7.1,3.4,5,4,6.0,Healthy,Yes,Medium
2444,8.4,4.7,5.7,3,3,7.0,Unhealthy,Yes,High
2445,6.0,6.4,10.2,0,1,3.0,Healthy,No,Low
2446,7.5,14.9,5.0,2,1,1.0,Healthy,No,Low
2447,7.6,6.6,4.7,1,4,1.0,Unhealthy,Yes,Low
2448,6.5,5.4,6.3,2,4,1.0,Unhealthy,No,Low
2449,5.4,10.0,5.1,4,2,7.0,Healthy,No,High
2450,5.6,8.7,4.4,0,5,2.0,Unhealthy,Yes,Low
2451,5.2,8.4,5.0,1,1,6.0,Unhealthy,Yes,Medium
2452,5.3,13.2,8.9,3,5,1.0,Unhealthy,Yes,Low
2453,6.9,10.6,5.7,3,2,10.0,Unhealthy,No,High
2454,5.6,7.4,3.3,0,3,8.0,Healthy,No,High
2455,8.4,7.7,3.0,0,1,5.0,Healthy,Yes,Medium
2456,10.0,7.5,10.4,5,5,9.0,Healthy,No,High
2457,5.8,11.6,5.6,2,4,3.0,Healthy,No,Low
2458,7.5,8.1,6.9,1,4,2.0,Unhealthy,No,Low
2459,8.0,3.6,4.5,4,3,8.0,Unhealthy,Yes,High
2460,7.9,8.9,6.6,0,5,5.0,Healthy,Yes,Medium
2461,7.2,4.4,8.9,1,5,1.0,Healthy,Yes,Low
2462,8.5,15.6,4.7,5,0,6.0,Unhealthy,Yes,Medium
2463,8.0,6.1,6.9,0,2,3.0,Unhealthy,No,Low
2464,4.5,8.5,3.2,0,4,8.0,Healthy,Yes,High
2465,8.7,9.8,10.0,3,5,6.0,Unhealthy,Yes,Medium
2466,8.8,8.1,6.5,1,1,2.0,Unhealthy,No,Low
2467,5.5,8.1,5.2,3,5,6.0,Unhealthy,No,Medium
2468,7.1,10.3,5.4,5,1,3.0,Unhealthy,Yes,Low
2469,8.4,13.6,5.0,3,1,7.0,Healthy,Yes,High
2470,6.6,11.3,5.1,5,3,1.0,Healthy,Yes,Low
2471,9.1,13.4,1.1,1,0,1.0,Healthy,No,Low
2472,11.7,5.9,5.8,5,2,10.0,Healthy,Yes,High
2473,5.4,10.0,5.7,5,1,4.0,Unhealthy,Yes,Medium
2474,4.2,9.5,7.0,3,1,7.0,Unhealthy,Yes,High
2475,7.6,10.1,5.0,2,4,4.0,Unhealthy,No,Medium
2476,8.4,13.1,4.5,4,0,9.0,Healthy,Yes,High
2477,6.5,8.3,6.0,4,4,8.0,Healthy,No,High
2478,9.9,7.8,2.8,2,3,5.0,Unhealthy,No,Medium
2479,4.3,10.6,6.3,0,3,1.0,Unhealthy,No,Low
2480,8.4,3.7,2.3,3,2,3.0,Healthy,No,Low
2481,5.8,8.3,8.2,4,3,8.0,Healthy,Yes,High
2482,10.4,8.6,7.4,1,2,7.0,Healthy,No,High
2483,11.0,6.2,4.1,5,4,8.0,Unhealthy,Yes,High
2484,5.5,12.2,7.3,5,1,1.0,Healthy,No,Low
2485,5.9,5.8,6.2,0,1,2.0,Unhealthy,No,Low
2486,8.7,8.6,4.0,4,0,10.0,Healthy,No,High
2487,6.2,9.9,2.0,3,3,7.0,Healthy,No,High
2488,6.9,13.1,6.6,4,0,5.0,Healthy,Yes,Medium
2489,7.1,9.0,4.4,3,0,5.0,Healthy,Yes,Medium
2490,,11.8,8.2,0,1,10.0,Healthy,No,High
2491,7.0,11.1,6.0,5,3,9.0,Unhealthy,No,High
2492,5.6,9.4,4.6,2,1,1.0,Unhealthy,Yes,Low
2493,6.0,5.7,9.6,5,5,5.0,Healthy,No,Medium
2494,9.9,4.7,7.2,3,0,7.0,Healthy,Yes,High
2495,4.5,9.3,-1.3,3,3,5.0,Unhealthy,Yes,Medium
2496,8.6,7.4,5.0,0,5,10.0,Unhealthy,No,High
2497,6.4,11.8,3.2,0,5,7.0,Unhealthy,No,High
2498,6.4,11.2,4.4,1,5,1.0,Unhealthy,Yes,Low
2499,8.6,8.4,5.7,5,1,5.0,Healthy,No,Medium
2500,7.7,5.5,6.7,5,2,6.0,Unhealthy,Yes,Medium
2501,8.1,10.5,6.5,0,5,6.0,Unhealthy,No,Medium
2502,8.9,5.9,8.2,4,2,4.0,Healthy,No,Medium
2503,6.3,6.7,7.3,3,4,,Unhealthy,Yes,Medium
2504,5.8,6.1,7.1,2,4,8.0,Healthy,Yes,High
2505,4.8,8.6,6.4,0,3,6.0,Unhealthy,Yes,Medium
2506,5.3,12.5,8.6,3,4,1.0,Unhealthy,no,Low
2507,12.9,9.0,5.4,2,3,5.0,Unhealthy,Yes,Medium
2508,9.5,7.7,5.4,1,0,7.0,Unhealthy,No,High
2509,,4.4,2.2,4,2,8.0,Healthy,Yes,High
2510,4.4,10.7,8.1,1,3,4.0,Unhealthy,No,Medium
2511,8.0,6.7,5.8,0,0,2.0,Unhealthy,Yes,Low
2512,8.1,9.4,11.9,4,2,4.0,Healthy,Yes,Medium
2513,8.1,7.9,5.2,1,1,6.0,Healthy,Yes,Medium
2514,6.5,24.0,6.2,3,0,6.0,Unhealthy,No,Medium
2515,6.7,8.5,7.1,0,1,6.0,Unhealthy,Yes,Medium
2516,,8.8,3.8,5,4,1.0,Healthy,No,Low
2517,7.2,10.5,6.7,1,3,7.0,Unhealthy,No,High
2518,2.6,15.3,6.1,4,2,7.0,Unhealthy,Yes,High
2519,6.5,11.7,5.4,4,4,5.0,Healthy,Yes,Medium
2520,5.3,8.7,8.3,5,0,4.0,Healthy,Yes,Medium
2521,7.4,9.0,4.2,2,4,3.0,Unhealthy,No,Low
2522,13.0,7.4,6.5,4,1,8.0,Unhealthy,No,High
2523,7.7,6.2,20.0,4,1,8.0,Healthy,Yes,High
2524,6.4,7.3,4.6,0,5,3.0,Unhealthy,No,Low
2525,8.8,6.7,5.4,4,3,5.0,Healthy,Yes,Medium
2526,8.0,11.0,10.7,2,4,8.0,Healthy,No,High
2527,7.8,5.8,6.9,4,5,10.0,Healthy,Yes,High
2528,8.2,13.0,5.0,2,2,10.0,Unhealthy,No,High
2529,11.1,11.3,7.6,3,1,6.0,Healthy,No,Medium
2530,4.7,9.1,4.9,2,0,2.0,Healthy,Yes,Low
2531,7.9,9.0,2.9,0,4,1.0,Unhealthy,No,Low
2532,5.1,7.3,8.7,1,2,7.0,Healthy,No,High
2533,8.1,9.8,3.8,5,2,2.0,Healthy,Yes,Low
2534,5.2,12.3,10.9,1,2,10.0,Healthy,No,High
2535,6.2,6.9,5.0,3,2,10.0,Healthy,No,High
2536,6.4,4.4,10.3,0,5,4.0,Healthy,No,Medium
2537,9.0,11.1,3.3,3,1,6.0,Unhealthy,Yes,Medium
2538,8.8,10.0,8.1,3,3,7.0,Healthy,No,High
2539,4.5,5.6,7.0,4,4,7.0,Healthy,Yes,High
2540,7.1,6.8,7.7,4,1,7.0,Unhealthy,No,High
2541,5.6,6.4,7.9,0,3,4.0,Unhealthy,Yes,Medium
2542,4.5,6.8,5.0,1,2,10.0,Healthy,Yes,High
2543,6.6,8.0,3.4,2,0,10.0,Healthy,No,High
2544,6.4,8.2,5.9,4,2,6.0,Healthy,No,Medium
2545,11.9,7.0,6.4,0,3,3.0,Unhealthy,No,Low
2546,7.9,6.7,5.1,0,3,,Unhealthy,No,High
2547,4.2,8.3,6.6,1,0,1.0,Healthy,Yes,Low
2548,5.9,9.5,6.7,0,5,8.0,Unhealthy,Yes,High
2549,9.0,8.1,4.2,5,1,5.0,Unhealthy,Yes,Medium
2550,11.2,12.5,6.8,0,5,8.0,Healthy,Yes,High
2551,3.8,10.5,5.5,1,0,4.0,Unhealthy,Yes,Medium
2552,3.2,4.2,4.6,4,2,2.0,Healthy,No,Low
2553,10.7,10.6,7.6,1,4,4.0,Unhealthy,No,Medium
2554,7.8,10.8,4.4,3,1,8.0,Healthy,No,High
2555,5.3,7.7,5.1,4,4,10.0,Unhealthy,No,High
2556,8.1,4.5,6.1,3,4,1.0,Unhealthy,Yes,Low
2557,1.7,9.0,8.7,0,1,5.0,Unhealthy,No,Medium
2558,,9.0,6.4,3,2,6.0,Unhealthy,No,Medium
2559,7.7,5.6,7.1,1,5,4.0,Healthy,No,Medium
2560,8.8,4.6,5.4,1,3,4.0,Healthy,Yes,Medium
2561,5.0,8.7,5.8,2,2,4.0,Healthy,Yes,Medium
2562,7.2,8.3,5.9,5,5,3.0,Unhealthy,No,Low
2563,5.1,7.7,6.6,0,3,10.0,Healthy,Yes,High
2564,7.5,8.7,5.4,1,3,5.0,Unhealthy,No,Medium
2565,5.2,5.7,8.7,4,1,6.0,Healthy,Yes,Medium
2566,6.2,7.7,5.3,1,1,3.0,Healthy,No,Low
2567,5.0,10.6,2.6,4,0,3.0,Unhealthy,Yes,Low
2568,8.3,8.0,11.5,0,5,9.0,Healthy,Yes,High
2569,8.7,4.0,5.3,5,4,2.0,Healthy,No,Low
2570,6.5,7.6,8.6,2,4,6.0,Unhealthy,Yes,Medium
2571,7.1,5.8,8.8,2,4,8.0,Healthy,Yes,High
2572,4.1,9.8,7.9,3,4,8.0,Healthy,No,High
2573,6.4,10.0,5.6,1,0,1.0,Unhealthy,No,Low
2574,6.9,4.0,6.6,0,3,1.0,Healthy,Yes,Low
2575,12.2,11.3,3.5,3,0,8.0,Unhealthy,No,High
2576,4.8,5.7,10.0,0,5,1.0,Unhealthy,Yes,Low
2577,9.9,13.7,4.3,0,1,3.0,Healthy,Yes,Low
2578,,8.9,5.5,3,2,9.0,Healthy,No,High
2579,7.6,5.3,6.2,0,3,3.0,Unhealthy,No,Low
2580,10.5,5.6,5.8,3,3,2.0,Healthy,Yes,Low
2581,7.7,10.0,4.7,5,0,1.0,Healthy,No,Low
2582,7.8,7.8,8.8,1,1,1.0,Unhealthy,No,Low
2583,6.9,8.7,7.9,3,1,10.0,Healthy,No,High
2584,9.4,13.8,6.6,1,5,3.0,Unhealthy,No,Low
2585,9.2,6.9,5.2,2,3,6.0,Unhealthy,No,Medium
2586,5.7,9.2,8.1,3,0,7.0,Unhealthy,No,High
2587,4.4,13.3,5.1,5,4,6.0,Unhealthy,Yes,Medium
2588,6.6,9.8,9.1,2,3,6.0,Unhealthy,Yes,Medium
2589,5.4,4.2,6.2,3,4,9.0,Unhealthy,No,High
2590,6.9,10.5,8.5,0,2,4.0,Healthy,No,Medium
2591,9.5,5.5,5.8,2,1,5.0,Healthy,Yes,Medium
2592,6.1,13.2,6.1,4,3,1.0,Unhealthy,Yes,Low
2593,6.9,6.5,8.5,4,2,4.0,Healthy,No,Medium
2594,7.1,17.9,10.4,4,4,10.0,Healthy,No,High
2595,8.7,13.4,9.1,2,3,6.0,Unhealthy,No,Medium
2596,2.5,6.6,7.8,1,2,7.0,Unhealthy,No,High
2597,5.8,9.1,7.2,3,3,2.0,Unhealthy,No,Low
2598,7.4,11.3,5.0,0,2,10.0,Healthy,Yes,High
2599,9.4,11.4,6.6,0,2,6.0,Healthy,Yes,Medium
2600,6.0,10.3,4.2,2,4,3.0,Healthy,Yes,Low
2601,3.2,12.8,6.8,4,1,7.0,Unhealthy,No,High
2602,8.2,8.6,6.9,5,0,9.0,Healthy,No,High
2603,5.7,7.9,2.1,0,2,4.0,Unhealthy,Yes,Medium
2604,4.6,8.0,6.1,5,1,8.0,Unhealthy,Yes,High
2605,5.8,11.6,6.8,5,5,10.0,Healthy,Yes,High
2606,6.6,10.1,5.8,0,0,6.0,Healthy,No,Medium
2607,5.8,9.9,6.7,1,4,3.0,Healthy,Yes,Low
2608,2.6,11.4,3.3,0,3,3.0,Unhealthy,Yes,Low
2609,8.8,2.8,4.4,0,1,3.0,Healthy,Yes,Low
2610,9.5,9.9,8.1,3,3,4.0,Unhealthy,No,Medium
2611,8.3,9.7,6.0,0,3,2.0,Healthy,Yes,Low
2612,,14.0,6.7,3,0,5.0,Healthy,No,Medium
2613,6.6,4.4,4.9,4,5,8.0,Healthy,Yes,High
2614,7.0,13.7,6.0,1,1,7.0,Unhealthy,Yes,High
2615,8.2,9.2,1.4,5,2,9.0,Healthy,Yes,High
2616,8.3,10.5,7.7,0,5,3.0,Healthy,Yes,Low
2617,5.5,14.0,9.6,1,0,4.0,Unhealthy,No,Medium
2618,7.2,10.7,3.9,5,1,8.0,Healthy,Yes,High
2619,7.9,10.2,4.1,1,2,10.0,Unhealthy,No,High
2620,9.9,9.7,6.9,5,3,3.0,Healthy,No,Low
2621,8.4,7.5,8.9,5,4,1.0,Unhealthy,Yes,Low
2622,8.6,8.9,6.0,1,4,2.0,Healthy,No,Low
2623,,6.9,3.5,2,0,10.0,Healthy,No,High
2624,9.8,8.9,5.6,3,5,10.0,Healthy,No,High
2625,7.8,2.0,3.9,5,2,8.0,Healthy,Yes,High
2626,5.3,10.3,4.7,5,2,7.0,Healthy,No,High
2627,9.8,8.6,5.4,5,4,4.0,Unhealthy,No,Medium
2628,8.4,8.0,4.1,5,2,8.0,Unhealthy,No,High
2629,6.1,9.7,4.4,1,1,3.0,Unhealthy,Yes,Low
2630,6.0,4.7,6.1,5,1,1.0,Unhealthy,Yes,Low
2631,7.6,14.8,6.4,4,4,4.0,Healthy,Yes,Medium
2632,7.9,8.7,3.2,0,3,6.0,Healthy,No,Medium
2633,7.4,8.6,6.8,5,3,6.0,Healthy,No,Medium
2634,7.6,6.1,5.2,1,3,4.0,Healthy,Yes,Medium
2635,10.4,9.1,7.4,5,4,8.0,Unhealthy,No,High
2636,9.1,13.2,7.6,1,0,9.0,Unhealthy,Yes,High
2637,7.4,12.1,4.9,5,2,2.0,Unhealthy,Yes,Low
2638,8.9,11.6,7.2,0,1,3.0,Healthy,Yes,Low
2639,4.9,10.6,4.3,5,5,8.0,Healthy,Yes,High
2640,7.8,7.9,20.0,4,1,1.0,Unhealthy,No,Low
2641,10.6,4.6,4.4,5,5,,Unhealthy,Yes,Low
2642,6.6,8.4,6.7,5,0,7.0,Healthy,No,High
2643,5.3,8.3,5.6,1,2,10.0,Healthy,No,High
2644,5.7,12.1,4.0,1,3,7.0,Unhealthy,Yes,High
2645,4.8,9.9,7.8,5,5,7.0,Unhealthy,no,High
2646,5.4,13.8,4.8,4,1,5.0,Healthy,No,Medium
2647,6.3,12.6,2.6,1,3,7.0,Unhealthy,No,High
2648,4.2,7.6,0.2,4,3,9.0,Healthy,No,High
2649,7.0,3.6,4.2,1,4,6.0,Unhealthy,No,Medium
2650,8.8,13.2,8.8,0,4,6.0,Unhealthy,Yes,Medium
2651,5.2,13.1,8.5,4,2,3.0,Healthy,No,Low
2652,10.0,4.9,4.6,0,1,7.0,Unhealthy,Yes,High
2653,8.0,13.5,,0,4,6.0,Unhealthy,No,Medium
2654,9.1,10.1,5.1,1,2,5.0,Healthy,No,Medium
2655,5.7,9.5,,4,0,3.0,Healthy,Yes,Low
2656,8.7,13.8,4.1,2,3,3.0,Unhealthy,No,Low
2657,,13.0,8.0,0,1,,Healthy,Yes,Medium
2658,8.8,11.0,7.0,0,1,6.0,Unhealthy,No,Medium
2659,7.3,10.4,6.5,0,2,5.0,Unhealthy,Yes,Medium
2660,8.1,10.8,3.3,1,4,3.0,Healthy,No,Low
2661,4.6,7.8,6.2,1,3,2.0,Unhealthy,Yes,Low
2662,5.2,8.8,1.4,0,3,4.0,Unhealthy,Yes,Medium
2663,8.2,6.3,20.0,5,1,4.0,Healthy,Yes,Medium
2664,5.1,8.0,6.5,1,1,10.0,Unhealthy,Yes,High
2665,7.9,7.9,3.3,1,3,2.0,Healthy,Yes,Low
2666,4.3,7.1,9.2,1,0,9.0,Unhealthy,Yes,High
2667,8.7,9.4,2.4,3,2,3.0,Healthy,No,Low
2668,4.5,8.0,7.1,4,0,1.0,Unhealthy,No,Low
2669,8.1,10.5,7.1,1,4,5.0,Unhealthy,Yes,Medium
2670,8.3,4.1,3.5,3,0,10.0,Healthy,Yes,High
2671,5.6,8.7,5.9,3,0,,Healthy,No,Low
2672,8.2,9.4,2.7,1,4,6.0,Unhealthy,No,Medium
2673,7.5,8.1,0.3,5,5,,Healthy,No,Low
2674,5.9,8.5,3.9,3,5,10.0,Healthy,Yes,High
2675,5.0,4.2,4.8,2,2,4.0,Healthy,Yes,Medium
2676,3.1,10.1,7.3,3,3,1.0,Healthy,Yes,Low
2677,7.7,10.9,6.1,4,0,1.0,Unhealthy,No,Low
2678,3.9,10.5,6.2,3,2,10.0,Healthy,Yes,High
2679,7.2,12.1,4.0,1,4,8.0,Unhealthy,Yes,High
2680,6.5,9.6,4.9,5,5,10.0,Healthy,Yes,High
2681,8.4,10.4,4.1,0,2,4.0,Healthy,No,Medium
2682,6.4,9.5,3.6,2,5,10.0,Healthy,No,High
2683,6.3,11.1,4.8,3,0,3.0,Unhealthy,No,Low
2684,8.5,4.3,6.1,5,3,6.0,Healthy,Yes,Medium
2685,7.7,6.3,4.9,2,4,10.0,Unhealthy,No,High
2686,7.6,13.8,5.4,4,4,9.0,Healthy,No,High
2687,7.9,1.6,7.4,3,0,6.0,Healthy,Yes,Medium
2688,3.9,8.6,5.0,3,5,1.0,Healthy,No,Low
2689,8.5,12.5,3.3,2,2,8.0,Healthy,Yes,High
2690,8.2,8.7,7.1,3,3,1.0,Healthy,Yes,Low
2691,5.0,7.8,6.5,3,4,3.0,Unhealthy,Yes,Low
2692,6.5,9.4,6.7,0,0,9.0,Healthy,Yes,High
2693,6.9,7.9,7.3,2,0,4.0,Unhealthy,No,Medium
2694,6.7,9.1,6.9,1,1,8.0,Healthy,Yes,High
2695,7.7,6.9,6.1,1,5,9.0,Healthy,No,High
2696,9.9,12.3,10.8,4,1,8.0,Healthy,No,High
2697,9.2,13.3,3.4,0,2,6.0,Healthy,no,Medium
2698,4.4,8.6,4.8,2,0,9.0,Healthy,Yes,High
2699,8.2,4.8,7.9,2,5,6.0,Healthy,Yes,Medium
2700,9.7,7.4,6.3,0,2,5.0,Unhealthy,Yes,Medium
2701,7.8,8.4,7.5,0,2,8.0,Healthy,No,High
2702,9.2,10.5,6.3,4,3,4.0,Healthy,Yes,Medium
2703,11.0,6.0,8.7,1,1,3.0,Unhealthy,Yes,Low
2704,9.0,6.7,4.0,5,2,4.0,Healthy,Yes,Medium
2705,7.5,10.5,8.7,2,3,9.0,Healthy,No,High
2706,9.1,11.8,8.3,5,3,4.0,Healthy,Yes,Medium
2707,7.3,7.1,3.6,0,5,7.0,Unhealthy,No,High
2708,7.0,5.0,7.3,2,1,1.0,Healthy,Yes,Low
2709,6.3,18.9,5.9,1,1,6.0,Healthy,Yes,Medium
2710,10.1,11.3,4.8,2,0,8.0,Unhealthy,No,High
2711,5.4,8.2,2.2,5,2,7.0,Unhealthy,No,High
2712,10.1,11.6,4.0,2,3,5.0,Healthy,Yes,Medium
2713,8.0,8.6,7.4,0,0,4.0,Unhealthy,No,Medium
2714,4.2,11.6,7.6,0,5,2.0,Unhealthy,No,Low
2715,7.7,9.5,5.6,0,2,1.0,Unhealthy,Yes,Low
2716,2.8,9.3,7.6,1,2,1.0,healthy,No,Low
2717,8.3,8.7,7.9,3,0,5.0,Healthy,No,Medium
2718,8.8,4.7,6.3,1,3,9.0,Healthy,No,High
2719,5.8,14.8,4.6,0,0,7.0,Healthy,Yes,High
2720,7.2,6.2,6.9,4,2,2.0,Healthy,Yes,Low
2721,10.9,4.9,7.0,2,0,6.0,Unhealthy,Yes,Medium
2722,6.0,8.4,7.3,2,0,10.0,Unhealthy,Yes,High
2723,4.9,6.1,7.7,5,5,7.0,Healthy,Yes,High
2724,10.0,8.8,3.3,2,2,8.0,Unhealthy,Yes,High
2725,10.9,11.1,5.0,5,1,,Healthy,Yes,High
2726,,12.0,2.2,2,5,3.0,Unhealthy,Yes,Low
2727,9.0,11.4,7.5,4,3,2.0,Unhealthy,Yes,Low
2728,9.7,8.1,5.6,5,2,7.0,Healthy,Yes,High
2729,5.5,9.1,6.9,0,5,8.0,Healthy,No,High
2730,6.0,10.2,3.0,3,5,9.0,Healthy,No,High
2731,9.5,3.7,8.8,2,1,10.0,healthy,Yes,High
2732,10.4,10.7,3.6,5,0,5.0,Healthy,No,Medium
2733,8.1,4.6,7.5,3,1,9.0,Healthy,Yes,High
2734,5.2,15.1,6.2,5,2,1.0,Unhealthy,No,Low
2735,11.0,7.8,5.6,1,5,9.0,Unhealthy,Yes,High
2736,5.9,8.4,5.5,1,5,10.0,Healthy,Yes,High
2737,6.3,6.7,4.7,2,2,5.0,Healthy,No,Medium
2738,7.7,7.1,8.6,0,0,2.0,Healthy,No,Low
2739,10.1,15.8,6.0,4,5,6.0,Unhealthy,No,Medium
2740,8.7,11.8,3.5,5,2,1.0,Healthy,Yes,Low
2741,7.8,4.4,5.2,2,4,7.0,Unhealthy,Yes,High
2742,7.9,13.5,6.3,1,1,7.0,Unhealthy,No,High
2743,7.1,12.6,7.8,1,4,10.0,Unhealthy,Yes,High
2744,8.1,8.2,4.8,5,4,8.0,Healthy,No,High
2745,1.9,24.0,4.9,5,1,1.0,Healthy,Yes,Low
2746,6.4,9.0,6.0,5,2,2.0,Unhealthy,No,Low
2747,7.5,14.9,7.7,3,1,1.0,Unhealthy,Yes,Low
2748,4.7,6.6,3.3,4,0,8.0,Unhealthy,Yes,High
2749,7.8,9.4,7.0,5,4,8.0,Unhealthy,Yes,High
2750,6.6,7.7,5.1,5,5,3.0,Unhealthy,No,Low
2751,10.5,4.7,5.4,2,4,10.0,Unhealthy,No,High
2752,10.1,15.6,10.0,0,2,2.0,Unhealthy,No,Low
2753,6.1,5.5,5.6,3,1,9.0,Unhealthy,No,High
2754,6.7,9.7,7.5,4,5,5.0,Healthy,Yes,Medium
2755,6.9,3.8,,3,3,9.0,Healthy,No,High
2756,6.1,7.8,3.6,5,5,2.0,Unhealthy,No,Low
2757,,10.3,2.3,0,2,6.0,Healthy,Yes,Medium
2758,5.5,6.5,7.6,5,2,1.0,Healthy,Yes,Low
2759,4.7,10.8,3.8,1,2,7.0,Unhealthy,No,High
2760,8.2,8.2,2.7,5,1,4.0,Unhealthy,No,Medium
2761,8.3,12.5,8.1,2,2,7.0,Unhealthy,No,High
2762,,13.1,4.0,2,0,9.0,Healthy,Yes,High
2763,8.8,7.2,4.5,0,0,1.0,Healthy,Yes,Low
2764,5.7,9.2,9.9,5,4,1.0,Healthy,No,Low
2765,7.5,9.6,2.7,2,4,7.0,Healthy,No,High
2766,8.6,10.9,3.5,2,1,10.0,Unhealthy,No,High
2767,6.9,9.0,5.1,5,3,2.0,Healthy,No,Low
2768,7.9,9.6,5.5,3,4,8.0,Healthy,Yes,High
2769,6.0,8.3,4.2,0,4,4.0,Healthy,Yes,Medium
2770,6.6,9.3,3.7,3,4,7.0,Healthy,No,High
2771,6.6,12.9,9.0,2,5,10.0,Healthy,No,High
2772,5.5,10.9,6.5,5,4,2.0,Unhealthy,Yes,Low
2773,6.6,11.1,7.2,4,2,8.0,Unhealthy,Yes,High
2774,3.9,11.2,5.7,5,4,6.0,Unhealthy,No,Medium
2775,6.0,8.5,6.6,4,5,1.0,Unhealthy,Yes,Low
2776,6.4,10.0,7.9,3,1,9.0,Healthy,Yes,High
2777,6.5,5.7,4.0,1,5,2.0,Healthy,Yes,Low
2778,6.5,12.8,6.5,5,2,4.0,Unhealthy,Yes,Medium
2779,6.9,0.7,7.4,1,5,9.0,Healthy,No,High
2780,8.0,8.7,20.0,0,2,,Healthy,no,High
2781,8.7,12.4,,4,1,8.0,Healthy,No,High
2782,5.7,4.9,6.1,4,3,4.0,Unhealthy,Yes,Medium
2783,4.6,10.2,,3,4,1.0,Unhealthy,Yes,Low
2784,4.9,7.0,0.7,5,0,10.0,Healthy,No,High
2785,6.0,7.9,9.1,2,3,4.0,Healthy,Yes,Medium
2786,6.3,11.8,4.5,0,4,3.0,Unhealthy,No,Low
2787,5.5,9.6,5.5,3,0,3.0,Unhealthy,No,Low
2788,4.4,2.9,6.9,1,2,1.0,Healthy,Yes,Low
2789,6.1,6.1,5.7,5,5,9.0,Healthy,No,High
2790,7.4,11.9,6.4,2,2,3.0,Healthy,No,Low
2791,8.2,10.3,9.2,0,2,4.0,Unhealthy,Yes,Medium
2792,5.9,14.2,5.2,5,4,1.0,Healthy,No,Low
2793,6.2,14.0,3.8,2,1,3.0,Unhealthy,Yes,Low
2794,5.1,8.0,9.6,1,2,1.0,Healthy,No,Low
2795,6.9,16.5,7.1,3,2,4.0,Healthy,No,Medium
2796,5.3,9.1,9.8,3,2,10.0,Unhealthy,Yes,High
2797,,6.1,7.7,4,5,7.0,Unhealthy,No,High
2798,3.4,7.1,3.4,5,4,10.0,Healthy,Yes,High
2799,6.3,2.2,7.3,3,0,8.0,Healthy,Yes,High
2800,7.6,13.8,4.0,4,3,8.0,Unhealthy,No,High
2801,7.4,13.8,6.0,3,2,1.0,Healthy,No,Low
2802,12.4,6.0,5.8,0,3,6.0,Healthy,Yes,Medium
2803,7.7,8.3,2.8,5,1,8.0,Unhealthy,Yes,High
2804,5.0,9.3,4.4,1,1,10.0,Unhealthy,No,High
2805,6.8,6.1,10.4,5,1,10.0,Unhealthy,No,High
2806,3.4,3.7,6.5,5,2,8.0,Healthy,Yes,High
2807,6.8,8.4,5.6,2,3,9.0,Healthy,No,High
2808,5.3,8.0,9.6,1,0,8.0,Healthy,Yes,High
2809,8.8,7.8,5.2,1,4,5.0,Unhealthy,No,Medium
2810,5.9,9.7,5.8,4,3,1.0,Healthy,Yes,Low
2811,6.8,13.3,8.0,4,4,9.0,Unhealthy,No,High
2812,5.7,8.1,5.2,0,3,10.0,Unhealthy,No,High
2813,10.5,9.5,4.5,2,2,10.0,Healthy,No,High
2814,6.4,11.2,1.5,3,0,10.0,Healthy,no,High
2815,10.7,10.7,4.1,3,2,10.0,Healthy,No,High
2816,40.0,7.2,4.1,1,1,5.0,Unhealthy,Yes,Medium
2817,,9.3,6.3,5,0,7.0,Unhealthy,Yes,High
2818,7.7,10.6,4.8,0,5,7.0,Unhealthy,No,High
2819,7.8,5.6,10.3,5,5,4.0,Unhealthy,No,Medium
2820,3.1,12.8,3.9,2,3,8.0,Healthy,No,High
2821,6.4,13.3,8.8,3,2,10.0,Healthy,No,High
2822,8.7,6.8,,1,4,9.0,Healthy,No,High
2823,6.9,9.6,7.6,0,2,4.0,Unhealthy,Yes,Medium
2824,4.2,10.9,7.5,2,2,2.0,Unhealthy,No,Low
2825,6.9,7.4,1.6,5,3,10.0,Healthy,Yes,High
2826,10.4,10.4,6.0,1,3,4.0,Unhealthy,No,Medium
2827,9.5,9.5,5.5,1,1,2.0,Healthy,Yes,Low
2828,6.9,4.6,3.7,5,0,1.0,Healthy,No,Low
2829,8.9,10.4,6.9,0,2,1.0,Healthy,Yes,Low
2830,6.3,5.7,9.4,0,4,4.0,Unhealthy,No,Medium
2831,3.6,11.8,0.7,0,5,9.0,Unhealthy,No,High
2832,5.2,7.0,4.9,0,5,9.0,Healthy,No,High
2833,10.1,8.5,3.5,2,3,,Healthy,No,High
2834,6.5,13.1,6.1,0,3,5.0,Healthy,Yes,Medium
2835,6.5,10.5,5.3,0,1,6.0,Unhealthy,No,Medium
2836,6.4,5.8,4.8,0,0,1.0,Unhealthy,No,Low
2837,10.8,6.0,7.4,2,5,3.0,Healthy,No,Low
2838,10.3,7.2,9.3,3,1,1.0,Healthy,No,Low
2839,11.4,10.2,11.3,1,3,10.0,Healthy,Yes,High
2840,6.7,10.1,4.5,4,4,5.0,Healthy,Yes,Medium
2841,7.6,6.5,2.4,5,1,4.0,Healthy,No,Medium
2842,4.0,5.5,7.1,1,2,3.0,Unhealthy,Yes,Low
2843,10.0,9.8,9.2,2,3,6.0,Healthy,No,Medium
2844,4.7,8.5,7.6,5,3,6.0,Unhealthy,No,Medium
2845,7.4,15.5,9.2,0,1,9.0,Healthy,Yes,High
2846,4.8,9.1,5.5,2,4,4.0,Unhealthy,No,Medium
2847,5.8,14.4,4.8,3,1,9.0,Unhealthy,No,High
2848,5.3,5.5,6.2,4,4,4.0,Healthy,Yes,Medium
2849,5.8,4.3,5.3,3,3,8.0,Unhealthy,Yes,High
2850,5.9,5.6,7.3,0,1,8.0,Unhealthy,No,High
2851,5.9,12.6,7.9,2,0,2.0,Healthy,No,Low
2852,8.7,14.3,8.1,2,5,10.0,Unhealthy,No,High
2853,4.8,6.7,7.0,0,1,8.0,Unhealthy,No,High
2854,7.4,7.6,6.5,0,1,2.0,Healthy,No,Low
2855,9.4,5.5,7.6,4,0,8.0,Unhealthy,No,High
2856,6.0,3.6,2.1,3,0,6.0,Unhealthy,No,Medium
2857,5.6,11.2,6.4,0,2,3.0,Unhealthy,No,Low
2858,6.5,9.7,6.1,0,0,7.0,Healthy,Yes,High
2859,9.4,9.0,6.4,3,4,6.0,Healthy,Yes,Medium
2860,7.4,4.8,5.8,0,5,3.0,Healthy,No,Low
2861,5.9,13.9,6.9,5,5,5.0,Unhealthy,No,Medium
2862,8.0,7.5,4.9,4,2,4.0,Healthy,No,Medium
2863,4.8,10.6,8.3,4,4,6.0,Healthy,No,Medium
2864,8.4,4.6,6.9,3,2,1.0,Unhealthy,No,Low
2865,7.8,8.4,6.3,1,2,,Healthy,Yes,Low
2866,6.4,9.9,4.6,4,5,8.0,Healthy,Yes,High
2867,5.3,10.0,7.6,2,4,8.0,Unhealthy,Yes,High
2868,5.2,9.5,6.4,2,3,9.0,Healthy,No,High
2869,8.1,10.5,4.5,1,5,8.0,Healthy,Yes,High
2870,9.5,5.6,5.9,4,3,2.0,Unhealthy,No,Low
2871,5.7,9.6,7.3,0,1,5.0,Healthy,No,Medium
2872,7.9,9.3,7.1,5,3,8.0,Healthy,Yes,High
2873,2.8,9.7,7.0,1,5,9.0,Unhealthy,Yes,High
2874,5.8,9.2,6.2,0,1,6.0,Unhealthy,No,Medium
2875,6.9,5.2,8.1,5,3,4.0,Healthy,Yes,Medium
2876,5.2,5.0,8.5,2,1,9.0,Unhealthy,No,High
2877,,2.4,7.5,5,5,4.0,Unhealthy,Yes,Medium
2878,5.7,11.5,4.8,1,1,6.0,Healthy,Yes,Medium
2879,7.6,11.5,3.9,4,5,5.0,Unhealthy,No,Medium
2880,6.6,11.5,,2,0,1.0,Unhealthy,No,Low
2881,2.5,9.9,9.9,4,5,4.0,Healthy,Yes,Medium
2882,2.8,2.6,6.6,0,1,10.0,Unhealthy,No,High
2883,5.8,5.9,10.3,4,5,3.0,Healthy,Yes,Low
2884,7.9,9.5,5.8,5,5,8.0,Healthy,Yes,High
2885,1.5,9.4,5.5,1,4,7.0,Unhealthy,Yes,High
2886,6.0,8.3,5.9,0,4,10.0,Healthy,Yes,High
2887,5.9,10.1,5.8,1,1,1.0,Unhealthy,No,Low
2888,9.8,9.0,4.5,5,4,8.0,Healthy,No,High
2889,,9.4,3.7,0,3,7.0,Healthy,No,High
2890,7.8,7.1,7.0,1,4,2.0,Unhealthy,Yes,Low
2891,7.3,11.9,8.1,2,0,10.0,Unhealthy,No,High
2892,2.7,7.7,10.9,1,4,4.0,Unhealthy,No,Medium
2893,8.5,5.0,5.1,2,3,2.0,Unhealthy,Yes,Low
2894,7.4,6.7,5.3,5,5,9.0,Healthy,No,High
2895,8.0,8.0,4.5,3,3,8.0,Healthy,Yes,High
2896,14.9,12.0,8.3,4,1,,Unhealthy,No,Low
2897,2.8,8.9,7.6,0,2,1.0,Healthy,Yes,Low
2898,10.4,8.4,4.2,4,3,8.0,Unhealthy,Yes,High
2899,6.4,5.3,4.2,5,1,5.0,Unhealthy,No,Medium
2900,7.6,11.4,7.9,2,1,1.0,Healthy,No,Low
2901,6.9,7.0,6.8,2,4,4.0,Healthy,No,Medium
2902,6.2,8.7,7.5,2,4,2.0,Unhealthy,No,Low
2903,5.9,13.4,4.2,1,1,9.0,Healthy,Yes,High
2904,7.7,10.5,2.2,4,5,10.0,Unhealthy,Yes,High
2905,4.0,4.1,4.3,2,0,6.0,Unhealthy,No,Medium
2906,8.5,3.7,7.4,3,5,9.0,Unhealthy,Yes,High
2907,6.2,8.8,,5,1,1.0,Unhealthy,No,Low
2908,4.7,5.4,5.1,2,4,1.0,Healthy,Yes,Low
2909,6.1,10.9,10.6,4,3,4.0,Healthy,No,Medium
2910,9.5,9.1,7.7,2,0,2.0,Healthy,No,Low
2911,5.9,9.5,,2,2,1.0,Unhealthy,Yes,Low
2912,7.7,6.9,6.4,0,5,6.0,Unhealthy,Yes,Medium
2913,5.5,14.2,7.7,2,3,8.0,Unhealthy,Yes,High
2914,8.5,17.5,1.1,4,4,1.0,Unhealthy,Yes,Low
2915,8.4,8.2,7.3,5,3,10.0,Healthy,No,High
2916,10.7,10.1,8.3,0,3,10.0,Unhealthy,No,High
2917,6.6,9.3,6.8,0,4,6.0,Unhealthy,Yes,Medium
2918,8.3,8.2,5.9,2,3,1.0,Unhealthy,Yes,Low
2919,7.2,6.5,5.7,2,1,8.0,Healthy,Yes,High
2920,9.6,5.7,5.5,3,5,6.0,Unhealthy,No,Medium
2921,5.6,5.6,3.6,4,0,1.0,Healthy,No,Low
2922,8.5,10.2,4.6,5,5,9.0,Unhealthy,Yes,High
2923,6.6,7.4,5.2,4,4,1.0,Healthy,No,Low
2924,6.9,1.3,6.2,1,0,9.0,Unhealthy,Yes,High
2925,7.2,10.3,4.9,5,1,3.0,Healthy,No,Low
2926,7.5,8.9,4.3,1,4,8.0,healthy,No,High
2927,6.8,13.0,7.5,4,1,8.0,Healthy,no,High
2928,7.4,10.1,6.7,2,2,7.0,Unhealthy,Yes,High
2929,10.2,4.6,4.9,0,2,2.0,Healthy,No,Low
2930,9.0,2.3,7.0,3,2,3.0,Healthy,Yes,Low
2931,8.7,6.8,5.1,2,0,5.0,Healthy,No,Medium
2932,6.1,7.1,6.1,5,5,5.0,Healthy,No,Medium
2933,5.2,11.8,8.0,5,5,2.0,Healthy,Yes,Low
2934,8.9,9.0,4.8,0,2,1.0,Healthy,Yes,Low
2935,8.8,12.4,3.7,5,2,5.0,Healthy,No,Medium
2936,9.9,5.0,5.7,4,1,5.0,Healthy,Yes,Medium
2937,5.8,11.9,3.3,5,3,3.0,Unhealthy,No,Low
2938,6.5,11.2,5.4,2,3,8.0,Healthy,Yes,High
2939,3.7,2.9,5.4,5,5,6.0,Healthy,No,Medium
2940,6.2,13.0,1.1,3,5,2.0,Healthy,Yes,Low
2941,9.0,9.3,7.1,5,2,2.0,Healthy,No,Low
2942,40.0,10.2,5.6,1,5,4.0,Healthy,Yes,Medium
2943,8.3,6.4,8.4,0,3,6.0,Unhealthy,No,Medium
2944,6.6,12.8,6.4,2,2,9.0,Unhealthy,Yes,High
2945,7.6,5.4,7.5,3,2,8.0,Healthy,No,High
2946,4.7,11.5,8.4,2,0,8.0,Unhealthy,Yes,High
2947,7.2,11.5,5.7,4,4,2.0,Unhealthy,No,Low
2948,1.0,6.1,6.0,0,3,4.0,Unhealthy,Yes,Medium
2949,6.6,15.0,2.9,4,2,6.0,Unhealthy,Yes,Medium
2950,3.7,9.7,8.5,5,3,6.0,Healthy,No,Medium
2951,9.4,11.0,5.7,4,0,10.0,Unhealthy,Yes,High
2952,8.6,4.4,4.0,5,0,6.0,Unhealthy,Yes,Medium
2953,7.9,15.4,7.5,1,2,,Healthy,No,High
2954,10.0,5.3,1.6,4,3,8.0,Healthy,No,High
2955,5.1,12.1,5.1,3,3,7.0,Healthy,Yes,High
2956,10.5,6.0,7.8,0,3,5.0,Healthy,Yes,Medium
2957,8.9,7.1,5.1,1,0,6.0,Unhealthy,Yes,Medium
2958,6.5,11.4,4.6,2,1,6.0,Unhealthy,Yes,Medium
2959,9.3,12.1,5.2,4,1,3.0,Unhealthy,No,Low
2960,4.8,5.2,2.0,2,3,3.0,Unhealthy,Yes,Low
2961,5.4,12.3,7.4,1,3,7.0,Unhealthy,No,High
2962,5.8,12.1,5.8,2,4,6.0,Unhealthy,Yes,Medium
2963,5.9,6.2,5.5,3,2,5.0,Healthy,Yes,Medium
2964,4.9,13.8,5.5,1,0,6.0,Unhealthy,Yes,Medium
2965,9.4,4.6,6.0,0,4,6.0,Healthy,No,Medium
2966,6.5,7.1,7.3,0,3,4.0,Unhealthy,Yes,Medium
2967,7.7,10.4,5.9,0,5,5.0,Healthy,Yes,Medium
2968,5.9,6.4,3.3,0,1,7.0,Healthy,Yes,High
2969,3.4,9.8,,1,1,1.0,Healthy,Yes,Low
2970,7.5,9.7,,1,4,10.0,Unhealthy,Yes,High
2971,3.2,8.4,6.4,5,1,6.0,Unhealthy,No,Medium
2972,6.9,11.5,8.2,1,1,5.0,Unhealthy,Yes,Medium
2973,4.3,8.3,6.1,4,5,6.0,Unhealthy,Yes,Medium
2974,11.0,9.7,8.2,5,2,1.0,Unhealthy,No,Low
2975,8.8,12.4,8.8,1,3,4.0,Healthy,No,Medium
2976,7.2,11.4,7.2,1,4,8.0,Unhealthy,No,High
2977,9.5,11.4,4.5,1,5,4.0,Healthy,No,Medium
2978,5.3,5.6,5.7,0,0,10.0,Healthy,Yes,High
2979,8.1,10.6,8.5,3,0,8.0,Unhealthy,No,High
2980,7.4,6.4,3.0,0,5,8.0,Unhealthy,No,High
2981,7.5,5.2,5.2,5,3,2.0,Healthy,No,Low
2982,9.5,8.8,5.3,3,0,6.0,Unhealthy,Yes,Medium
2983,8.5,6.3,4.3,3,5,7.0,Healthy,Yes,High
2984,7.6,11.4,7.7,3,1,7.0,Healthy,No,High
2985,3.7,11.4,6.8,5,2,1.0,Unhealthy,Yes,Low
2986,5.1,3.3,4.6,5,4,4.0,Healthy,Yes,Medium
2987,6.8,6.5,7.2,0,4,7.0,Unhealthy,Yes,High
2988,40.0,4.6,5.7,4,1,6.0,Unhealthy,No,Medium
2989,4.7,7.6,4.2,2,3,3.0,Healthy,Yes,Low
2990,11.8,10.4,4.6,4,2,10.0,Unhealthy,Yes,High
2991,10.0,8.3,6.9,0,0,10.0,Healthy,Yes,High
2992,8.2,7.2,7.9,3,4,1.0,Unhealthy,No,Low
2993,7.1,12.9,5.0,2,4,5.0,Healthy,Yes,Medium
2994,6.6,2.1,7.1,4,3,8.0,Unhealthy,No,High
2995,5.1,12.7,9.2,5,2,3.0,Unhealthy,Yes,Low
2996,7.2,7.4,3.5,5,5,5.0,Healthy,No,Medium
2997,7.5,8.8,6.7,1,0,9.0,Unhealthy,Yes,High
2998,4.5,7.4,7.7,5,4,8.0,Unhealthy,Yes,High
2999,7.7,13.6,5.8,4,4,9.0,Healthy,No,High
3000,6.7,5.3,8.5,0,0,5.0,Unhealthy,No,Medium
3001,3.2,9.0,10.4,2,2,3.0,Unhealthy,Yes,Low
3002,5.3,10.6,6.7,1,2,9.0,Healthy,Yes,High
3003,6.2,4.2,5.5,5,2,4.0,Unhealthy,Yes,Medium
3004,10.8,6.2,8.0,5,4,1.0,Unhealthy,Yes,Low
3005,8.1,8.6,7.7,2,5,2.0,Unhealthy,No,Low
3006,4.3,6.3,1.0,2,1,8.0,Unhealthy,Yes,High
3007,8.0,6.6,6.0,4,4,2.0,Unhealthy,Yes,Low
3008,3.9,8.0,5.2,5,3,6.0,Unhealthy,No,Medium
3009,9.2,10.9,6.8,3,3,5.0,Unhealthy,No,Medium
3010,6.1,8.0,5.6,5,5,9.0,Healthy,Yes,High
3011,6.8,12.2,5.8,4,4,8.0,Unhealthy,No,High
3012,9.7,6.0,4.3,1,4,1.0,Healthy,No,Low
3013,4.4,5.2,7.5,0,0,3.0,Healthy,Yes,Low
3014,4.2,14.8,9.3,5,2,5.0,Unhealthy,No,Medium
3015,5.8,7.0,4.3,4,5,8.0,Healthy,No,High
3016,9.1,5.1,3.2,3,0,7.0,healthy,No,High
3017,4.0,3.8,6.0,3,5,2.0,Healthy,No,Low
3018,1.3,12.2,5.9,4,3,7.0,Unhealthy,Yes,High
3019,6.1,8.0,8.3,1,3,5.0,Healthy,No,Medium
3020,8.1,8.2,3.5,3,1,6.0,Healthy,No,Medium
3021,9.4,8.5,4.9,3,2,8.0,Unhealthy,No,High
3022,6.1,12.0,1.7,5,2,5.0,Healthy,No,Medium
3023,6.2,8.5,8.7,5,5,9.0,Healthy,Yes,High
3024,9.3,16.0,6.5,1,3,1.0,Healthy,Yes,Low
3025,3.3,9.4,5.1,1,0,5.0,healthy,No,Medium
3026,6.2,12.2,3.4,1,4,1.0,Healthy,No,Low
3027,7.4,11.4,3.5,1,2,1.0,Unhealthy,Yes,Low
3028,7.9,8.9,6.8,4,4,1.0,Unhealthy,No,Low
3029,6.0,7.2,3.8,4,3,5.0,Unhealthy,Yes,Medium
3030,7.1,10.0,6.2,2,1,9.0,Unhealthy,Yes,High
3031,2.0,10.5,10.1,2,3,2.0,Healthy,No,Low
3032,5.7,7.3,5.3,2,4,6.0,Unhealthy,No,Medium
3033,7.9,9.5,4.1,3,3,5.0,Unhealthy,No,Medium
3034,5.0,12.7,6.8,1,2,7.0,Unhealthy,Yes,High
3035,7.1,15.2,3.5,4,5,7.0,Unhealthy,Yes,High
3036,7.9,11.6,9.4,4,5,3.0,Healthy,No,Low
3037,6.3,14.6,8.8,1,4,6.0,Unhealthy,No,Medium
3038,7.3,7.1,5.7,2,4,3.0,Unhealthy,Yes,Low
3039,5.1,11.1,4.2,5,1,2.0,Unhealthy,No,Low
3040,6.6,13.0,5.1,3,2,5.0,Healthy,Yes,Medium
3041,8.2,6.3,5.4,4,0,4.0,Unhealthy,No,Medium
3042,7.3,7.5,6.8,0,1,4.0,Healthy,Yes,Medium
3043,5.8,14.2,8.1,3,2,4.0,Unhealthy,Yes,Medium
3044,7.4,6.1,3.9,3,5,8.0,Unhealthy,No,High
3045,8.4,5.0,8.0,2,0,1.0,Healthy,No,Low
3046,2.9,13.6,7.2,1,5,3.0,Healthy,No,Low
3047,9.3,12.6,5.0,0,4,9.0,Unhealthy,Yes,High
3048,6.3,10.3,3.8,2,5,3.0,Unhealthy,No,Low
3049,7.9,8.9,6.2,1,1,1.0,Unhealthy,Yes,Low
3050,9.4,7.7,3.9,0,4,5.0,Healthy,Yes,Medium
3051,4.3,9.8,8.0,5,4,4.0,Healthy,Yes,Medium
3052,5.6,13.7,3.8,5,4,10.0,Healthy,Yes,High
3053,6.4,9.7,,4,2,8.0,Healthy,No,High
3054,5.4,15.5,5.8,0,0,9.0,Healthy,Yes,High
3055,,6.3,4.9,2,2,10.0,Healthy,No,High
3056,5.3,8.9,5.8,0,4,5.0,Unhealthy,No,Medium
3057,5.9,7.9,8.2,0,1,1.0,Unhealthy,Yes,Low
3058,7.4,5.7,3.6,0,5,4.0,Unhealthy,Yes,Medium
3059,,8.5,5.2,4,4,3.0,Healthy,Yes,Low
3060,6.2,10.3,4.5,5,0,6.0,Unhealthy,Yes,Medium
3061,,10.6,5.9,5,2,2.0,Unhealthy,No,Low
3062,6.3,15.5,4.6,1,0,5.0,Healthy,Yes,Medium
3063,6.8,10.4,2.5,0,2,8.0,Unhealthy,Yes,High
3064,5.9,12.5,3.9,3,5,5.0,Healthy,Yes,Medium
3065,4.0,9.2,9.3,2,0,5.0,Healthy,Yes,Medium
3066,7.6,14.0,6.5,3,0,8.0,Unhealthy,Yes,High
3067,10.5,16.2,6.4,1,2,5.0,Unhealthy,No,Medium
3068,7.0,10.6,5.4,2,2,4.0,Unhealthy,Yes,Medium
3069,7.5,6.0,5.9,1,2,10.0,Unhealthy,Yes,High
3070,8.4,7.4,5.1,2,3,9.0,Healthy,No,High
3071,4.5,9.8,7.1,5,5,2.0,Healthy,No,Low
3072,10.4,10.4,6.2,5,0,1.0,Healthy,Yes,Low
3073,7.4,11.1,3.7,3,3,4.0,Unhealthy,No,Medium
3074,10.3,10.4,6.5,3,3,10.0,Unhealthy,No,High
3075,5.5,9.0,1.1,4,4,3.0,Healthy,No,Low
3076,10.6,24.0,6.8,1,3,9.0,Healthy,Yes,High
3077,8.6,10.2,,3,3,3.0,Unhealthy,Yes,Low
3078,8.1,14.6,5.8,2,2,3.0,Unhealthy,No,Low
3079,7.5,12.1,3.6,0,2,10.0,Unhealthy,Yes,High
3080,6.5,10.6,6.0,0,1,7.0,Unhealthy,Yes,High
3081,9.4,12.1,7.2,0,5,2.0,Healthy,No,Low
3082,,7.9,9.0,4,0,8.0,Healthy,Yes,High
3083,3.1,7.5,2.9,3,5,6.0,Healthy,Yes,Medium
3084,4.8,6.8,8.0,1,3,9.0,Unhealthy,Yes,High
3085,6.6,8.6,6.3,1,3,8.0,Healthy,Yes,High
3086,7.6,7.7,5.1,4,0,4.0,Healthy,Yes,Medium
3087,6.9,12.6,7.5,2,5,8.0,Unhealthy,Yes,High
3088,9.4,7.6,5.5,5,2,4.0,Unhealthy,Yes,Medium
3089,3.1,6.6,7.4,3,2,5.0,Unhealthy,Yes,Medium
3090,7.3,14.8,4.0,3,0,10.0,Unhealthy,No,High
3091,3.4,7.6,4.7,2,0,7.0,Unhealthy,Yes,High
3092,8.5,9.5,7.9,2,2,6.0,Healthy,No,Medium
3093,6.8,10.4,9.0,3,0,5.0,Unhealthy,No,Medium
3094,7.8,5.6,5.9,3,5,2.0,Healthy,Yes,Low
3095,5.3,12.7,0.4,0,2,5.0,Healthy,Yes,Medium
3096,9.6,10.9,5.6,1,0,10.0,Unhealthy,No,High
3097,9.1,13.7,6.1,0,2,7.0,Unhealthy,No,High
3098,8.2,7.0,5.5,0,1,6.0,Unhealthy,No,Medium
3099,,9.3,6.7,1,2,6.0,Healthy,Yes,Medium
3100,8.2,9.1,5.0,4,2,5.0,Healthy,No,Medium
3101,5.6,9.8,7.7,5,3,9.0,Unhealthy,No,High
3102,8.7,4.6,3.7,4,5,,Healthy,Yes,Low
3103,10.3,9.3,8.5,4,2,4.0,Unhealthy,Yes,Medium
3104,9.1,4.7,9.1,4,0,7.0,Unhealthy,No,High
3105,5.5,10.1,4.2,2,4,1.0,Healthy,Yes,Low
3106,7.7,2.6,4.2,0,0,4.0,Unhealthy,Yes,Medium
3107,4.4,3.4,6.8,2,3,6.0,Healthy,Yes,Medium
3108,8.1,11.5,3.6,2,0,10.0,Unhealthy,No,High
3109,7.9,7.4,5.0,1,1,8.0,Unhealthy,Yes,High
3110,3.3,6.0,8.2,4,4,7.0,Healthy,No,High
3111,4.7,12.8,7.5,3,4,9.0,Unhealthy,Yes,High
3112,6.4,10.0,10.0,4,5,7.0,Unhealthy,Yes,High
3113,6.4,11.6,6.3,0,3,3.0,Unhealthy,Yes,Low
3114,4.6,8.5,4.8,2,5,10.0,Healthy,No,High
3115,7.8,17.0,6.1,0,4,4.0,Unhealthy,Yes,Medium
3116,7.5,7.2,5.7,2,2,3.0,Healthy,No,Low
3117,6.6,14.2,5.7,2,3,9.0,Unhealthy,No,High
3118,5.5,8.8,6.0,2,5,8.0,Unhealthy,Yes,High
3119,,4.0,4.1,3,1,10.0,Healthy,Yes,High
3120,10.3,10.4,6.6,4,4,9.0,Healthy,Yes,High
3121,6.0,9.9,3.2,2,4,10.0,Healthy,Yes,High
3122,5.8,5.8,4.6,1,3,10.0,Unhealthy,No,High
3123,8.0,6.2,5.8,5,4,2.0,Unhealthy,No,Low
3124,6.3,8.9,1.5,5,4,5.0,Unhealthy,No,Medium
3125,6.7,10.0,7.5,2,1,5.0,Unhealthy,No,Medium
3126,8.5,1.6,1.9,4,1,7.0,Healthy,No,High
3127,3.2,12.2,7.3,4,3,4.0,Healthy,Yes,Medium
3128,9.6,7.5,3.4,3,4,4.0,Unhealthy,Yes,Medium
3129,7.1,5.0,5.2,2,5,8.0,Healthy,No,High
3130,6.2,11.8,7.0,1,0,1.0,Healthy,Yes,Low
3131,6.8,8.9,10.4,3,3,6.0,Unhealthy,No,Medium
3132,6.9,12.6,6.2,3,5,9.0,Healthy,Yes,High
3133,3.5,10.3,2.0,2,1,2.0,Healthy,Yes,Low
3134,10.0,9.0,7.9,2,0,5.0,Healthy,Yes,Medium
3135,7.1,8.5,5.5,3,5,10.0,Unhealthy,No,High
3136,7.9,10.4,6.1,3,5,10.0,Healthy,Yes,High
3137,8.9,7.8,7.1,3,4,9.0,Unhealthy,No,High
3138,5.0,6.4,1.5,0,3,4.0,Unhealthy,Yes,Medium
3139,7.9,10.8,6.0,3,3,9.0,Unhealthy,No,High
3140,6.5,8.6,5.2,4,1,8.0,Healthy,Yes,High
3141,8.7,9.1,8.4,5,2,9.0,Healthy,No,High
3142,2.7,12.3,7.5,1,2,2.0,Healthy,Yes,Low
3143,6.8,8.7,2.7,1,2,10.0,Healthy,No,High
3144,5.8,9.0,8.5,5,3,5.0,Healthy,Yes,Medium
3145,7.9,7.2,6.9,2,1,10.0,Healthy,No,High
3146,7.9,10.3,2.9,3,1,9.0,Healthy,No,High
3147,5.6,10.0,6.1,1,2,5.0,Healthy,Yes,Medium
3148,5.6,11.7,,1,0,4.0,Healthy,No,Medium
3149,6.8,7.3,3.6,4,2,8.0,Healthy,Yes,High
3150,5.2,7.6,8.8,4,3,6.0,Healthy,No,Medium
3151,8.7,11.4,3.0,0,0,2.0,Unhealthy,No,Low
3152,6.3,9.8,20.0,5,1,8.0,Healthy,No,High
3153,1.2,6.3,4.1,0,4,5.0,Healthy,No,Medium
3154,6.3,12.9,8.8,1,5,7.0,Unhealthy,No,High
3155,4.9,3.9,5.0,2,0,4.0,Unhealthy,Yes,Medium
3156,3.7,11.4,3.7,1,1,9.0,Healthy,No,High
3157,4.5,5.2,6.9,2,0,2.0,Healthy,Yes,Low
3158,7.2,14.7,7.3,1,2,10.0,Unhealthy,Yes,High
3159,9.7,4.4,7.3,4,0,9.0,Healthy,Yes,High
3160,7.6,12.5,5.5,3,0,4.0,Unhealthy,No,Medium
3161,5.8,8.8,6.5,1,0,6.0,Unhealthy,Yes,Medium
3162,7.9,7.9,4.7,0,3,5.0,Unhealthy,Yes,Medium
3163,6.1,9.6,9.3,2,5,3.0,Unhealthy,No,Low
3164,5.6,10.9,8.3,2,3,7.0,Healthy,No,High
3165,4.7,6.3,8.2,1,5,4.0,Unhealthy,No,Medium
3166,3.5,6.6,7.6,2,2,1.0,Unhealthy,No,Low
3167,6.2,10.9,7.0,0,4,8.0,Healthy,Yes,High
3168,7.3,3.9,3.5,4,3,3.0,Unhealthy,No,Low
3169,6.8,7.2,7.3,3,4,6.0,Unhealthy,Yes,Medium
3170,6.2,18.1,6.2,3,3,2.0,Unhealthy,Yes,Low
3171,5.1,6.1,8.5,2,1,9.0,Unhealthy,No,High
3172,8.2,12.4,7.6,1,1,4.0,Unhealthy,No,Medium
3173,40.0,7.2,7.1,2,0,7.0,Healthy,No,High
3174,8.6,10.5,2.6,0,4,9.0,Healthy,Yes,High
3175,5.0,11.0,5.8,5,0,3.0,Unhealthy,No,Low
3176,5.5,12.4,4.9,1,5,3.0,Healthy,No,Low
3177,4.1,8.4,6.5,4,0,3.0,Healthy,No,Low
3178,6.0,15.0,5.2,0,3,5.0,Unhealthy,No,Medium
3179,9.0,7.2,5.4,4,3,10.0,Unhealthy,Yes,High
3180,8.0,9.7,6.9,1,0,6.0,Unhealthy,Yes,Medium
3181,9.0,9.7,5.1,4,5,3.0,Unhealthy,No,Low
3182,8.0,5.6,,0,3,10.0,Unhealthy,No,High
3183,4.8,8.1,3.0,0,5,9.0,Unhealthy,No,High
3184,6.3,9.5,4.3,2,1,1.0,Healthy,No,Low
3185,5.4,7.7,7.3,5,1,7.0,Healthy,Yes,High
3186,9.7,16.3,3.5,1,4,9.0,Healthy,No,High
3187,4.6,6.5,8.5,3,1,5.0,Unhealthy,No,Medium
3188,8.8,12.5,7.9,5,5,3.0,Unhealthy,No,Low
3189,8.8,11.6,5.5,3,0,10.0,Unhealthy,Yes,High
3190,10.7,9.0,12.0,4,2,4.0,Unhealthy,Yes,Medium
3191,6.2,6.4,8.5,3,3,8.0,Unhealthy,No,High
3192,8.4,6.7,4.1,3,0,3.0,Healthy,No,Low
3193,11.6,7.4,7.5,0,3,,Healthy,Yes,Medium
3194,5.8,3.6,6.1,0,4,3.0,Unhealthy,No,Low
3195,3.9,6.0,4.4,0,0,6.0,Healthy,No,Medium
3196,3.2,4.6,3.9,3,0,1.0,Healthy,No,Low
3197,8.4,13.0,8.0,4,0,7.0,Healthy,No,High
3198,3.2,10.9,4.8,1,4,6.0,Healthy,Yes,Medium
3199,6.3,11.4,5.8,2,0,6.0,Healthy,Yes,Medium
3200,7.9,10.8,4.2,4,3,3.0,Healthy,Yes,Low
3201,7.4,9.5,4.5,0,2,1.0,Unhealthy,No,Low
3202,7.9,13.4,5.7,4,0,1.0,Healthy,Yes,Low
3203,7.4,7.2,6.8,1,4,7.0,Unhealthy,Yes,High
3204,9.6,9.3,0.8,5,4,4.0,Healthy,Yes,Medium
3205,5.1,11.2,6.0,0,0,,Unhealthy,Yes,Medium
3206,5.6,5.0,4.5,1,4,4.0,Unhealthy,Yes,Medium
3207,5.5,18.3,8.8,5,1,8.0,Unhealthy,Yes,High
3208,8.7,9.1,11.9,2,5,9.0,Healthy,Yes,High
3209,8.8,9.4,5.3,4,4,2.0,Healthy,No,Low
3210,7.9,12.8,2.6,2,2,1.0,Unhealthy,No,Low
3211,9.4,11.7,6.2,3,1,1.0,Unhealthy,Yes,Low
3212,4.6,9.1,5.6,4,3,7.0,Healthy,No,High
3213,10.3,9.4,9.9,5,1,2.0,Unhealthy,Yes,Low
3214,10.0,4.5,9.3,3,2,3.0,Healthy,No,Low
3215,8.5,7.3,7.7,1,5,4.0,Unhealthy,Yes,Medium
3216,10.6,10.6,4.8,3,1,9.0,Healthy,Yes,High
3217,3.7,10.3,7.4,5,0,10.0,Healthy,Yes,High
3218,6.0,12.7,6.5,5,4,2.0,Healthy,No,Low
3219,5.5,8.6,6.5,1,0,10.0,Unhealthy,No,High
3220,8.4,4.8,2.9,2,0,2.0,Healthy,Yes,Low
3221,4.9,12.2,8.1,0,0,1.0,Unhealthy,No,Low
3222,8.5,13.3,6.2,2,1,8.0,Unhealthy,Yes,High
3223,9.7,11.7,5.8,3,3,8.0,healthy,No,High
3224,8.4,8.5,4.8,1,5,5.0,Unhealthy,Yes,Medium
3225,7.6,12.1,4.4,3,4,3.0,Unhealthy,Yes,Low
3226,5.0,19.3,6.6,5,1,1.0,Unhealthy,No,Low
3227,5.3,9.3,2.5,0,5,2.0,Unhealthy,Yes,Low
3228,9.5,5.1,7.6,4,0,9.0,Unhealthy,Yes,High
3229,8.6,7.2,3.9,4,2,8.0,Unhealthy,Yes,High
3230,6.9,10.9,1.9,4,2,10.0,Healthy,Yes,High
3231,6.2,4.2,9.6,3,0,4.0,Unhealthy,No,Medium
3232,2.9,9.5,4.3,4,3,3.0,Unhealthy,Yes,Low
3233,4.9,10.1,4.6,1,5,5.0,Healthy,No,Medium
3234,10.8,24.0,8.3,0,4,8.0,Healthy,No,High
3235,4.4,12.9,9.7,5,5,10.0,Unhealthy,Yes,High
3236,7.4,24.0,2.9,2,1,6.0,Unhealthy,Yes,Medium
3237,9.0,2.5,4.1,5,3,10.0,Healthy,Yes,High
3238,4.5,11.8,4.2,1,2,4.0,Healthy,No,Medium
3239,7.4,11.1,7.9,0,0,8.0,Healthy,Yes,High
3240,8.9,9.8,9.3,2,1,4.0,Unhealthy,No,Medium
3241,7.0,3.8,3.8,4,3,,Healthy,Yes,Medium
3242,12.7,6.7,8.8,2,5,2.0,Unhealthy,Yes,Low
3243,3.7,5.5,4.6,3,3,10.0,Healthy,No,High
3244,9.1,3.0,6.7,3,3,4.0,Unhealthy,Yes,Medium
3245,6.7,9.0,3.5,4,5,10.0,Healthy,Yes,High
3246,8.5,6.6,5.8,4,1,10.0,Healthy,Yes,High
3247,7.9,16.9,5.8,1,4,3.0,Unhealthy,No,Low
3248,5.5,8.5,5.4,1,5,8.0,Healthy,No,High
3249,7.5,12.9,6.8,5,1,8.0,Unhealthy,Yes,High
3250,3.3,4.3,4.0,3,5,7.0,Healthy,No,High
3251,8.2,7.4,4.2,0,0,6.0,Unhealthy,No,Medium
3252,7.6,9.3,6.9,1,1,9.0,Unhealthy,Yes,High
3253,8.3,6.3,,0,3,4.0,Unhealthy,No,Medium
3254,9.1,7.7,6.0,5,4,4.0,Unhealthy,Yes,Medium
3255,7.7,8.3,7.0,3,4,6.0,Unhealthy,No,Medium
3256,7.3,8.3,7.5,1,0,1.0,Healthy,Yes,Low
3257,5.2,14.6,7.7,0,0,2.0,Unhealthy,No,Low
3258,5.6,10.1,4.1,5,2,2.0,Unhealthy,No,Low
3259,9.4,10.4,4.4,0,2,10.0,Healthy,Yes,High
3260,9.9,10.6,,1,2,4.0,Healthy,Yes,Medium
3261,6.5,10.8,9.9,4,1,5.0,Unhealthy,No,Medium
3262,7.1,8.8,7.0,5,4,2.0,Healthy,Yes,Low
3263,5.2,8.0,6.9,5,0,8.0,Unhealthy,Yes,High
3264,,9.5,6.7,2,2,5.0,Healthy,Yes,Medium
3265,8.3,12.5,3.4,4,0,8.0,Healthy,Yes,High
3266,10.9,12.4,9.9,5,2,9.0,Unhealthy,Yes,High
3267,5.2,8.3,7.0,2,1,9.0,Unhealthy,No,High
3268,6.2,11.3,7.4,0,5,4.0,Healthy,No,Medium
3269,7.5,8.4,2.5,1,1,10.0,Unhealthy,No,High
3270,8.3,9.1,7.6,5,3,2.0,Healthy,Yes,Low
3271,6.6,7.6,5.3,3,0,2.0,Unhealthy,No,Low
3272,5.3,8.5,3.4,1,5,5.0,Healthy,Yes,Medium
3273,,13.0,4.1,4,5,10.0,Unhealthy,No,High
3274,8.4,9.3,3.5,2,3,4.0,Unhealthy,Yes,Medium
3275,5.2,9.4,3.4,1,5,6.0,Healthy,No,Medium
3276,9.7,4.7,6.1,2,1,9.0,Unhealthy,No,High
3277,9.3,8.1,5.2,4,5,7.0,Healthy,No,High
3278,7.3,8.3,,4,1,4.0,Unhealthy,Yes,Medium
3279,7.2,6.5,9.4,1,5,7.0,Healthy,Yes,High
3280,8.1,9.1,5.7,5,5,2.0,Unhealthy,No,Low
3281,5.3,7.7,1.5,3,0,5.0,Unhealthy,Yes,Medium
3282,7.1,9.2,5.5,5,3,9.0,Healthy,No,High
3283,2.7,9.4,8.4,3,5,9.0,Healthy,No,High
3284,8.8,6.1,5.8,2,5,4.0,Unhealthy,No,Medium
3285,40.0,7.8,9.1,1,3,8.0,Healthy,No,High
3286,10.0,9.2,6.9,0,3,5.0,Unhealthy,No,Medium
3287,6.3,12.6,2.3,4,0,3.0,Healthy,No,Low
3288,6.6,9.8,6.2,5,0,6.0,Unhealthy,Yes,Medium
3289,5.7,7.0,6.6,2,0,4.0,Healthy,Yes,Medium
3290,6.4,10.2,8.2,4,4,3.0,Unhealthy,No,Low
3291,9.8,14.1,9.6,2,5,4.0,Healthy,Yes,Medium
3292,2.0,11.8,7.8,1,1,1.0,Unhealthy,Yes,Low
3293,9.6,10.6,6.9,2,4,10.0,Healthy,No,High
3294,7.7,11.2,7.4,2,4,8.0,Healthy,No,High
3295,4.6,13.3,5.7,0,1,9.0,Healthy,No,High
3296,4.8,12.2,3.1,2,5,6.0,Unhealthy,Yes,Medium
3297,10.4,10.7,6.1,3,2,5.0,Healthy,No,Medium
3298,5.1,12.2,6.7,2,2,9.0,Healthy,Yes,High
3299,4.7,5.8,3.6,2,2,4.0,Healthy,No,Medium
3300,9.3,4.5,8.7,1,0,1.0,Unhealthy,Yes,Low
3301,7.7,9.5,8.0,2,0,7.0,Unhealthy,No,High
3302,5.1,9.2,3.3,0,3,1.0,Healthy,Yes,Low
3303,7.4,7.4,8.7,1,3,9.0,Unhealthy,Yes,High
3304,4.9,11.5,5.4,4,4,4.0,Healthy,Yes,Medium
3305,9.2,3.4,4.4,3,3,3.0,Healthy,Yes,Low
3306,9.1,7.4,8.2,3,0,4.0,Unhealthy,Yes,Medium
3307,8.1,7.5,5.9,4,4,1.0,healthy,No,Low
3308,7.7,4.1,9.8,2,3,6.0,Healthy,Yes,Medium
3309,10.5,13.5,4.3,0,3,7.0,Healthy,No,High
3310,7.0,4.9,2.5,0,2,7.0,Unhealthy,Yes,High
3311,4.6,7.2,5.4,0,0,5.0,Unhealthy,No,Medium
3312,7.9,11.7,7.6,0,4,10.0,Healthy,Yes,High
3313,11.2,10.9,4.1,2,1,10.0,Healthy,Yes,High
3314,5.0,5.7,3.3,4,5,5.0,Unhealthy,No,Medium
3315,6.3,11.0,6.5,4,3,6.0,Unhealthy,Yes,Medium
3316,7.8,9.9,3.1,3,0,10.0,Unhealthy,Yes,High
3317,6.9,16.0,6.6,4,4,8.0,Unhealthy,Yes,High
3318,5.0,10.2,5.3,0,5,9.0,Healthy,No,High
3319,9.2,8.6,7.0,2,0,6.0,Unhealthy,Yes,Medium
3320,11.6,6.4,3.2,1,0,3.0,Healthy,No,Low
3321,7.4,6.8,8.6,1,4,6.0,Healthy,Yes,Medium
3322,,6.5,5.6,0,2,,Healthy,Yes,Medium
3323,3.9,13.1,7.5,5,5,4.0,Unhealthy,Yes,Medium
3324,7.5,9.1,7.9,3,2,7.0,Unhealthy,Yes,High
3325,9.2,10.7,3.7,1,3,6.0,Unhealthy,Yes,Medium
3326,8.0,13.5,7.8,5,2,8.0,Unhealthy,Yes,High
3327,7.0,1.9,3.1,0,3,8.0,Unhealthy,No,High
3328,5.8,12.8,3.3,2,3,3.0,Healthy,No,Low
3329,4.8,9.2,9.9,1,4,4.0,Unhealthy,No,Medium
3330,8.7,10.3,8.2,0,0,2.0,Healthy,Yes,Low
3331,8.8,6.5,10.1,1,1,1.0,Healthy,No,Low
3332,3.9,6.7,5.3,2,1,7.0,Unhealthy,Yes,High
3333,10.2,10.5,6.2,4,2,8.0,Unhealthy,No,High
3334,8.1,16.2,7.1,4,4,8.0,Healthy,No,High
3335,9.8,12.0,6.0,2,1,6.0,Unhealthy,No,Medium
3336,4.3,12.8,4.5,2,0,7.0,Healthy,Yes,High
3337,4.3,8.4,4.2,4,3,8.0,Healthy,Yes,High
3338,6.7,7.2,6.4,2,3,4.0,Unhealthy,Yes,Medium
3339,8.0,6.7,3.9,2,4,8.0,Healthy,no,High
3340,10.6,7.5,3.8,2,2,6.0,Healthy,No,Medium
3341,8.4,2.8,6.8,4,0,7.0,Unhealthy,No,High
3342,6.5,6.8,5.8,4,2,10.0,Healthy,Yes,High
3343,4.9,7.3,7.9,5,2,7.0,Unhealthy,No,High
3344,9.5,8.5,5.2,1,4,8.0,Unhealthy,Yes,High
3345,5.1,9.4,4.8,4,3,5.0,Healthy,Yes,Medium
3346,10.3,10.1,6.8,1,2,2.0,Healthy,No,Low
3347,6.4,9.0,4.4,4,2,8.0,Unhealthy,Yes,High
3348,10.2,7.3,4.7,3,0,1.0,Healthy,No,Low
3349,8.4,3.1,4.8,1,5,2.0,Unhealthy,Yes,Low
3350,6.7,7.3,5.6,2,3,5.0,Healthy,Yes,Medium
3351,6.0,6.1,9.5,3,2,4.0,Healthy,Yes,Medium
3352,6.3,10.4,3.2,5,5,2.0,Unhealthy,Yes,Low
3353,7.9,11.7,8.6,4,1,4.0,Healthy,Yes,Medium
3354,7.2,11.8,7.5,4,5,7.0,Unhealthy,Yes,High
3355,5.8,11.3,9.1,5,1,5.0,Unhealthy,No,Medium
3356,6.7,8.6,12.3,3,3,4.0,Unhealthy,No,Medium
3357,7.2,7.4,8.9,0,3,2.0,Healthy,Yes,Low
3358,2.7,6.8,7.9,2,4,2.0,Unhealthy,No,Low
3359,7.9,4.5,3.4,1,5,1.0,Healthy,Yes,Low
3360,5.0,12.0,3.6,3,2,10.0,Healthy,Yes,High
3361,4.7,8.5,6.7,1,1,6.0,Healthy,Yes,Medium
3362,3.6,5.3,2.6,4,5,6.0,Unhealthy,No,Medium
3363,3.4,6.5,7.2,0,1,4.0,Unhealthy,No,Medium
3364,4.3,6.4,1.7,5,3,9.0,Healthy,Yes,High
3365,5.6,9.1,8.3,0,3,4.0,Healthy,Yes,Medium
3366,10.9,12.2,5.4,1,0,3.0,Healthy,No,Low
3367,5.9,8.0,6.3,5,0,10.0,Unhealthy,No,High
3368,7.4,2.2,4.5,4,3,9.0,Unhealthy,No,High
3369,,8.4,2.2,5,0,1.0,Unhealthy,No,Low
3370,7.3,8.5,8.5,5,3,2.0,Healthy,Yes,Low
3371,6.8,8.3,20.0,0,5,1.0,Healthy,No,Low
3372,4.6,7.1,5.3,2,3,7.0,Healthy,No,High
3373,9.9,9.7,7.3,4,4,1.0,Healthy,Yes,Low
3374,10.6,9.2,5.2,3,0,1.0,Unhealthy,Yes,Low
3375,3.6,8.9,6.6,3,2,6.0,Unhealthy,No,Medium
3376,5.0,10.2,7.5,3,2,6.0,Unhealthy,Yes,Medium
3377,6.4,7.7,7.1,2,5,5.0,healthy,Yes,Medium
3378,5.1,7.5,8.7,4,4,4.0,Healthy,Yes,Medium
3379,8.0,13.1,7.0,5,2,8.0,Healthy,No,High
3380,5.5,10.7,6.1,1,2,3.0,Unhealthy,Yes,Low
3381,11.3,11.5,4.5,1,5,1.0,Healthy,Yes,Low
3382,9.4,12.7,5.0,4,5,1.0,Healthy,Yes,Low
3383,7.4,10.6,7.6,2,4,5.0,Healthy,Yes,Medium
3384,9.1,11.8,3.0,4,1,3.0,Healthy,No,Low
3385,9.2,4.3,8.2,1,4,3.0,Healthy,No,Low
3386,5.9,9.6,5.4,4,4,2.0,Unhealthy,No,Low
3387,5.4,8.5,4.4,3,0,9.0,Healthy,No,High
3388,7.2,14.0,3.8,5,2,6.0,Healthy,No,Medium
3389,8.7,11.8,7.3,4,2,7.0,Healthy,No,High
3390,7.3,7.1,6.0,5,1,2.0,Healthy,Yes,Low
3391,3.8,10.1,9.2,0,4,1.0,Unhealthy,No,Low
3392,5.4,9.5,3.5,4,3,8.0,Healthy,No,High
3393,6.9,10.4,4.8,1,1,10.0,Unhealthy,Yes,High
3394,6.8,5.9,5.8,1,1,4.0,Unhealthy,No,Medium
3395,10.9,10.1,4.5,5,2,9.0,Unhealthy,Yes,High
3396,4.2,8.3,6.0,1,2,9.0,Unhealthy,Yes,High
3397,8.0,9.8,6.6,3,2,4.0,Unhealthy,No,Medium
3398,10.0,6.8,7.0,1,2,10.0,Unhealthy,No,High
3399,11.5,7.2,9.0,0,1,3.0,Healthy,Yes,Low
3400,6.2,12.5,3.4,4,5,5.0,Healthy,Yes,Medium
3401,8.0,5.8,6.7,2,4,6.0,Unhealthy,Yes,Medium
3402,8.1,6.1,4.7,1,5,10.0,Unhealthy,Yes,High
3403,7.4,8.8,6.9,4,5,4.0,Unhealthy,Yes,Medium
3404,6.8,6.7,6.9,3,2,1.0,Healthy,Yes,Low
3405,7.9,6.3,4.0,4,0,7.0,Healthy,Yes,High
3406,1.9,9.3,4.2,1,1,5.0,Unhealthy,No,Medium
3407,8.4,4.5,7.0,1,3,2.0,Unhealthy,Yes,Low
3408,7.3,6.0,6.0,5,3,9.0,Healthy,No,High
3409,6.6,15.2,5.6,1,4,8.0,Healthy,No,High
3410,11.1,10.4,7.3,0,1,10.0,Unhealthy,No,High
3411,5.7,6.8,7.5,4,1,7.0,Unhealthy,Yes,High
3412,6.2,10.3,4.9,5,1,9.0,Unhealthy,No,High
3413,11.0,10.7,4.3,2,5,10.0,Healthy,Yes,High
3414,5.3,12.0,3.5,0,0,2.0,Healthy,Yes,Low
3415,5.9,8.6,6.1,2,0,3.0,Healthy,No,Low
3416,6.7,11.9,3.2,1,5,9.0,Healthy,Yes,High
3417,8.7,2.9,6.2,2,2,6.0,Unhealthy,No,Medium
3418,7.4,5.8,8.4,2,5,2.0,Healthy,Yes,Low
3419,4.4,9.5,5.3,0,3,6.0,Unhealthy,No,Medium
3420,5.9,10.0,4.9,0,5,5.0,Unhealthy,No,Medium
3421,5.8,6.3,10.0,4,0,10.0,Unhealthy,No,High
3422,6.8,9.8,9.0,2,3,,Unhealthy,Yes,Medium
3423,7.9,7.1,4.5,0,5,5.0,Unhealthy,Yes,Medium
3424,7.8,8.2,6.3,4,1,2.0,Healthy,Yes,Low
3425,3.4,12.1,6.7,2,0,6.0,Healthy,Yes,Medium
3426,9.1,11.7,6.4,2,3,7.0,Unhealthy,No,High
3427,40.0,6.0,9.6,5,0,9.0,Unhealthy,No,High
3428,9.8,5.8,6.2,1,1,5.0,Healthy,No,Medium
3429,7.9,7.8,6.5,0,1,5.0,Healthy,No,Medium
3430,9.2,8.9,7.4,3,1,9.0,Unhealthy,No,High
3431,7.9,7.0,8.4,5,2,6.0,Healthy,Yes,Medium
3432,9.7,12.1,7.9,0,5,7.0,Unhealthy,Yes,High
3433,8.0,10.0,7.1,5,3,4.0,Unhealthy,Yes,Medium
3434,6.8,10.2,2.9,1,2,4.0,Healthy,No,Medium
3435,11.5,5.2,5.0,5,4,1.0,Unhealthy,Yes,Low
3436,8.8,12.5,7.6,5,4,5.0,Healthy,No,Medium
3437,8.1,0.5,6.5,4,0,2.0,Healthy,No,Low
3438,4.4,11.5,7.7,0,0,5.0,Unhealthy,No,Medium
3439,4.4,11.8,9.8,2,0,5.0,Unhealthy,No,Medium
3440,7.6,7.7,3.6,3,2,4.0,Unhealthy,Yes,Medium
3441,7.3,12.8,8.3,4,5,10.0,Healthy,No,High
3442,5.8,8.8,5.3,0,1,9.0,Unhealthy,Yes,High
3443,7.3,9.2,7.9,4,0,5.0,Healthy,Yes,Medium
3444,10.2,10.0,5.9,2,0,6.0,Healthy,No,Medium
3445,8.4,18.6,10.3,5,5,1.0,Unhealthy,No,Low
3446,4.7,13.0,6.3,3,4,5.0,Healthy,Yes,Medium
3447,6.8,11.1,4.7,2,1,9.0,Unhealthy,no,High
3448,5.4,6.3,6.8,3,2,6.0,Unhealthy,No,Medium
3449,6.2,9.4,6.6,4,5,9.0,Healthy,No,High
3450,6.2,6.6,8.3,5,1,4.0,Unhealthy,Yes,Medium
3451,6.0,11.5,6.9,5,4,2.0,Unhealthy,Yes,Low
3452,4.5,9.4,11.0,0,2,9.0,Unhealthy,No,High
3453,6.7,5.6,5.8,3,3,4.0,Unhealthy,Yes,Medium
3454,5.9,9.2,5.8,2,0,2.0,Unhealthy,Yes,Low
3455,1.1,6.5,4.8,3,2,1.0,Unhealthy,Yes,Low
3456,11.1,9.5,6.2,4,4,2.0,Unhealthy,No,Low
3457,9.2,6.4,6.5,5,1,5.0,Healthy,Yes,Medium
3458,6.2,9.1,6.6,4,2,3.0,Unhealthy,Yes,Low
3459,7.0,11.3,6.1,4,4,6.0,Unhealthy,Yes,Medium
3460,4.7,8.8,4.8,0,5,4.0,Healthy,Yes,Medium
3461,10.4,7.8,4.2,4,2,2.0,Unhealthy,Yes,Low
3462,10.8,9.6,5.2,0,0,,Unhealthy,Yes,High
3463,7.3,11.1,8.3,1,5,6.0,Healthy,No,Medium
3464,9.0,5.7,20.0,3,1,8.0,Unhealthy,Yes,High
3465,7.4,9.8,5.8,5,5,10.0,Healthy,Yes,High
3466,4.3,13.0,4.1,5,1,5.0,Unhealthy,No,Medium
3467,6.2,10.7,5.8,2,2,3.0,Healthy,Yes,Low
3468,7.3,9.2,10.2,5,5,4.0,Unhealthy,No,Medium
3469,6.1,10.9,8.0,0,4,5.0,Healthy,No,Medium
3470,6.6,10.4,7.1,5,0,5.0,Healthy,Yes,Medium
3471,6.8,11.3,7.9,0,0,,Healthy,No,Medium
3472,6.8,2.9,9.1,5,2,9.0,Unhealthy,No,High
3473,7.1,4.3,3.7,2,3,4.0,Healthy,Yes,Medium
3474,4.9,12.0,5.2,3,5,7.0,Unhealthy,Yes,High
3475,5.6,4.5,4.9,4,2,7.0,Healthy,Yes,High
3476,4.4,10.2,7.2,3,5,6.0,Unhealthy,No,Medium
3477,9.0,7.9,6.3,0,0,1.0,Healthy,No,Low
3478,2.8,6.0,7.5,4,5,9.0,Healthy,No,High
3479,9.3,10.0,5.0,1,1,6.0,Healthy,No,Medium
3480,9.8,9.6,8.7,2,2,3.0,Healthy,No,Low
3481,6.4,15.3,5.9,3,2,2.0,Unhealthy,No,Low
3482,1.8,7.1,7.4,4,1,3.0,Unhealthy,No,Low
3483,6.3,13.3,8.4,2,5,1.0,Healthy,No,Low
3484,6.9,10.1,8.2,3,2,3.0,Healthy,No,Low
3485,5.0,7.0,6.7,0,4,5.0,Unhealthy,Yes,Medium
3486,6.0,11.4,7.6,0,1,4.0,Unhealthy,No,Medium
3487,10.1,10.7,9.5,0,1,10.0,Unhealthy,Yes,High
3488,8.3,9.1,7.0,1,5,1.0,Healthy,Yes,Low
3489,5.2,9.8,4.5,5,1,5.0,Unhealthy,Yes,Medium
3490,40.0,7.2,7.2,0,0,3.0,Healthy,Yes,Low
3491,6.3,6.5,5.9,0,2,10.0,Unhealthy,No,High
3492,6.6,11.3,1.3,5,3,7.0,Healthy,No,High
3493,8.0,8.3,6.9,0,2,10.0,Unhealthy,Yes,High
3494,5.9,8.8,6.2,4,2,8.0,Healthy,Yes,High
3495,8.0,9.8,8.3,2,0,5.0,Healthy,No,Medium
3496,10.9,9.8,4.5,1,4,10.0,Unhealthy,No,High
3497,8.6,4.7,3.0,3,4,8.0,Unhealthy,Yes,High
3498,6.9,12.9,6.3,5,0,6.0,Healthy,No,Medium
3499,6.6,9.4,6.8,5,0,6.0,Unhealthy,Yes,Medium
3500,6.3,8.4,6.2,5,0,5.0,Healthy,No,Medium
3501,9.4,10.3,6.0,1,2,10.0,Healthy,No,High
3502,5.7,9.7,3.9,2,0,6.0,Healthy,Yes,Medium
3503,7.1,11.3,5.7,0,3,1.0,Unhealthy,Yes,Low
3504,7.1,10.6,5.3,5,1,8.0,Unhealthy,No,High
3505,6.0,11.2,8.1,0,4,5.0,Healthy,Yes,Medium
3506,4.3,13.1,6.8,3,5,8.0,Healthy,No,High
3507,7.6,11.7,5.4,5,3,3.0,Healthy,No,Low
3508,6.9,8.5,9.4,1,5,10.0,Unhealthy,No,High
3509,8.0,5.6,5.5,1,4,6.0,Healthy,No,Medium
3510,5.9,14.0,7.1,3,2,1.0,Healthy,Yes,Low
3511,9.4,8.3,5.7,1,2,1.0,Healthy,No,Low
3512,5.2,7.6,9.3,1,0,4.0,Healthy,Yes,Medium
3513,10.4,3.8,,1,4,10.0,Unhealthy,Yes,High
3514,3.5,10.0,6.2,5,2,,Healthy,Yes,Medium
3515,7.9,9.4,5.7,3,2,3.0,Healthy,No,Low
3516,8.0,4.5,6.4,5,5,5.0,Healthy,No,Medium
3517,5.4,10.4,8.4,3,5,10.0,Healthy,Yes,High
3518,7.8,7.5,7.7,2,4,4.0,Unhealthy,Yes,Medium
3519,9.6,17.1,6.1,1,2,10.0,Healthy,Yes,High
3520,2.6,7.3,9.4,2,0,3.0,Unhealthy,Yes,Low
3521,8.0,7.7,7.7,4,2,9.0,Healthy,Yes,High
3522,2.0,6.4,5.1,4,3,4.0,Unhealthy,Yes,Medium
3523,5.1,12.8,3.2,1,3,10.0,Healthy,Yes,High
3524,10.3,7.9,5.2,0,0,7.0,Unhealthy,Yes,High
3525,5.8,6.8,6.8,4,3,5.0,Unhealthy,No,Medium
3526,4.7,11.1,7.2,0,5,7.0,Unhealthy,No,High
3527,6.6,4.9,8.7,2,2,5.0,Unhealthy,No,Medium
3528,11.1,10.9,3.8,1,3,3.0,Healthy,No,Low
3529,3.3,14.3,5.1,2,3,,Unhealthy,No,Medium
3530,4.9,10.7,3.6,5,2,9.0,Healthy,No,High
3531,10.0,10.9,3.3,2,4,6.0,Healthy,No,Medium
3532,10.7,11.6,4.7,3,0,4.0,Healthy,No,Medium
3533,6.8,14.1,6.7,1,4,,Healthy,No,Low
3534,4.5,12.6,7.5,3,4,3.0,Healthy,Yes,Low
3535,11.2,10.3,4.1,2,3,3.0,Unhealthy,No,Low
3536,10.2,11.7,4.4,0,1,2.0,Healthy,no,Low
3537,8.4,6.3,2.4,1,4,10.0,Unhealthy,Yes,High
3538,5.4,11.3,6.4,1,2,2.0,Healthy,No,Low
3539,6.9,6.0,4.5,4,2,8.0,Healthy,Yes,High
3540,40.0,7.9,9.3,0,2,8.0,Unhealthy,No,High
3541,7.7,-0.2,6.8,5,1,3.0,Healthy,Yes,Low
3542,9.9,10.2,5.7,0,1,4.0,Unhealthy,No,Medium
3543,8.8,7.1,4.7,2,5,5.0,Healthy,No,Medium
3544,4.8,12.3,3.0,2,0,9.0,healthy,No,High
3545,9.8,10.2,3.3,2,1,5.0,Healthy,No,Medium
3546,7.6,12.4,4.8,4,0,6.0,Unhealthy,Yes,Medium
3547,8.4,5.7,4.6,0,5,7.0,Unhealthy,No,High
3548,9.9,12.1,4.0,3,2,2.0,Unhealthy,No,Low
3549,4.8,15.3,6.8,0,1,4.0,Healthy,Yes,Medium
3550,6.9,11.3,7.0,3,3,6.0,Unhealthy,Yes,Medium
3551,5.9,11.4,5.1,1,5,4.0,Healthy,No,Medium
3552,3.9,9.5,9.9,3,3,5.0,Unhealthy,No,Medium
3553,7.7,7.4,2.5,1,3,3.0,Healthy,No,Low
3554,12.0,11.3,6.1,5,1,2.0,Healthy,No,Low
3555,3.3,4.5,5.6,5,1,1.0,Healthy,Yes,Low
3556,6.9,7.7,4.9,2,1,3.0,Healthy,No,Low
3557,8.3,3.7,4.6,0,3,10.0,Unhealthy,No,High
3558,7.2,6.9,6.0,2,2,9.0,Unhealthy,No,High
3559,6.8,10.9,5.5,0,4,1.0,Unhealthy,No,Low
3560,4.4,10.5,5.2,3,2,8.0,Unhealthy,Yes,High
3561,7.5,9.2,3.4,0,1,5.0,Healthy,Yes,Medium
3562,5.5,9.5,2.8,3,4,4.0,Unhealthy,No,Medium
3563,2.6,3.3,5.4,0,5,5.0,Healthy,No,Medium
3564,9.4,7.9,5.2,1,4,7.0,Unhealthy,No,High
3565,8.9,7.0,5.6,3,2,8.0,Healthy,Yes,High
3566,7.1,7.0,5.8,2,3,2.0,Healthy,No,Low
3567,7.5,10.8,5.0,2,0,6.0,Healthy,No,Medium
3568,9.1,6.4,,2,3,4.0,Healthy,Yes,Medium
3569,7.4,7.2,4.3,2,3,8.0,Healthy,Yes,High
3570,8.8,2.7,9.0,1,4,4.0,Healthy,No,Medium
3571,6.4,8.1,4.4,1,1,3.0,Healthy,Yes,Low
3572,9.6,5.7,5.3,4,1,5.0,Healthy,No,Medium
3573,7.6,9.2,4.6,4,4,4.0,Unhealthy,Yes,Medium
3574,7.4,6.1,4.5,4,3,5.0,Healthy,No,Medium
3575,4.5,9.3,6.0,5,2,9.0,Unhealthy,Yes,High
3576,7.6,8.6,5.8,4,5,3.0,Unhealthy,Yes,Low
3577,5.3,14.0,5.1,0,0,2.0,Healthy,No,Low
3578,5.7,10.5,5.4,5,3,2.0,Unhealthy,Yes,Low
3579,5.4,3.5,4.6,3,3,9.0,Unhealthy,Yes,High
3580,4.9,5.2,6.8,2,0,7.0,Unhealthy,Yes,High
3581,,9.2,10.1,0,2,10.0,Healthy,No,High
3582,9.7,6.2,4.3,5,0,4.0,Unhealthy,Yes,Medium
3583,10.8,0.1,6.8,1,4,6.0,Healthy,No,Medium
3584,4.6,13.0,,2,0,10.0,Healthy,Yes,High
3585,7.1,11.2,7.3,3,0,6.0,Unhealthy,No,Medium
3586,4.4,10.6,7.4,3,3,3.0,Healthy,Yes,Low
3587,5.6,7.2,6.4,1,3,9.0,Unhealthy,Yes,High
3588,5.2,10.3,5.9,2,1,4.0,Healthy,No,Medium
3589,9.5,6.9,5.1,4,0,1.0,Unhealthy,Yes,Low
3590,6.2,9.6,4.5,2,4,2.0,Healthy,No,Low
3591,9.1,6.2,5.8,2,1,5.0,Unhealthy,No,Medium
3592,8.2,13.5,3.4,3,5,8.0,Unhealthy,No,High
3593,11.6,4.3,4.8,1,0,7.0,Healthy,Yes,High
3594,4.0,12.7,8.2,2,3,9.0,Unhealthy,No,High
3595,9.5,9.1,6.2,0,4,1.0,Healthy,No,Low
3596,,7.5,7.8,0,2,2.0,Healthy,No,Low
3597,5.1,9.5,8.9,1,1,10.0,Healthy,Yes,High
3598,9.0,11.2,5.6,4,3,4.0,Healthy,Yes,Medium
3599,7.7,13.1,6.4,5,2,7.0,Unhealthy,Yes,High
3600,6.5,9.9,5.4,2,0,1.0,Unhealthy,No,Low
3601,5.4,6.3,4.4,5,4,5.0,Unhealthy,No,Medium
3602,5.6,9.2,4.1,2,3,2.0,Unhealthy,Yes,Low
3603,11.1,14.5,7.7,3,3,,Healthy,Yes,Low
3604,7.0,13.0,6.4,2,4,2.0,Healthy,Yes,Low
3605,8.6,11.7,9.7,5,3,9.0,Healthy,No,High
3606,5.4,11.4,7.9,4,3,10.0,Unhealthy,Yes,High
3607,5.4,11.1,4.5,2,0,5.0,Unhealthy,Yes,Medium
3608,9.2,12.5,7.7,2,1,8.0,Healthy,Yes,High
3609,4.3,7.6,5.4,3,2,10.0,Healthy,Yes,High
3610,6.2,4.9,8.4,0,5,6.0,Healthy,No,Medium
3611,7.1,9.2,5.0,0,4,1.0,Healthy,Yes,Low
3612,7.2,6.5,3.9,4,2,10.0,Healthy,Yes,High
3613,6.6,5.8,4.4,1,4,9.0,Healthy,Yes,High
3614,7.8,6.8,4.5,1,5,7.0,Unhealthy,Yes,High
3615,8.4,16.5,4.3,3,4,,Unhealthy,No,Low
3616,8.5,9.4,4.9,5,3,8.0,Healthy,Yes,High
3617,5.0,10.1,7.7,5,5,2.0,Unhealthy,No,Low
3618,6.4,5.3,9.6,2,5,2.0,Unhealthy,No,Low
3619,9.4,3.5,3.3,3,0,4.0,Unhealthy,No,Medium
3620,8.8,6.5,8.5,5,4,8.0,Unhealthy,No,High
3621,4.3,13.3,5.0,0,5,7.0,Healthy,Yes,High
3622,7.7,10.0,6.7,4,2,2.0,Healthy,No,Low
3623,3.0,10.8,2.7,1,1,10.0,Unhealthy,No,High
3624,7.1,11.2,7.0,2,2,,Healthy,No,Medium
3625,10.8,7.2,2.0,1,5,4.0,Unhealthy,Yes,Medium
3626,5.1,13.2,6.6,0,0,10.0,Healthy,No,High
3627,5.3,7.1,6.5,2,1,1.0,Healthy,No,Low
3628,8.5,13.2,6.4,0,3,8.0,Unhealthy,Yes,High
3629,3.9,10.3,4.5,1,2,8.0,Healthy,Yes,High
3630,5.7,3.6,7.1,1,2,6.0,Healthy,no,Medium
3631,8.2,6.8,6.8,0,5,10.0,Healthy,No,High
3632,5.7,3.6,5.6,2,4,7.0,Unhealthy,Yes,High
3633,6.5,12.5,7.3,0,4,3.0,Unhealthy,Yes,Low
3634,8.5,8.9,5.8,2,1,9.0,Unhealthy,Yes,High
3635,7.8,2.3,7.1,3,3,4.0,Healthy,No,Medium
3636,7.5,10.1,5.7,3,4,2.0,Healthy,No,Low
3637,6.3,7.4,6.4,2,5,4.0,Unhealthy,No,Medium
3638,7.7,4.5,7.1,0,2,2.0,Unhealthy,Yes,Low
3639,6.8,14.0,5.2,2,1,4.0,Unhealthy,No,Medium
3640,7.9,9.3,3.5,1,4,2.0,Unhealthy,No,Low
3641,6.0,8.1,6.6,0,4,8.0,Healthy,No,High
3642,6.6,7.8,8.4,5,0,6.0,Healthy,No,Medium
3643,5.0,4.5,6.6,2,1,8.0,Healthy,Yes,High
3644,6.9,5.1,6.6,1,1,1.0,Healthy,Yes,Low
3645,5.4,12.9,5.9,4,5,9.0,Unhealthy,Yes,High
3646,4.8,7.6,7.5,1,3,2.0,Unhealthy,No,Low
3647,7.5,9.1,,5,4,8.0,Unhealthy,No,High
3648,7.4,2.9,5.1,2,1,4.0,Healthy,Yes,Medium
3649,8.6,5.0,8.2,0,5,2.0,Unhealthy,Yes,Low
3650,6.1,10.8,4.9,0,3,1.0,Unhealthy,No,Low
3651,7.8,10.1,7.8,3,4,4.0,Unhealthy,No,Medium
3652,8.1,14.3,8.2,5,2,10.0,Healthy,No,High
3653,7.9,13.0,,2,0,1.0,Unhealthy,No,Low
3654,5.3,8.3,3.5,1,3,8.0,Unhealthy,Yes,High
3655,7.3,10.4,6.1,1,0,2.0,Healthy,No,Low
3656,7.7,8.1,5.6,5,2,8.0,Healthy,Yes,High
3657,7.0,15.2,5.0,2,1,10.0,Unhealthy,Yes,High
3658,2.8,12.4,6.3,1,4,1.0,Unhealthy,Yes,Low
3659,7.3,9.5,7.5,4,1,7.0,Unhealthy,No,High
3660,11.4,9.6,5.1,5,0,7.0,Healthy,No,High
3661,6.3,13.3,5.7,3,1,5.0,Healthy,Yes,Medium
3662,5.5,10.7,5.5,0,1,3.0,Unhealthy,No,Low
3663,7.7,13.7,,1,3,6.0,Healthy,Yes,Medium
3664,7.6,2.4,5.5,4,5,5.0,Healthy,Yes,Medium
3665,9.4,10.4,3.5,2,3,9.0,Healthy,No,High
3666,4.5,7.5,2.9,1,2,4.0,Unhealthy,No,Medium
3667,8.5,14.3,6.7,5,3,9.0,Healthy,Yes,High
3668,8.2,13.6,4.5,2,3,10.0,Healthy,No,High
3669,6.7,9.1,7.3,4,3,6.0,Unhealthy,Yes,Medium
3670,7.7,13.6,3.3,4,3,9.0,Healthy,No,High
3671,9.1,14.3,4.9,0,5,3.0,Unhealthy,No,Low
3672,8.7,9.2,3.3,2,2,1.0,Healthy,No,Low
3673,4.7,16.4,6.9,3,3,6.0,Unhealthy,No,Medium
3674,8.6,8.9,7.3,0,3,4.0,Healthy,Yes,Medium
3675,6.9,8.4,6.7,2,0,10.0,Healthy,Yes,High
3676,7.1,11.6,3.8,2,3,4.0,Healthy,Yes,Medium
3677,7.1,7.9,4.5,4,2,4.0,Healthy,No,Medium
3678,6.7,9.3,6.5,5,5,1.0,Unhealthy,No,Low
3679,9.4,13.2,2.6,4,2,5.0,Healthy,Yes,Medium
3680,6.8,9.1,5.5,2,1,9.0,Healthy,Yes,High
3681,4.8,3.9,9.0,5,3,3.0,Healthy,Yes,Low
3682,6.2,10.1,5.6,5,4,2.0,Unhealthy,No,Low
3683,7.4,6.9,3.0,4,1,2.0,Healthy,Yes,Low
3684,9.5,11.6,,2,2,10.0,Healthy,Yes,High
3685,8.2,11.1,4.7,2,1,7.0,Healthy,no,High
3686,5.3,13.4,10.3,5,4,6.0,Unhealthy,No,Medium
3687,12.0,11.7,9.3,0,0,2.0,Healthy,No,Low
3688,7.5,12.3,7.5,0,4,1.0,Unhealthy,Yes,Low
3689,9.6,7.0,5.3,3,5,7.0,Healthy,No,High
3690,6.7,11.4,8.4,0,5,6.0,Healthy,No,Medium
3691,8.1,14.9,3.7,1,1,5.0,Unhealthy,Yes,Medium
3692,8.7,6.9,8.2,1,3,5.0,Healthy,No,Medium
3693,9.4,14.4,7.9,4,0,10.0,Unhealthy,No,High
3694,9.1,7.4,5.7,5,5,3.0,Unhealthy,Yes,Low
3695,40.0,6.4,8.3,1,4,5.0,Unhealthy,Yes,Medium
3696,6.4,9.9,5.1,0,3,6.0,Healthy,Yes,Medium
3697,5.9,11.1,3.5,5,4,7.0,Healthy,No,High
3698,7.7,11.7,8.0,3,2,7.0,Unhealthy,Yes,High
3699,8.9,6.1,5.8,2,3,10.0,Healthy,Yes,High
3700,6.6,10.3,7.2,3,2,10.0,Unhealthy,No,High
3701,9.1,6.9,9.6,0,0,8.0,Healthy,No,High
3702,9.9,4.5,4.6,0,0,5.0,Unhealthy,No,Medium
3703,5.2,6.2,5.7,0,0,4.0,Unhealthy,No,Medium
3704,5.3,6.7,9.1,4,0,7.0,Healthy,No,High
3705,6.7,10.6,7.3,1,2,2.0,Unhealthy,No,Low
3706,7.6,12.5,4.6,0,2,8.0,Unhealthy,No,High
3707,6.0,4.6,4.1,2,5,4.0,Healthy,No,Medium
3708,9.7,10.1,4.9,1,1,10.0,Healthy,No,High
3709,7.8,5.5,4.5,1,1,1.0,Healthy,Yes,Low
3710,7.1,10.9,6.5,4,2,2.0,Unhealthy,No,Low
3711,4.1,7.1,6.2,3,0,1.0,Healthy,Yes,Low
3712,4.4,5.8,6.6,5,1,5.0,Unhealthy,No,Medium
3713,7.6,11.4,4.3,1,3,1.0,Healthy,Yes,Low
3714,2.7,7.2,5.9,1,2,9.0,Healthy,No,High
3715,9.0,8.1,1.9,0,3,4.0,Healthy,Yes,Medium
3716,6.7,2.3,6.3,2,0,10.0,Unhealthy,No,High
3717,13.5,11.8,8.4,0,5,3.0,Healthy,No,Low
3718,11.6,11.5,3.2,2,2,9.0,Unhealthy,Yes,High
3719,6.6,9.0,7.0,1,1,4.0,Healthy,Yes,Medium
3720,6.8,4.4,4.8,2,5,1.0,Healthy,No,Low
3721,9.0,12.6,7.6,0,1,2.0,Healthy,No,Low
3722,,7.0,6.3,0,3,4.0,Healthy,No,Medium
3723,3.7,7.6,6.8,3,2,1.0,Healthy,No,Low
3724,3.4,15.9,6.1,4,5,6.0,Healthy,No,Medium
3725,5.8,6.9,8.7,3,0,7.0,Unhealthy,No,High
3726,8.2,11.2,6.7,1,4,1.0,Unhealthy,No,Low
3727,8.0,10.7,4.6,2,4,6.0,Unhealthy,No,Medium
3728,9.1,10.2,6.2,0,5,3.0,Unhealthy,Yes,Low
3729,4.6,9.8,5.3,0,0,7.0,Unhealthy,Yes,High
3730,2.4,10.1,6.3,0,1,2.0,Unhealthy,Yes,Low
3731,8.7,9.8,5.2,5,4,2.0,Healthy,No,Low
3732,5.3,8.8,4.6,0,0,4.0,Healthy,No,Medium
3733,3.0,13.5,6.4,5,5,8.0,Healthy,Yes,High
3734,7.3,5.1,6.1,1,5,3.0,Unhealthy,Yes,Low
3735,8.6,12.1,8.1,4,5,8.0,Unhealthy,No,High
3736,6.8,11.5,5.2,3,3,7.0,Healthy,No,High
3737,6.1,11.1,2.0,5,1,5.0,Unhealthy,No,Medium
3738,6.7,12.4,5.3,3,0,4.0,Unhealthy,Yes,Medium
3739,6.3,8.7,2.7,5,5,10.0,Healthy,Yes,High
3740,4.3,3.4,6.8,0,3,10.0,Unhealthy,Yes,High
3741,5.6,8.8,2.7,0,2,2.0,Unhealthy,No,Low
3742,8.0,6.0,4.0,2,4,9.0,Healthy,No,High
3743,7.6,6.8,5.3,0,4,4.0,Healthy,Yes,Medium
3744,7.3,5.3,9.1,3,4,5.0,Healthy,No,Medium
3745,5.0,7.6,3.9,2,0,2.0,Unhealthy,Yes,Low
3746,6.6,7.2,6.0,2,2,2.0,Unhealthy,Yes,Low
3747,2.6,1.9,,0,0,2.0,Unhealthy,No,Low
3748,7.4,11.1,9.0,2,5,10.0,Unhealthy,No,High
3749,9.9,15.7,7.6,4,0,2.0,Healthy,No,Low
3750,4.1,10.8,8.2,0,2,9.0,Healthy,No,High
3751,5.8,8.4,7.7,4,5,5.0,Unhealthy,Yes,Medium
3752,7.7,8.8,3.6,0,5,6.0,Healthy,Yes,Medium
3753,9.5,7.7,6.7,5,3,4.0,Unhealthy,Yes,Medium
3754,6.1,9.3,7.7,4,5,2.0,Healthy,Yes,Low
3755,5.6,8.9,4.1,0,1,3.0,Healthy,No,Low
3756,3.1,6.5,4.8,3,4,3.0,Unhealthy,Yes,Low
3757,7.2,14.0,4.4,5,2,10.0,Unhealthy,Yes,High
3758,11.1,4.5,7.5,5,3,8.0,Unhealthy,Yes,High
3759,7.6,11.2,5.9,5,5,8.0,Unhealthy,Yes,High
3760,7.0,8.7,5.4,0,2,6.0,healthy,No,Medium
3761,7.6,14.7,3.4,3,1,10.0,Healthy,Yes,High
3762,,10.0,5.9,1,2,8.0,Healthy,No,High
3763,5.4,7.9,4.9,5,2,3.0,Healthy,No,Low
3764,8.6,8.3,6.5,1,3,7.0,Unhealthy,Yes,High
3765,7.5,9.1,3.7,0,4,5.0,Unhealthy,No,Medium
3766,7.0,5.6,6.4,5,4,9.0,Unhealthy,No,High
3767,5.0,6.7,5.1,3,3,9.0,Healthy,Yes,High
3768,9.6,3.6,3.5,3,3,5.0,Healthy,Yes,Medium
3769,8.3,6.2,3.3,5,0,6.0,Unhealthy,No,Medium
3770,5.9,9.3,3.6,2,0,1.0,Unhealthy,Yes,Low
3771,9.0,9.9,5.6,2,1,4.0,Healthy,No,Medium
3772,6.0,3.1,6.2,5,0,1.0,Unhealthy,No,Low
3773,5.4,8.6,6.5,4,0,4.0,Unhealthy,Yes,Medium
3774,5.5,10.7,6.6,2,2,1.0,Healthy,Yes,Low
3775,3.5,8.5,4.5,0,2,10.0,Unhealthy,Yes,High
3776,7.9,7.1,8.1,2,3,4.0,Unhealthy,Yes,Medium
3777,,7.8,5.1,2,5,6.0,Unhealthy,No,Medium
3778,4.5,7.4,6.9,0,4,9.0,Unhealthy,No,High
3779,2.8,7.1,5.7,0,1,2.0,Unhealthy,No,Low
3780,6.8,9.5,6.8,4,0,2.0,Healthy,No,Low
3781,6.7,15.9,5.6,3,2,6.0,Healthy,Yes,Medium
3782,6.3,6.8,6.8,2,4,10.0,Unhealthy,No,High
3783,,8.0,6.0,5,0,6.0,Unhealthy,No,Medium
3784,4.7,8.8,7.6,5,5,3.0,Healthy,No,Low
3785,7.9,6.9,,1,4,2.0,Healthy,No,Low
3786,5.9,12.3,2.5,3,2,3.0,Unhealthy,Yes,Low
3787,7.6,1.9,4.1,0,3,4.0,Unhealthy,Yes,Medium
3788,5.2,7.4,8.1,5,5,4.0,Healthy,Yes,Medium
3789,7.4,11.5,5.7,2,5,7.0,Unhealthy,No,High
3790,9.6,8.1,6.2,4,0,,Unhealthy,No,Medium
3791,8.2,6.5,3.9,1,0,10.0,Healthy,Yes,High
3792,6.2,10.3,6.1,3,1,6.0,Unhealthy,Yes,Medium
3793,7.5,11.7,4.0,2,0,6.0,Healthy,No,Medium
3794,6.5,9.6,4.2,0,2,10.0,Healthy,No,High
3795,7.0,6.6,5.2,3,4,3.0,Unhealthy,No,Low
3796,6.3,10.4,6.9,1,5,9.0,Healthy,No,High
3797,6.7,7.8,7.1,0,4,10.0,Unhealthy,No,High
3798,7.4,11.2,7.2,1,3,5.0,Healthy,Yes,Medium
3799,5.0,13.4,2.8,2,5,10.0,Unhealthy,Yes,High
3800,,1.2,6.0,3,5,9.0,Healthy,Yes,High
3801,4.2,9.3,5.6,4,3,10.0,Healthy,Yes,High
3802,3.8,3.8,2.9,2,2,6.0,Unhealthy,No,Medium
3803,4.6,16.3,6.0,5,4,6.0,Healthy,No,Medium
3804,7.3,7.6,5.5,2,5,9.0,Unhealthy,No,High
3805,5.2,11.2,7.0,4,3,10.0,Healthy,Yes,High
3806,40.0,8.9,6.2,4,5,5.0,Unhealthy,Yes,Medium
3807,7.1,6.6,4.9,5,3,3.0,Healthy,No,Low
3808,3.1,6.2,7.9,5,1,3.0,Unhealthy,Yes,Low
3809,8.3,13.8,1.6,0,1,2.0,Healthy,No,Low
3810,8.6,11.9,20.0,1,2,2.0,Unhealthy,No,Low
3811,5.0,14.8,2.5,2,2,6.0,Healthy,Yes,Medium
3812,7.8,9.2,4.2,0,2,8.0,Unhealthy,Yes,High
3813,5.3,9.9,7.0,5,2,8.0,Unhealthy,No,High
3814,7.2,8.2,3.5,0,4,8.0,Healthy,Yes,High
3815,4.5,8.1,3.2,2,0,10.0,Unhealthy,Yes,High
3816,3.4,5.9,10.8,1,2,7.0,Healthy,Yes,High
3817,6.2,9.3,3.3,4,1,2.0,Unhealthy,Yes,Low
3818,6.8,6.6,9.3,2,5,10.0,Unhealthy,Yes,High
3819,6.2,10.3,5.7,1,0,2.0,Unhealthy,Yes,Low
3820,4.6,9.5,5.0,4,0,10.0,Unhealthy,Yes,High
3821,6.2,9.9,7.1,3,4,7.0,Healthy,Yes,High
3822,7.5,14.0,8.7,2,3,4.0,Unhealthy,Yes,Medium
3823,6.9,8.9,3.7,5,5,6.0,Unhealthy,No,Medium
3824,7.4,11.3,5.0,2,5,9.0,Unhealthy,Yes,High
3825,5.7,15.2,7.7,5,0,5.0,Unhealthy,No,Medium
3826,9.3,12.9,6.6,1,4,10.0,Healthy,No,High
3827,4.6,12.5,8.2,0,4,4.0,Unhealthy,No,Medium
3828,8.0,8.1,7.0,0,4,3.0,Healthy,Yes,Low
3829,9.4,9.7,9.6,1,2,7.0,Healthy,Yes,High
3830,8.0,5.0,6.4,2,5,7.0,Unhealthy,Yes,High
3831,6.6,10.5,6.4,2,3,7.0,Unhealthy,No,High
3832,5.9,9.8,6.6,5,2,5.0,Unhealthy,Yes,Medium
3833,,9.1,5.7,2,1,10.0,Unhealthy,No,High
3834,4.2,12.1,7.7,3,3,8.0,Unhealthy,Yes,High
3835,5.1,5.4,6.5,5,2,2.0,Healthy,Yes,Low
3836,6.2,13.9,7.6,0,3,,Unhealthy,Yes,Medium
3837,9.5,11.7,7.9,3,1,1.0,Unhealthy,No,Low
3838,40.0,8.8,6.9,2,2,6.0,Unhealthy,No,Medium
3839,5.1,8.6,7.0,0,3,6.0,Healthy,Yes,Medium
3840,6.4,10.4,4.0,5,1,3.0,Unhealthy,Yes,Low
3841,5.8,13.6,4.9,2,5,1.0,Healthy,No,Low
3842,5.6,9.3,7.7,5,4,5.0,Healthy,No,Medium
3843,9.0,9.4,8.8,2,3,1.0,Healthy,Yes,Low
3844,4.3,9.1,2.1,1,1,3.0,Healthy,No,Low
3845,10.2,14.3,4.9,0,5,8.0,Healthy,No,High
3846,8.7,7.9,6.0,2,4,10.0,Healthy,Yes,High
3847,9.2,8.9,4.2,4,1,9.0,Unhealthy,Yes,High
3848,6.1,13.4,4.4,4,5,3.0,Unhealthy,Yes,Low
3849,6.7,9.4,6.9,5,5,9.0,Healthy,Yes,High
3850,4.1,12.4,9.2,2,5,7.0,Unhealthy,No,High
3851,6.0,6.3,1.9,1,0,8.0,Unhealthy,Yes,High
3852,8.0,8.4,5.7,5,1,6.0,Unhealthy,No,Medium
3853,9.6,13.5,6.9,2,2,5.0,Healthy,Yes,Medium
3854,4.8,7.0,7.6,4,2,10.0,Unhealthy,No,High
3855,6.3,24.0,6.6,0,2,8.0,Healthy,Yes,High
3856,6.7,9.8,9.5,1,2,2.0,Healthy,No,Low
3857,4.2,6.0,6.1,2,5,7.0,Unhealthy,Yes,High
3858,8.2,7.8,8.6,4,5,1.0,Healthy,Yes,Low
3859,,9.3,4.7,0,0,7.0,Unhealthy,Yes,High
3860,6.6,9.1,6.1,4,0,6.0,Unhealthy,Yes,Medium
3861,6.1,12.8,3.6,5,0,4.0,Unhealthy,Yes,Medium
3862,5.4,13.6,7.8,1,4,3.0,Healthy,Yes,Low
3863,7.0,6.4,5.8,5,3,9.0,Healthy,Yes,High
3864,6.6,9.3,6.7,3,2,6.0,Unhealthy,Yes,Medium
3865,6.3,11.0,5.4,2,3,6.0,Healthy,No,Medium
3866,5.5,13.5,7.2,5,2,1.0,Unhealthy,Yes,Low
3867,7.6,11.2,6.8,0,2,5.0,Unhealthy,No,Medium
3868,10.3,9.9,4.0,1,2,7.0,Unhealthy,Yes,High
3869,7.3,11.0,4.1,1,0,4.0,Healthy,Yes,Medium
3870,9.0,11.0,5.9,3,5,,Unhealthy,Yes,Low
3871,4.2,6.2,7.3,3,4,9.0,Healthy,No,High
3872,7.3,9.6,9.7,2,2,6.0,Unhealthy,No,Medium
3873,4.8,13.4,6.6,5,2,9.0,Unhealthy,No,High
3874,4.0,8.4,8.0,2,2,8.0,Unhealthy,No,High
3875,5.5,9.4,2.8,5,1,1.0,Unhealthy,No,Low
3876,9.4,8.3,10.0,5,2,2.0,Unhealthy,Yes,Low
3877,8.9,2.1,7.2,1,0,2.0,Unhealthy,No,Low
3878,7.5,9.1,20.0,5,0,2.0,Unhealthy,No,Low
3879,3.9,9.9,5.7,2,3,4.0,Healthy,No,Medium
3880,6.6,7.5,3.8,2,5,7.0,Unhealthy,No,High
3881,7.6,5.5,4.4,3,5,7.0,Unhealthy,No,High
3882,7.4,6.4,9.8,1,0,1.0,Unhealthy,No,Low
3883,3.3,11.3,4.0,4,3,8.0,Unhealthy,No,High
3884,5.2,14.9,4.0,4,4,4.0,Unhealthy,Yes,Medium
3885,6.9,13.1,4.6,0,1,8.0,Unhealthy,No,High
3886,8.1,5.0,3.6,3,0,10.0,Unhealthy,No,High
3887,2.6,11.6,6.0,0,2,9.0,Unhealthy,Yes,High
3888,6.7,7.0,8.2,1,4,7.0,Healthy,Yes,High
3889,7.3,7.3,4.8,4,2,3.0,Unhealthy,Yes,Low
3890,8.7,7.6,3.3,4,3,3.0,Healthy,Yes,Low
3891,8.4,11.1,6.6,4,3,5.0,Healthy,No,Medium
3892,8.2,11.9,5.9,0,1,7.0,Healthy,No,High
3893,5.4,8.7,8.0,2,4,7.0,Healthy,No,High
3894,3.2,8.8,5.1,0,3,9.0,Unhealthy,No,High
3895,6.2,10.4,5.5,4,2,1.0,Unhealthy,Yes,Low
3896,9.0,10.7,5.7,3,5,3.0,Healthy,No,Low
3897,9.8,12.5,6.2,3,0,1.0,Unhealthy,No,Low
3898,8.4,5.1,5.2,5,0,6.0,Healthy,No,Medium
3899,7.9,9.1,4.9,0,5,10.0,Healthy,No,High
3900,7.8,5.8,,5,4,7.0,Healthy,No,High
3901,,8.8,4.9,5,4,,Healthy,No,Low
3902,6.7,8.3,7.4,0,3,9.0,Healthy,Yes,High
3903,10.3,8.9,7.7,5,0,5.0,Unhealthy,Yes,Medium
3904,5.1,6.6,5.1,1,5,3.0,Healthy,No,Low
3905,,4.5,8.6,0,1,7.0,Unhealthy,Yes,High
3906,6.4,2.7,5.9,5,5,7.0,Healthy,Yes,High
3907,9.7,8.6,3.3,5,1,1.0,Healthy,No,Low
3908,4.2,7.7,2.7,0,5,6.0,Healthy,Yes,Medium
3909,8.2,7.0,8.4,4,5,3.0,Unhealthy,Yes,Low
3910,5.5,13.0,5.3,5,5,7.0,Unhealthy,Yes,High
3911,4.2,6.4,3.6,2,5,5.0,Unhealthy,No,Medium
3912,7.4,13.3,1.5,4,5,4.0,Healthy,No,Medium
3913,9.0,13.9,5.2,2,5,10.0,Unhealthy,Yes,High
3914,5.3,3.1,6.8,4,1,7.0,Healthy,No,High
3915,4.0,9.3,4.6,4,1,7.0,Unhealthy,No,High
3916,6.8,7.8,3.9,1,3,8.0,Healthy,No,High
3917,6.8,0.3,4.9,5,5,5.0,Unhealthy,No,Medium
3918,8.1,4.7,8.5,2,2,4.0,Healthy,No,Medium
3919,8.9,11.3,3.2,4,1,1.0,Unhealthy,Yes,Low
3920,6.9,15.1,4.7,4,3,4.0,Healthy,No,Medium
3921,10.7,11.7,8.4,2,1,10.0,Healthy,Yes,High
3922,7.4,10.0,20.0,1,1,1.0,Unhealthy,No,Low
3923,6.3,8.9,6.4,2,5,7.0,Unhealthy,No,High
3924,3.8,14.0,4.7,1,2,6.0,Unhealthy,Yes,Medium
3925,6.5,15.4,6.1,1,1,7.0,Unhealthy,Yes,High
3926,6.3,7.2,4.9,3,3,8.0,Healthy,Yes,High
3927,8.9,3.0,4.3,1,5,6.0,Healthy,Yes,Medium
3928,7.9,2.7,3.8,3,3,2.0,Unhealthy,No,Low
3929,4.6,13.0,7.6,5,0,2.0,Healthy,Yes,Low
3930,7.3,8.9,5.9,0,4,9.0,Unhealthy,No,High
3931,8.3,9.5,6.6,1,1,6.0,Unhealthy,No,Medium
3932,10.1,3.6,6.3,2,5,6.0,Healthy,Yes,Medium
3933,8.8,6.7,6.9,3,1,1.0,Unhealthy,Yes,Low
3934,8.5,8.1,5.5,0,3,8.0,Unhealthy,Yes,High
3935,7.1,9.6,5.0,5,1,8.0,Healthy,No,High
3936,7.8,7.8,4.4,0,5,4.0,Unhealthy,Yes,Medium
3937,9.5,5.9,3.2,1,3,7.0,Healthy,No,High
3938,4.3,6.6,3.8,2,0,9.0,Unhealthy,Yes,High
3939,6.3,12.6,5.3,1,5,1.0,Healthy,Yes,Low
3940,5.5,9.7,2.8,4,1,5.0,Unhealthy,No,Medium
3941,7.8,10.8,3.2,0,5,8.0,Healthy,No,High
3942,9.5,6.3,8.1,4,5,7.0,Unhealthy,Yes,High
3943,5.8,0.1,6.4,4,0,10.0,Healthy,No,High
3944,2.2,7.4,5.1,3,0,4.0,Unhealthy,Yes,Medium
3945,6.2,6.4,10.5,4,4,3.0,Unhealthy,Yes,Low
3946,8.8,10.0,2.7,0,3,1.0,Unhealthy,No,Low
3947,8.1,18.9,8.0,0,0,3.0,Healthy,Yes,Low
3948,7.9,11.1,5.8,2,3,2.0,Healthy,No,Low
3949,6.4,17.2,7.6,1,4,5.0,Healthy,No,Medium
3950,4.4,10.7,6.2,2,3,,Unhealthy,Yes,Low
3951,8.0,7.1,2.3,2,5,4.0,Unhealthy,Yes,Medium
3952,5.3,10.0,6.2,1,4,8.0,Healthy,No,High
3953,11.4,14.3,6.7,0,1,9.0,Healthy,No,High
3954,8.1,14.5,1.6,3,4,1.0,Healthy,Yes,Low
3955,5.8,7.3,9.9,4,4,3.0,Healthy,Yes,Low
3956,5.8,9.8,6.6,3,4,6.0,Unhealthy,Yes,Medium
3957,6.8,4.7,7.3,4,2,5.0,healthy,Yes,Medium
3958,6.5,11.5,3.7,1,0,1.0,Unhealthy,Yes,Low
3959,9.2,13.7,7.4,1,3,2.0,Unhealthy,No,Low
3960,7.4,9.1,8.2,2,5,2.0,Healthy,No,Low
3961,5.5,7.0,6.5,5,3,7.0,Healthy,No,High
3962,10.8,10.1,6.0,5,2,6.0,Unhealthy,No,Medium
3963,7.1,10.3,4.2,1,1,6.0,Healthy,No,Medium
3964,8.5,9.2,5.6,4,5,1.0,Healthy,No,Low
3965,5.8,9.5,5.0,5,0,1.0,Healthy,Yes,Low
3966,7.7,8.5,7.1,3,0,4.0,Unhealthy,No,Medium
3967,7.6,12.0,4.3,3,0,10.0,Healthy,Yes,High
3968,3.2,11.2,7.1,3,0,6.0,Unhealthy,No,Medium
3969,11.0,6.1,4.3,5,2,6.0,Healthy,No,Medium
3970,9.6,6.0,5.5,3,3,5.0,healthy,No,Medium
3971,6.2,8.2,7.2,2,1,4.0,Unhealthy,Yes,Medium
3972,4.8,11.2,4.6,5,5,2.0,Healthy,No,Low
3973,7.7,9.4,7.3,3,5,7.0,Healthy,No,High
3974,7.2,7.1,7.1,4,1,6.0,Healthy,Yes,Medium
3975,7.7,9.8,5.5,2,1,7.0,Healthy,Yes,High
3976,7.4,8.0,8.3,2,2,3.0,Healthy,No,Low
3977,8.0,11.6,6.2,5,2,1.0,Unhealthy,No,Low
3978,9.9,10.0,8.2,2,4,1.0,Unhealthy,Yes,Low
3979,8.1,8.1,9.6,1,2,4.0,Unhealthy,No,Medium
3980,4.9,9.7,5.5,2,0,4.0,Healthy,Yes,Medium
3981,9.7,12.9,7.3,4,3,7.0,Unhealthy,Yes,High
3982,10.3,7.3,4.7,5,1,7.0,Unhealthy,Yes,High
3983,13.3,10.2,3.9,5,2,4.0,Healthy,Yes,Medium
3984,4.8,8.8,5.6,3,3,7.0,Healthy,No,High
3985,7.5,10.3,3.3,1,0,8.0,Healthy,No,High
3986,2.8,7.0,4.1,3,2,9.0,Healthy,No,High
3987,8.1,9.3,7.2,0,2,6.0,Healthy,No,Medium
3988,5.9,12.3,,1,3,4.0,Healthy,Yes,Medium
3989,10.8,6.2,7.4,4,5,10.0,Unhealthy,Yes,High
3990,5.5,5.0,6.6,1,5,2.0,Healthy,No,Low
3991,3.6,5.1,9.7,2,0,9.0,Unhealthy,Yes,High
3992,6.1,5.5,7.0,1,2,7.0,Unhealthy,Yes,High
3993,3.0,10.8,8.2,2,3,6.0,Unhealthy,No,Medium
3994,8.5,4.8,6.8,3,0,4.0,Unhealthy,No,Medium
3995,2.9,8.1,6.6,1,2,4.0,Unhealthy,No,Medium
3996,7.1,10.9,8.3,1,5,2.0,Healthy,Yes,Low
3997,2.8,10.2,7.3,4,2,1.0,Healthy,Yes,Low
3998,6.4,7.8,6.4,0,1,5.0,Unhealthy,No,Medium
3999,10.3,9.6,6.4,1,4,6.0,Healthy,No,Medium
4000,7.7,9.3,7.1,3,0,10.0,Healthy,Yes,High
4001,5.3,8.3,4.7,2,3,9.0,Healthy,Yes,High
4002,6.9,8.4,4.6,3,1,1.0,Unhealthy,No,Low
4003,7.0,15.7,,5,2,5.0,healthy,No,Medium
4004,7.9,11.4,9.7,5,3,5.0,Healthy,Yes,Medium
4005,4.3,16.4,4.1,4,1,9.0,Unhealthy,Yes,High
4006,8.2,7.5,4.7,5,1,4.0,Unhealthy,Yes,Medium
4007,1.6,8.7,8.3,1,5,3.0,Healthy,No,Low
4008,5.7,5.0,7.1,0,5,3.0,Healthy,Yes,Low
4009,6.0,6.6,7.4,0,4,6.0,Healthy,Yes,Medium
4010,8.3,14.7,7.8,1,5,1.0,Healthy,Yes,Low
4011,7.0,7.4,5.5,0,1,1.0,Unhealthy,Yes,Low
4012,4.2,14.8,6.7,3,0,1.0,Healthy,Yes,Low
4013,5.0,5.3,6.5,2,4,7.0,Unhealthy,Yes,High
4014,7.4,5.8,4.3,1,4,5.0,Healthy,Yes,Medium
4015,6.8,8.0,6.6,5,2,9.0,Healthy,No,High
4016,5.8,8.8,8.5,2,2,3.0,healthy,No,Low
4017,6.0,11.8,5.3,0,0,6.0,Healthy,No,Medium
4018,8.4,10.4,6.3,4,3,7.0,Healthy,No,High
4019,6.0,7.8,6.4,2,5,3.0,Healthy,No,Low
4020,6.8,8.6,5.4,4,5,9.0,Healthy,No,High
4021,11.3,8.0,7.4,3,0,2.0,Healthy,No,Low
4022,4.2,6.3,4.6,4,4,7.0,Healthy,No,High
4023,3.3,6.3,8.7,2,2,10.0,Healthy,No,High
4024,8.6,12.1,7.3,2,0,4.0,healthy,Yes,Medium
4025,5.6,3.5,4.1,1,2,9.0,Healthy,Yes,High
4026,6.4,13.9,9.4,5,0,7.0,Unhealthy,No,High
4027,5.4,8.0,6.3,4,5,8.0,healthy,Yes,High
4028,6.5,6.7,4.6,3,0,10.0,Unhealthy,Yes,High
4029,10.2,11.2,8.2,1,1,3.0,Unhealthy,Yes,Low
4030,8.6,13.5,7.0,1,0,6.0,Unhealthy,No,Medium
4031,8.7,12.4,2.5,3,2,4.0,Healthy,No,Medium
4032,4.2,10.5,4.9,1,0,4.0,Healthy,No,Medium
4033,4.7,12.3,6.6,3,3,2.0,Unhealthy,Yes,Low
4034,1.3,3.9,1.7,0,5,10.0,Unhealthy,Yes,High
4035,5.4,7.4,6.2,1,5,9.0,Healthy,Yes,High
4036,8.9,6.3,6.3,2,1,1.0,Unhealthy,No,Low
4037,8.0,12.7,3.6,0,0,1.0,Unhealthy,No,Low
4038,6.6,7.8,6.5,1,3,7.0,Healthy,No,High
4039,7.0,11.5,6.0,3,2,10.0,Unhealthy,Yes,High
4040,5.6,10.6,3.6,0,3,7.0,Unhealthy,No,High
4041,7.4,6.4,7.8,5,5,4.0,Unhealthy,Yes,Medium
4042,8.5,7.2,7.7,0,1,8.0,Unhealthy,Yes,High
4043,3.8,12.9,5.4,2,2,5.0,Healthy,No,Medium
4044,7.6,6.7,,1,0,6.0,Healthy,Yes,Medium
4045,8.9,9.4,7.5,1,0,4.0,Unhealthy,Yes,Medium
4046,6.2,6.7,5.6,3,3,3.0,Healthy,Yes,Low
4047,8.4,8.1,2.1,0,0,2.0,Unhealthy,Yes,Low
4048,12.6,8.9,7.0,2,2,8.0,Healthy,Yes,High
4049,40.0,6.7,4.4,3,5,5.0,Healthy,Yes,Medium
4050,7.8,6.1,5.2,5,2,10.0,Healthy,No,High
4051,5.5,9.9,8.9,3,0,6.0,Healthy,Yes,Medium
4052,7.4,6.5,5.7,2,3,6.0,Healthy,No,Medium
4053,7.9,6.6,6.0,1,0,4.0,Healthy,Yes,Medium
4054,7.4,6.2,7.0,2,5,9.0,Unhealthy,Yes,High
4055,5.0,8.8,7.0,1,4,,healthy,No,High
4056,7.4,11.8,4.2,4,0,10.0,Unhealthy,No,High
4057,9.9,13.5,5.9,0,1,8.0,Unhealthy,No,High
4058,7.9,6.8,6.1,2,0,7.0,Healthy,No,High
4059,8.9,15.5,6.5,5,5,4.0,Unhealthy,No,Medium
4060,6.5,6.0,6.6,5,4,9.0,Unhealthy,Yes,High
4061,8.5,12.3,11.2,3,1,2.0,Healthy,No,Low
4062,7.6,6.8,3.6,1,3,5.0,Healthy,Yes,Medium
4063,5.1,6.4,8.0,0,1,2.0,Healthy,No,Low
4064,7.6,6.8,8.4,5,2,8.0,Unhealthy,No,High
4065,5.0,8.8,7.0,0,5,9.0,Unhealthy,Yes,High
4066,5.7,10.7,,2,4,3.0,Unhealthy,Yes,Low
4067,7.4,11.0,9.3,3,2,5.0,Healthy,No,Medium
4068,7.6,6.2,1.6,5,2,9.0,Unhealthy,Yes,High
4069,4.6,6.0,4.6,2,1,6.0,Unhealthy,Yes,Medium
4070,9.1,6.3,8.3,3,1,3.0,Healthy,No,Low
4071,8.1,8.7,5.3,4,2,6.0,Unhealthy,Yes,Medium
4072,5.6,8.4,9.2,2,5,9.0,Unhealthy,No,High
4073,3.9,6.1,3.0,1,3,10.0,Healthy,No,High
4074,6.7,9.8,3.8,2,0,7.0,Unhealthy,No,High
4075,6.1,15.8,4.9,2,0,4.0,Unhealthy,No,Medium
4076,7.2,24.0,6.8,5,4,4.0,Healthy,No,Medium
4077,6.3,7.7,5.6,4,1,1.0,Healthy,No,Low
4078,3.0,10.7,5.0,5,0,3.0,Healthy,No,Low
4079,6.2,7.3,8.8,4,3,9.0,Healthy,Yes,High
4080,6.4,11.0,9.0,5,4,1.0,Healthy,No,Low
4081,8.3,6.8,5.2,2,5,2.0,Healthy,Yes,Low
4082,5.6,14.5,2.6,3,1,2.0,Unhealthy,Yes,Low
4083,10.4,10.0,1.7,4,0,8.0,Healthy,No,High
4084,3.2,7.1,6.5,4,2,6.0,Healthy,Yes,Medium
4085,9.6,7.2,7.3,3,3,7.0,Unhealthy,Yes,High
4086,6.6,7.5,6.1,0,3,4.0,Unhealthy,Yes,Medium
4087,8.7,13.1,5.9,4,1,4.0,Unhealthy,Yes,Medium
4088,7.2,5.2,4.4,4,5,4.0,Unhealthy,Yes,Medium
4089,9.3,7.0,7.3,3,3,6.0,Healthy,No,Medium
4090,6.2,7.3,9.4,3,1,4.0,Unhealthy,No,Medium
4091,4.8,9.0,1.6,2,3,1.0,Healthy,no,Low
4092,9.8,8.2,5.8,2,0,1.0,Unhealthy,No,Low
4093,6.8,4.5,4.1,0,5,8.0,Healthy,No,High
4094,7.4,7.8,3.0,0,1,2.0,Healthy,Yes,Low
4095,9.5,8.7,3.7,0,3,9.0,Healthy,Yes,High
4096,4.9,7.1,6.8,1,0,10.0,Healthy,Yes,High
4097,8.2,11.1,6.8,3,5,8.0,Healthy,No,High
4098,5.8,11.8,8.9,4,0,1.0,Healthy,Yes,Low
4099,,8.8,6.0,3,0,10.0,Healthy,Yes,High
4100,7.1,9.7,2.5,3,5,8.0,Healthy,No,High
4101,,2.5,5.5,0,1,9.0,Healthy,Yes,High
4102,5.4,7.7,3.2,3,1,4.0,Unhealthy,No,Medium
4103,9.7,12.0,3.6,1,3,7.0,Healthy,No,High
4104,8.8,7.7,7.2,5,5,4.0,Healthy,No,Medium
4105,6.9,6.8,6.4,4,5,3.0,Unhealthy,Yes,Low
4106,7.5,15.8,7.2,5,5,1.0,Healthy,Yes,Low
4107,6.4,14.5,5.3,0,2,2.0,Unhealthy,Yes,Low
4108,9.7,10.4,7.6,2,2,7.0,Unhealthy,Yes,High
4109,6.6,12.4,,5,4,6.0,Healthy,No,Medium
4110,,2.3,8.2,4,2,8.0,Healthy,No,High
4111,9.3,6.6,6.7,5,5,3.0,Healthy,No,Low
4112,5.4,7.6,5.6,2,2,6.0,Healthy,No,Medium
4113,10.1,8.3,6.4,2,3,6.0,Healthy,Yes,Medium
4114,40.0,7.5,6.0,3,1,2.0,Unhealthy,No,Low
4115,10.3,1.3,9.2,4,2,1.0,Unhealthy,Yes,Low
4116,6.3,10.2,6.5,1,4,,Healthy,Yes,Low
4117,6.5,10.6,6.0,3,3,9.0,Healthy,No,High
4118,3.2,13.8,5.5,2,0,6.0,Unhealthy,No,Medium
4119,6.1,6.6,7.7,5,0,3.0,Healthy,Yes,Low
4120,4.9,6.4,7.4,4,4,10.0,Unhealthy,No,High
4121,5.8,1.0,5.5,3,1,7.0,Healthy,No,High
4122,6.7,8.1,3.7,4,5,1.0,Healthy,Yes,Low
4123,8.9,11.7,4.2,5,0,8.0,Healthy,No,High
4124,7.4,7.2,5.6,0,1,10.0,Healthy,Yes,High
4125,7.6,15.4,8.7,1,2,7.0,Unhealthy,Yes,High
4126,4.8,8.2,5.5,1,2,3.0,Healthy,Yes,Low
4127,5.2,9.4,4.8,1,2,4.0,Healthy,No,Medium
4128,10.6,4.9,2.5,2,0,7.0,Healthy,Yes,High
4129,5.5,9.9,9.0,2,0,4.0,healthy,No,Medium
4130,10.3,3.1,7.1,1,1,5.0,Healthy,No,Medium
4131,6.5,11.1,7.6,4,1,1.0,Healthy,No,Low
4132,7.0,11.2,7.9,0,5,5.0,Unhealthy,Yes,Medium
4133,9.1,13.1,5.7,2,4,10.0,Healthy,Yes,High
4134,9.5,5.9,6.2,5,5,10.0,Healthy,No,High
4135,6.8,9.5,9.0,3,2,4.0,Healthy,Yes,Medium
4136,6.2,10.7,6.4,3,3,3.0,Unhealthy,Yes,Low
4137,6.9,10.3,7.2,2,3,9.0,Unhealthy,Yes,High
4138,7.7,6.4,7.7,1,2,1.0,Unhealthy,Yes,Low
4139,40.0,1.8,7.3,4,4,10.0,Healthy,No,High
4140,7.0,10.0,5.7,0,5,5.0,Unhealthy,Yes,Medium
4141,8.2,8.5,5.9,3,1,10.0,Unhealthy,Yes,High
4142,10.3,7.3,7.6,2,0,2.0,Unhealthy,Yes,Low
4143,7.8,11.3,7.6,4,4,5.0,Unhealthy,No,Medium
4144,7.6,8.9,8.3,1,4,5.0,Healthy,No,Medium
4145,4.0,5.0,7.1,0,2,10.0,Unhealthy,Yes,High
4146,1.7,3.2,7.2,0,1,1.0,Healthy,Yes,Low
4147,7.8,5.6,5.1,3,3,4.0,Unhealthy,No,Medium
4148,6.8,16.2,4.8,3,3,7.0,Unhealthy,No,High
4149,6.0,11.2,7.6,5,5,1.0,Healthy,No,Low
4150,7.5,9.6,4.9,2,5,10.0,Unhealthy,No,High
4151,6.9,8.5,6.0,0,3,2.0,Unhealthy,Yes,Low
4152,9.3,8.3,8.8,1,4,4.0,Healthy,Yes,Medium
4153,7.2,12.5,8.4,1,5,10.0,Unhealthy,No,High
4154,5.5,7.5,6.6,2,0,2.0,Unhealthy,Yes,Low
4155,9.0,10.7,5.4,0,1,2.0,Unhealthy,No,Low
4156,6.6,8.0,5.8,3,0,1.0,Healthy,No,Low
4157,8.1,14.8,7.7,5,3,,Unhealthy,Yes,Low
4158,6.0,11.2,5.9,1,0,3.0,Healthy,No,Low
4159,5.7,12.7,4.9,4,4,4.0,Healthy,Yes,Medium
4160,7.2,7.2,8.4,2,2,1.0,Unhealthy,Yes,Low
4161,7.0,12.2,,1,0,1.0,Healthy,Yes,Low
4162,8.0,8.1,4.8,4,5,7.0,Unhealthy,Yes,High
4163,6.5,9.3,7.0,4,0,5.0,Healthy,Yes,Medium
4164,3.3,13.9,7.9,1,0,7.0,Unhealthy,No,High
4165,6.1,5.9,4.0,2,5,10.0,Healthy,Yes,High
4166,8.6,9.6,5.6,4,3,9.0,Unhealthy,No,High
4167,6.4,10.3,5.5,4,0,1.0,Unhealthy,Yes,Low
4168,6.5,10.6,6.9,0,1,8.0,Healthy,Yes,High
4169,,7.6,7.3,5,4,10.0,Unhealthy,No,High
4170,5.6,15.3,4.9,5,1,4.0,Healthy,Yes,Medium
4171,3.9,5.1,3.0,5,1,9.0,Unhealthy,Yes,High
4172,6.7,13.4,8.1,0,3,2.0,Healthy,Yes,Low
4173,6.0,12.6,3.8,5,0,9.0,Unhealthy,No,High
4174,5.1,14.7,6.5,0,4,8.0,Healthy,Yes,High
4175,6.6,4.2,5.7,4,4,6.0,Healthy,Yes,Medium
4176,8.0,6.4,6.3,4,4,5.0,Healthy,No,Medium
4177,7.0,13.5,9.3,2,0,3.0,Unhealthy,No,Low
4178,7.6,3.4,12.1,3,4,1.0,Unhealthy,No,Low
4179,10.6,4.2,2.7,0,4,6.0,Unhealthy,no,Medium
4180,6.3,7.5,8.0,5,2,10.0,Unhealthy,Yes,High
4181,7.6,9.6,5.7,3,2,5.0,Unhealthy,Yes,Medium
4182,6.0,13.8,8.1,0,4,8.0,Unhealthy,Yes,High
4183,5.3,8.4,7.9,5,5,1.0,Healthy,Yes,Low
4184,5.8,7.2,8.8,0,1,10.0,Healthy,Yes,High
4185,6.0,9.9,6.6,5,5,1.0,Unhealthy,Yes,Low
4186,7.7,10.4,4.2,2,0,7.0,Healthy,Yes,High
4187,11.7,10.3,7.9,2,1,8.0,Unhealthy,Yes,High
4188,5.6,8.5,6.2,1,1,10.0,Unhealthy,Yes,High
4189,6.2,3.1,,0,0,1.0,Unhealthy,Yes,Low
4190,6.9,6.2,5.0,0,0,9.0,Unhealthy,Yes,High
4191,7.8,13.3,8.0,0,3,7.0,Healthy,Yes,High
4192,7.5,9.6,9.2,2,3,7.0,Healthy,No,High
4193,9.6,8.0,3.6,5,3,8.0,Unhealthy,Yes,High
4194,2.1,12.4,7.2,0,4,8.0,Healthy,No,High
4195,2.2,5.6,5.3,1,5,1.0,Healthy,Yes,Low
4196,6.0,8.3,3.1,4,4,4.0,Healthy,No,Medium
4197,9.2,9.4,6.3,1,4,9.0,Unhealthy,No,High
4198,3.9,7.7,4.3,5,5,3.0,Unhealthy,No,Low
4199,1.0,9.3,2.8,4,3,6.0,Healthy,Yes,Medium
4200,8.1,8.4,4.4,2,5,4.0,Healthy,No,Medium
4201,7.5,4.8,3.9,5,0,1.0,Unhealthy,No,Low
4202,4.8,9.5,4.7,3,4,3.0,Unhealthy,No,Low
4203,5.0,5.0,3.3,5,0,3.0,Unhealthy,No,Low
4204,5.1,9.5,5.2,2,5,3.0,Unhealthy,Yes,Low
4205,7.2,13.1,4.6,3,3,6.0,Healthy,No,Medium
4206,5.7,8.2,6.8,4,0,9.0,Unhealthy,Yes,High
4207,8.0,5.5,7.2,3,4,7.0,Unhealthy,Yes,High
4208,1.3,8.6,6.5,4,0,7.0,Unhealthy,No,High
4209,5.3,6.5,5.5,5,3,1.0,Unhealthy,Yes,Low
4210,4.7,10.8,5.5,3,4,9.0,Unhealthy,No,High
4211,6.5,8.6,4.3,4,4,4.0,Healthy,Yes,Medium
4212,5.9,14.1,4.4,5,3,8.0,Unhealthy,Yes,High
4213,8.6,12.5,7.4,3,1,1.0,Unhealthy,Yes,Low
4214,3.3,8.5,2.5,4,2,8.0,Unhealthy,No,High
4215,7.1,11.1,5.8,1,3,9.0,Healthy,Yes,High
4216,8.1,7.8,5.4,0,5,5.0,Healthy,Yes,Medium
4217,10.7,9.1,7.2,1,0,7.0,Unhealthy,Yes,High
4218,6.0,7.9,3.1,2,1,10.0,Healthy,No,High
4219,7.6,11.3,6.0,3,3,2.0,Unhealthy,No,Low
4220,3.4,13.3,6.7,5,2,1.0,Healthy,No,Low
4221,2.2,11.4,2.2,4,4,6.0,Unhealthy,Yes,Medium
4222,8.7,11.8,3.9,1,5,,Unhealthy,No,High
4223,7.0,11.8,5.8,1,2,1.0,Unhealthy,Yes,Low
4224,9.4,10.7,,5,2,10.0,Healthy,Yes,High
4225,4.3,5.6,6.4,4,5,1.0,Unhealthy,Yes,Low
4226,8.0,14.1,7.1,3,3,4.0,Unhealthy,No,Medium
4227,10.7,14.4,3.8,5,4,10.0,Healthy,Yes,High
4228,7.8,8.3,2.8,2,4,6.0,Healthy,No,Medium
4229,7.6,7.9,,2,2,9.0,Unhealthy,No,High
4230,7.0,10.8,3.5,5,3,2.0,Unhealthy,Yes,Low
4231,3.9,10.7,4.3,2,4,,Healthy,Yes,Medium
4232,9.7,8.4,7.9,4,4,7.0,Healthy,Yes,High
4233,5.8,5.2,6.4,1,0,4.0,Healthy,Yes,Medium
4234,8.0,9.9,4.9,5,2,6.0,Healthy,Yes,Medium
4235,3.9,10.7,4.6,2,1,6.0,Healthy,No,Medium
4236,4.6,11.2,7.2,1,2,4.0,Healthy,No,Medium
4237,9.9,10.0,6.4,5,3,4.0,Unhealthy,No,Medium
4238,6.3,8.2,3.6,2,5,9.0,Unhealthy,Yes,High
4239,9.9,12.0,2.1,2,5,1.0,Unhealthy,Yes,Low
4240,6.8,9.2,9.8,5,4,5.0,Healthy,Yes,Medium
4241,3.3,7.6,3.6,3,4,9.0,Unhealthy,No,High
4242,8.8,8.5,7.1,4,0,9.0,Healthy,Yes,High
4243,5.8,3.8,9.0,3,4,9.0,Unhealthy,No,High
4244,8.4,8.5,6.3,1,4,2.0,Unhealthy,No,Low
4245,7.1,11.1,4.8,1,5,7.0,Healthy,Yes,High
4246,3.9,10.0,3.1,5,1,10.0,Unhealthy,No,High
4247,7.3,13.6,3.1,4,2,8.0,Unhealthy,Yes,High
4248,,8.2,6.8,2,4,1.0,Unhealthy,Yes,Low
4249,8.0,10.5,8.9,4,3,2.0,Unhealthy,No,Low
4250,6.9,11.4,5.2,2,1,1.0,Healthy,Yes,Low
4251,9.2,16.0,4.9,0,1,9.0,Healthy,Yes,High
4252,7.4,9.4,7.4,0,0,10.0,Unhealthy,Yes,High
4253,7.4,5.9,4.6,4,3,5.0,Healthy,Yes,Medium
4254,4.8,11.5,6.5,0,1,4.0,Healthy,Yes,Medium
4255,7.5,14.6,6.1,0,2,8.0,Healthy,Yes,High
4256,9.1,8.0,5.2,1,3,3.0,Unhealthy,Yes,Low
4257,5.3,11.5,6.0,2,2,8.0,Unhealthy,No,High
4258,9.8,12.7,9.5,5,0,3.0,Healthy,Yes,Low
4259,6.8,12.1,7.2,0,0,6.0,Unhealthy,Yes,Medium
4260,5.2,9.4,8.2,3,4,4.0,Unhealthy,No,Medium
4261,,6.9,4.2,1,2,8.0,Healthy,No,High
4262,6.4,8.8,8.2,2,5,7.0,Unhealthy,Yes,High
4263,8.5,10.4,,1,2,5.0,Healthy,Yes,Medium
4264,6.4,11.7,,3,0,3.0,Healthy,Yes,Low
4265,6.9,10.0,7.1,5,5,5.0,Unhealthy,No,Medium
4266,8.0,7.9,5.0,2,2,4.0,Unhealthy,Yes,Medium
4267,7.6,10.7,2.9,4,3,8.0,Unhealthy,Yes,High
4268,3.0,11.6,6.3,4,4,5.0,Unhealthy,No,Medium
4269,4.8,10.1,7.1,1,4,10.0,Unhealthy,No,High
4270,8.9,6.5,6.3,5,3,10.0,Healthy,No,High
4271,6.7,8.5,5.8,4,1,5.0,Healthy,Yes,Medium
4272,6.0,11.8,5.3,2,5,2.0,Healthy,Yes,Low
4273,4.3,4.9,10.9,3,5,9.0,Healthy,Yes,High
4274,4.8,2.7,3.6,3,2,6.0,Unhealthy,No,Medium
4275,3.0,13.5,7.7,4,1,1.0,Unhealthy,Yes,Low
4276,6.8,10.5,6.0,0,1,3.0,Unhealthy,Yes,Low
4277,5.8,10.8,4.3,0,2,4.0,Unhealthy,Yes,Medium
4278,5.1,5.8,5.9,5,5,10.0,Healthy,No,High
4279,6.9,11.2,3.2,0,0,10.0,Unhealthy,Yes,High
4280,7.7,9.8,4.8,4,2,2.0,Unhealthy,No,Low
4281,11.2,4.2,5.9,4,0,10.0,Unhealthy,No,High
4282,4.0,13.3,2.9,4,3,4.0,Unhealthy,No,Medium
4283,9.3,9.5,7.0,2,0,2.0,Healthy,No,Low
4284,8.9,7.8,4.1,0,1,6.0,Unhealthy,No,Medium
4285,5.4,7.9,3.1,1,1,10.0,Healthy,No,High
4286,7.4,3.0,3.8,5,1,9.0,Unhealthy,Yes,High
4287,6.1,10.8,10.4,2,5,1.0,Healthy,No,Low
4288,7.4,9.8,2.0,5,5,5.0,Healthy,No,Medium
4289,10.0,8.4,6.9,5,0,9.0,Unhealthy,Yes,High
4290,8.2,12.8,4.5,2,1,7.0,Unhealthy,no,High
4291,8.0,4.8,5.3,4,4,6.0,Healthy,Yes,Medium
4292,6.1,7.2,7.2,4,2,7.0,Unhealthy,No,High
4293,4.0,6.4,7.1,2,1,9.0,Healthy,Yes,High
4294,,8.2,4.6,4,5,3.0,Healthy,Yes,Low
4295,9.4,9.2,3.3,0,0,8.0,healthy,No,High
4296,3.9,10.3,7.2,2,1,1.0,Unhealthy,Yes,Low
4297,4.9,8.0,7.1,5,0,10.0,Healthy,Yes,High
4298,7.3,6.4,5.4,2,2,6.0,Unhealthy,Yes,Medium
4299,5.0,14.1,20.0,2,0,9.0,Healthy,No,High
4300,5.4,16.2,5.1,4,2,1.0,Unhealthy,No,Low
4301,6.2,9.4,4.3,2,1,5.0,Healthy,Yes,Medium
4302,4.3,6.7,6.0,1,5,8.0,Unhealthy,No,High
4303,5.1,13.4,7.0,1,4,10.0,Healthy,Yes,High
4304,8.4,4.7,6.6,0,1,6.0,Unhealthy,No,Medium
4305,4.4,8.0,7.0,2,2,6.0,Healthy,Yes,Medium
4306,3.8,6.9,4.5,2,5,3.0,Unhealthy,Yes,Low
4307,5.7,5.5,9.2,5,3,8.0,Unhealthy,No,High
4308,8.5,8.2,5.3,4,3,1.0,Healthy,Yes,Low
4309,6.6,6.4,5.8,5,3,4.0,Unhealthy,Yes,Medium
4310,6.1,9.0,3.4,3,1,8.0,Unhealthy,Yes,High
4311,7.1,9.1,5.6,5,0,6.0,Healthy,Yes,Medium
4312,3.5,7.1,7.1,3,4,9.0,Unhealthy,No,High
4313,8.0,7.9,7.5,2,5,1.0,Unhealthy,No,Low
4314,7.8,8.3,9.1,0,4,2.0,Unhealthy,No,Low
4315,,11.4,7.0,1,5,1.0,Unhealthy,Yes,Low
4316,9.0,8.6,6.6,2,1,4.0,Healthy,Yes,Medium
4317,4.7,11.5,5.1,2,2,9.0,Unhealthy,Yes,High
4318,9.3,10.8,4.7,0,1,4.0,Unhealthy,No,Medium
4319,7.3,10.7,7.9,0,3,9.0,Healthy,Yes,High
4320,6.3,13.2,7.9,3,2,6.0,Healthy,Yes,Medium
4321,7.0,5.6,3.8,2,4,5.0,Unhealthy,Yes,Medium
4322,6.8,7.6,7.4,2,1,10.0,Unhealthy,No,High
4323,9.4,14.3,7.3,4,0,4.0,Healthy,No,Medium
4324,4.8,8.2,3.8,1,0,10.0,Unhealthy,No,High
4325,40.0,0.6,7.1,4,4,2.0,Healthy,Yes,Low
4326,9.1,8.4,3.9,4,2,8.0,Unhealthy,Yes,High
4327,5.8,9.4,1.1,1,3,3.0,Healthy,No,Low
4328,8.8,1.1,,2,0,1.0,Healthy,Yes,Low
4329,10.4,13.0,6.5,3,0,10.0,Healthy,No,High
4330,6.2,6.9,5.8,1,1,7.0,Unhealthy,No,High
4331,8.4,10.0,11.7,0,5,8.0,Healthy,No,High
4332,4.7,8.3,6.8,2,4,7.0,Unhealthy,Yes,High
4333,8.5,5.1,6.3,1,0,4.0,Healthy,No,Medium
4334,7.4,5.8,6.9,1,1,8.0,Unhealthy,No,High
4335,7.9,6.2,5.1,5,2,10.0,Unhealthy,Yes,High
4336,5.7,12.3,7.9,1,5,4.0,Unhealthy,No,Medium
4337,3.7,8.6,6.7,3,0,5.0,Unhealthy,No,Medium
4338,8.0,7.4,6.6,4,4,8.0,Unhealthy,Yes,High
4339,2.9,6.2,4.8,4,1,2.0,Unhealthy,Yes,Low
4340,6.4,12.6,2.9,5,2,10.0,Healthy,No,High
4341,8.9,13.4,5.0,1,1,8.0,Unhealthy,No,High
4342,,12.6,6.6,1,3,5.0,Unhealthy,Yes,Medium
4343,10.9,10.5,5.1,4,4,5.0,Healthy,No,Medium
4344,9.1,9.9,6.6,3,4,,Healthy,Yes,High
4345,5.7,5.4,5.5,2,5,4.0,Unhealthy,Yes,Medium
4346,7.1,8.3,6.9,4,0,3.0,Healthy,No,Low
4347,6.9,6.9,,1,5,6.0,Healthy,No,Medium
4348,,3.5,6.4,3,1,6.0,Healthy,Yes,Medium
4349,5.1,12.2,4.7,3,2,10.0,Unhealthy,No,High
4350,5.9,6.9,2.9,5,0,6.0,Healthy,No,Medium
4351,2.9,12.6,5.7,1,4,7.0,Unhealthy,Yes,High
4352,7.1,11.6,9.1,0,1,4.0,Healthy,No,Medium
4353,6.5,10.7,3.1,3,2,3.0,Unhealthy,Yes,Low
4354,3.7,10.8,6.2,4,5,3.0,Healthy,No,Low
4355,7.8,7.2,7.6,0,4,3.0,Unhealthy,No,Low
4356,8.4,14.6,10.6,5,2,2.0,Unhealthy,Yes,Low
4357,7.5,9.1,,2,5,6.0,Healthy,Yes,Medium
4358,6.4,9.9,4.7,4,1,1.0,Healthy,No,Low
4359,8.2,7.1,3.7,5,2,6.0,Unhealthy,No,Medium
4360,,6.2,8.3,5,0,8.0,Unhealthy,Yes,High
4361,7.6,10.4,4.3,5,0,6.0,Healthy,Yes,Medium
4362,5.4,9.7,5.3,1,1,2.0,Healthy,No,Low
4363,7.6,6.6,2.3,0,5,7.0,Healthy,Yes,High
4364,9.4,4.7,7.8,5,4,3.0,Healthy,Yes,Low
4365,5.8,5.2,8.3,5,3,9.0,Healthy,Yes,High
4366,11.2,12.6,7.7,5,3,8.0,Healthy,Yes,High
4367,5.9,7.2,2.8,4,3,6.0,Healthy,Yes,Medium
4368,7.1,8.0,7.2,5,4,1.0,Healthy,Yes,Low
4369,5.7,13.4,2.7,3,0,2.0,Unhealthy,Yes,Low
4370,7.4,5.6,6.1,1,0,8.0,Healthy,Yes,High
4371,3.5,6.8,6.4,0,5,6.0,Unhealthy,No,Medium
4372,5.9,6.7,6.6,3,5,1.0,Healthy,Yes,Low
4373,4.8,13.9,7.1,5,0,9.0,Healthy,No,High
4374,7.3,15.0,6.0,1,5,8.0,Healthy,No,High
4375,9.0,11.3,2.1,1,1,2.0,Healthy,Yes,Low
4376,8.3,11.4,7.1,0,5,10.0,Unhealthy,No,High
4377,2.3,7.3,6.2,0,0,5.0,Healthy,Yes,Medium
4378,11.1,14.8,4.2,0,5,3.0,Unhealthy,No,Low
4379,7.6,9.8,2.9,4,0,1.0,Unhealthy,No,Low
4380,5.4,11.6,9.1,1,0,7.0,Healthy,Yes,High
4381,7.3,8.7,8.5,5,3,9.0,Unhealthy,Yes,High
4382,7.4,8.2,7.4,2,2,7.0,Unhealthy,No,High
4383,5.7,14.0,4.6,3,0,3.0,Unhealthy,No,Low
4384,7.4,10.6,1.0,0,2,6.0,Unhealthy,No,Medium
4385,5.8,13.4,7.5,1,5,3.0,Unhealthy,No,Low
4386,6.2,9.8,6.7,5,0,4.0,Unhealthy,No,Medium
4387,5.6,6.5,5.3,3,3,1.0,Unhealthy,Yes,Low
4388,4.1,7.2,8.2,2,3,2.0,Unhealthy,No,Low
4389,7.3,9.3,7.7,3,5,1.0,Unhealthy,Yes,Low
4390,8.2,7.1,6.4,2,5,10.0,Unhealthy,Yes,High
4391,8.0,5.7,6.1,5,5,2.0,Healthy,Yes,Low
4392,8.6,12.6,,0,2,4.0,Unhealthy,Yes,Medium
4393,7.6,7.4,7.4,4,3,6.0,Healthy,Yes,Medium
4394,5.9,9.4,4.3,2,1,8.0,Healthy,No,High
4395,8.7,9.9,6.9,0,4,10.0,Healthy,No,High
4396,,7.2,4.2,3,4,9.0,Unhealthy,No,High
4397,5.2,13.4,8.7,5,5,10.0,Unhealthy,No,High
4398,5.1,5.6,7.1,3,0,7.0,Healthy,Yes,High
4399,9.2,9.8,4.6,3,3,4.0,Unhealthy,Yes,Medium
4400,8.9,9.7,6.2,5,4,7.0,Unhealthy,Yes,High
4401,8.0,8.8,4.3,5,2,1.0,Healthy,No,Low
4402,9.1,5.1,9.0,4,2,10.0,Healthy,No,High
4403,5.2,11.6,9.2,1,5,6.0,Healthy,Yes,Medium
4404,7.7,11.2,7.4,2,2,1.0,Healthy,Yes,Low
4405,6.7,7.0,9.1,5,0,8.0,Healthy,No,High
4406,8.7,11.1,6.3,1,4,4.0,Unhealthy,Yes,Medium
4407,6.8,10.1,7.5,3,4,8.0,Healthy,Yes,High
4408,6.2,5.2,8.4,4,4,8.0,Unhealthy,No,High
4409,8.1,6.4,6.0,0,2,2.0,Healthy,Yes,Low
4410,8.8,12.4,6.1,4,5,6.0,Unhealthy,Yes,Medium
4411,5.7,9.9,7.9,5,2,10.0,Healthy,Yes,High
4412,6.9,7.3,7.3,1,0,4.0,Unhealthy,Yes,Medium
4413,4.9,6.4,4.5,3,5,3.0,Unhealthy,Yes,Low
4414,2.0,7.5,1.6,2,1,9.0,Healthy,Yes,High
4415,7.4,7.7,5.6,4,4,10.0,Healthy,Yes,High
4416,8.2,6.5,1.8,1,0,9.0,Healthy,No,High
4417,7.5,3.8,4.0,1,2,2.0,Healthy,No,Low
4418,3.1,12.4,4.3,0,1,5.0,Healthy,No,Medium
4419,6.3,11.9,4.9,2,3,10.0,Healthy,No,High
4420,2.6,5.2,7.6,1,1,10.0,Healthy,No,High
4421,9.7,9.4,8.1,2,0,7.0,Unhealthy,No,High
4422,4.8,6.3,7.0,3,1,9.0,Unhealthy,Yes,High
4423,9.5,8.2,7.3,5,2,8.0,Unhealthy,No,High
4424,8.9,8.0,7.3,4,1,10.0,Unhealthy,Yes,High
4425,5.2,7.7,1.0,1,2,4.0,Healthy,No,Medium
4426,4.7,15.0,6.0,3,1,3.0,Healthy,Yes,Low
4427,7.7,7.7,2.4,0,0,1.0,Unhealthy,Yes,Low
4428,5.3,6.6,7.0,2,3,1.0,Unhealthy,no,Low
4429,7.2,6.7,1.8,5,4,9.0,Unhealthy,No,High
4430,6.0,12.1,5.6,3,1,4.0,Unhealthy,Yes,Medium
4431,3.4,4.0,7.1,2,3,8.0,Healthy,Yes,High
4432,2.5,6.7,3.8,5,1,4.0,Healthy,No,Medium
4433,7.5,13.3,7.9,2,5,6.0,Healthy,No,Medium
4434,5.9,9.7,7.0,1,3,4.0,Healthy,Yes,Medium
4435,5.9,9.6,6.8,2,2,2.0,Unhealthy,No,Low
4436,8.4,15.4,7.4,3,3,1.0,Unhealthy,No,Low
4437,9.3,9.7,5.3,0,4,8.0,Unhealthy,Yes,High
4438,6.5,6.9,6.3,1,3,6.0,Unhealthy,Yes,Medium
4439,6.3,8.2,6.0,4,4,1.0,Unhealthy,No,Low
4440,8.0,5.6,6.0,0,4,5.0,Unhealthy,No,Medium
4441,4.3,12.8,4.7,3,3,3.0,Healthy,No,Low
4442,7.4,10.7,3.5,1,4,2.0,Unhealthy,No,Low
4443,8.1,12.4,5.3,5,4,3.0,Healthy,No,Low
4444,8.4,12.6,5.2,5,5,2.0,Unhealthy,No,Low
4445,3.1,7.8,4.5,2,2,10.0,Healthy,Yes,High
4446,5.5,6.2,7.7,0,0,2.0,Unhealthy,No,Low
4447,5.2,8.8,3.7,1,2,1.0,Healthy,Yes,Low
4448,7.2,6.4,5.7,4,0,3.0,Healthy,No,Low
4449,8.0,9.5,8.3,4,0,3.0,Healthy,Yes,Low
4450,10.0,12.4,7.8,4,2,4.0,Healthy,Yes,Medium
4451,6.0,8.5,8.4,5,4,3.0,Unhealthy,No,Low
4452,6.0,9.4,4.8,1,5,8.0,Healthy,No,High
4453,9.3,8.7,7.6,0,2,4.0,Unhealthy,No,Medium
4454,7.6,11.4,3.9,2,4,10.0,Unhealthy,Yes,High
4455,9.5,7.0,5.4,0,2,1.0,Unhealthy,No,Low
4456,7.6,2.4,5.6,2,2,2.0,Healthy,no,Low
4457,4.7,10.4,4.8,0,5,7.0,Unhealthy,Yes,High
4458,4.3,12.0,5.3,0,1,6.0,Unhealthy,Yes,Medium
4459,3.9,10.3,5.0,1,3,9.0,Unhealthy,Yes,High
4460,8.3,7.1,4.0,4,2,6.0,Unhealthy,No,Medium
4461,9.4,5.6,7.7,4,3,2.0,Unhealthy,Yes,Low
4462,10.7,10.5,5.6,4,4,8.0,Unhealthy,Yes,High
4463,8.7,9.4,6.4,4,1,9.0,Unhealthy,No,High
4464,9.3,8.6,6.3,0,5,5.0,Unhealthy,Yes,Medium
4465,5.8,14.5,6.1,4,1,6.0,Healthy,No,Medium
4466,4.7,6.2,6.2,0,0,4.0,Healthy,Yes,Medium
4467,8.7,14.3,5.4,2,5,2.0,Healthy,Yes,Low
4468,7.8,9.1,8.8,3,5,5.0,Healthy,Yes,Medium
4469,7.2,3.5,7.5,3,3,5.0,Unhealthy,No,Medium
4470,7.8,8.5,6.0,2,1,1.0,Healthy,No,Low
4471,7.6,11.9,5.1,0,4,5.0,Healthy,No,Medium
4472,9.6,7.9,5.8,4,0,1.0,Unhealthy,No,Low
4473,9.6,4.6,6.8,1,1,3.0,Unhealthy,No,Low
4474,8.1,8.5,9.0,0,4,9.0,Healthy,Yes,High
4475,8.7,6.4,3.3,0,3,4.0,Healthy,Yes,Medium
4476,8.0,10.5,7.3,2,4,9.0,Healthy,No,High
4477,6.1,11.3,8.3,2,4,,Healthy,Yes,Medium
4478,8.5,5.8,3.0,1,4,1.0,Healthy,No,Low
4479,4.2,6.9,5.6,4,2,3.0,Unhealthy,Yes,Low
4480,9.1,11.3,3.9,3,5,3.0,Healthy,Yes,Low
4481,,6.4,6.9,5,1,4.0,Healthy,No,Medium
4482,7.6,5.8,5.3,4,4,10.0,Healthy,Yes,High
4483,5.3,5.5,5.7,4,0,4.0,Unhealthy,No,Medium
4484,8.1,10.1,5.2,5,2,8.0,Healthy,Yes,High
4485,6.9,9.9,7.4,5,4,3.0,Healthy,No,Low
4486,3.8,6.9,6.5,0,4,4.0,Healthy,Yes,Medium
4487,7.8,9.0,6.5,1,5,3.0,Healthy,No,Low
4488,5.8,13.6,6.3,0,1,7.0,Unhealthy,Yes,High
4489,8.8,6.1,7.1,2,2,6.0,Healthy,Yes,Medium
4490,7.0,3.1,5.5,5,4,1.0,Healthy,Yes,Low
4491,7.8,10.4,9.4,3,4,10.0,Healthy,No,High
4492,5.1,8.7,3.5,1,3,1.0,Healthy,No,Low
4493,5.8,6.9,2.5,1,0,6.0,Unhealthy,Yes,Medium
4494,6.1,11.0,2.4,4,0,3.0,Unhealthy,Yes,Low
4495,8.7,11.5,1.8,0,1,9.0,Healthy,Yes,High
4496,10.4,2.4,7.3,4,2,2.0,Unhealthy,Yes,Low
4497,5.4,7.0,7.1,4,5,3.0,Unhealthy,No,Low
4498,9.2,16.0,8.4,1,5,9.0,Healthy,No,High
4499,2.7,10.8,3.9,3,4,6.0,Healthy,Yes,Medium
4500,4.6,11.0,7.5,2,5,1.0,Healthy,Yes,Low
4501,5.1,12.5,6.1,4,2,2.0,Healthy,Yes,Low
4502,4.3,9.1,6.3,5,1,7.0,Healthy,No,High
4503,3.8,11.4,7.3,3,3,6.0,Healthy,No,Medium
4504,7.8,11.2,4.5,5,1,1.0,Unhealthy,No,Low
4505,6.6,10.6,20.0,4,0,10.0,Unhealthy,Yes,High
4506,7.8,8.0,8.7,3,3,2.0,Healthy,Yes,Low
4507,8.4,9.5,4.9,0,4,6.0,Unhealthy,Yes,Medium
4508,7.5,7.2,3.8,5,1,6.0,Unhealthy,No,Medium
4509,8.3,9.0,5.8,2,2,6.0,Unhealthy,No,Medium
4510,6.9,5.5,6.4,1,2,9.0,Healthy,No,High
4511,4.6,6.6,8.1,0,0,2.0,Unhealthy,No,Low
4512,9.1,8.2,3.7,4,0,10.0,Unhealthy,No,High
4513,5.8,6.2,6.6,4,5,10.0,Unhealthy,No,High
4514,5.1,7.5,2.9,2,0,9.0,Healthy,No,High
4515,6.6,8.5,6.9,5,0,9.0,Unhealthy,No,High
4516,5.2,10.2,5.8,5,4,10.0,Unhealthy,Yes,High
4517,6.2,11.8,9.9,2,3,9.0,Healthy,Yes,High
4518,7.7,7.6,2.9,2,5,9.0,Healthy,No,High
4519,7.7,13.0,8.7,4,0,3.0,Healthy,No,Low
4520,5.2,11.8,2.6,4,1,10.0,Healthy,No,High
4521,6.0,10.5,3.3,1,4,9.0,Unhealthy,No,High
4522,9.1,9.5,2.6,2,3,10.0,Unhealthy,Yes,High
4523,8.0,10.0,6.5,3,4,9.0,Unhealthy,no,High
4524,11.2,12.6,3.7,1,2,3.0,Unhealthy,Yes,Low
4525,9.4,12.7,3.3,3,4,4.0,healthy,No,Medium
4526,9.3,13.0,6.4,0,5,4.0,Healthy,No,Medium
4527,4.2,9.1,6.9,2,4,4.0,Healthy,No,Medium
4528,8.5,10.7,6.1,1,2,7.0,Unhealthy,Yes,High
4529,6.9,13.0,5.7,5,2,5.0,Unhealthy,Yes,Medium
4530,,7.1,9.7,1,2,7.0,Healthy,Yes,High
4531,7.3,8.0,6.3,0,5,6.0,Unhealthy,No,Medium
4532,8.9,9.0,7.6,0,5,7.0,Unhealthy,No,High
4533,8.0,11.7,6.3,0,4,8.0,Unhealthy,Yes,High
4534,5.2,11.7,3.8,1,2,6.0,Unhealthy,Yes,Medium
4535,8.5,8.3,7.1,4,0,9.0,Unhealthy,Yes,High
4536,5.7,4.5,4.7,3,1,4.0,Unhealthy,No,Medium
4537,7.4,9.7,5.8,5,1,5.0,Unhealthy,No,Medium
4538,6.4,6.2,6.6,5,2,9.0,Healthy,Yes,High
4539,6.6,4.5,2.1,3,3,9.0,Healthy,Yes,High
4540,8.5,5.2,2.8,5,4,2.0,Unhealthy,No,Low
4541,4.9,10.0,7.8,0,1,2.0,Healthy,Yes,Low
4542,10.9,13.1,4.7,5,5,9.0,Healthy,No,High
4543,3.4,9.1,4.8,4,5,6.0,Unhealthy,No,Medium
4544,5.8,9.6,6.3,4,0,8.0,Healthy,Yes,High
4545,7.7,12.5,5.2,0,3,8.0,Healthy,No,High
4546,8.2,4.4,6.8,2,3,8.0,Unhealthy,no,High
4547,6.8,10.6,5.9,1,0,5.0,Healthy,No,Medium
4548,6.9,9.0,6.4,2,4,10.0,Unhealthy,No,High
4549,7.8,10.7,4.6,4,4,,Healthy,No,Medium
4550,6.5,7.5,6.4,0,2,3.0,Healthy,No,Low
4551,9.8,6.5,8.2,1,0,4.0,Unhealthy,No,Medium
4552,8.7,9.4,4.9,3,0,8.0,Unhealthy,No,High
4553,8.7,13.9,7.8,5,5,4.0,Unhealthy,No,Medium
4554,5.1,11.6,5.9,4,0,8.0,Unhealthy,No,High
4555,6.8,7.5,7.5,1,2,8.0,Unhealthy,No,High
4556,6.4,5.0,6.3,1,1,1.0,Healthy,No,Low
4557,5.0,4.0,5.9,2,4,9.0,Healthy,Yes,High
4558,7.7,12.9,6.7,3,2,3.0,Unhealthy,No,Low
4559,5.9,6.1,8.4,2,2,6.0,Unhealthy,No,Medium
4560,8.3,8.0,6.5,2,5,3.0,Unhealthy,Yes,Low
4561,4.9,13.0,7.0,2,2,9.0,Healthy,Yes,High
4562,10.4,4.2,5.3,2,5,1.0,Healthy,Yes,Low
4563,5.2,13.5,9.1,4,5,7.0,Unhealthy,Yes,High
4564,7.4,8.2,7.3,3,0,5.0,Healthy,Yes,Medium
4565,8.6,5.6,6.2,2,2,3.0,Healthy,Yes,Low
4566,5.9,8.3,5.8,4,1,7.0,Healthy,No,High
4567,8.7,6.8,8.0,5,3,1.0,Unhealthy,No,Low
4568,4.5,10.3,4.8,4,2,6.0,Unhealthy,Yes,Medium
4569,9.9,7.1,2.4,1,5,7.0,Unhealthy,no,High
4570,7.0,3.3,6.1,1,1,9.0,Unhealthy,Yes,High
4571,5.8,8.3,8.4,0,5,9.0,Healthy,Yes,High
4572,6.4,4.9,9.2,4,0,7.0,Healthy,Yes,High
4573,,9.6,5.8,0,3,5.0,Unhealthy,No,Medium
4574,5.8,5.4,,4,4,7.0,Healthy,No,High
4575,5.5,7.5,7.0,2,4,1.0,Unhealthy,Yes,Low
4576,6.6,9.5,5.5,2,0,7.0,Unhealthy,Yes,High
4577,4.6,8.4,7.0,0,0,10.0,Unhealthy,Yes,High
4578,10.6,9.8,5.8,2,4,4.0,Healthy,Yes,Medium
4579,5.9,11.0,8.0,2,0,2.0,Unhealthy,No,Low
4580,8.7,5.5,7.4,1,4,6.0,Healthy,Yes,Medium
4581,7.4,8.8,7.6,2,0,,Healthy,No,High
4582,5.0,-1.0,5.6,1,4,7.0,Unhealthy,No,High
4583,7.0,9.7,9.9,3,1,8.0,Healthy,No,High
4584,8.6,8.1,7.0,4,0,5.0,Unhealthy,No,Medium
4585,6.6,6.0,6.5,1,4,10.0,Unhealthy,No,High
4586,9.4,9.9,4.5,5,0,10.0,Unhealthy,No,High
4587,9.0,12.5,5.8,5,4,8.0,Healthy,No,High
4588,8.8,7.6,6.2,1,4,4.0,healthy,No,Medium
4589,6.1,6.2,4.4,1,5,10.0,Unhealthy,No,High
4590,4.8,9.5,5.4,5,5,1.0,Healthy,No,Low
4591,5.8,5.0,5.7,4,3,8.0,Healthy,Yes,High
4592,7.4,7.0,6.1,4,0,4.0,Healthy,Yes,Medium
4593,8.1,12.7,2.5,4,1,5.0,Healthy,No,Medium
4594,2.7,9.2,5.7,5,2,4.0,Healthy,Yes,Medium
4595,7.0,3.4,5.2,2,2,7.0,Unhealthy,Yes,High
4596,7.3,3.6,6.0,1,5,10.0,Unhealthy,Yes,High
4597,6.4,9.5,8.1,4,0,3.0,Healthy,Yes,Low
4598,9.6,11.6,10.1,3,5,2.0,Healthy,No,Low
4599,7.8,4.1,7.4,5,4,10.0,Healthy,No,High
4600,9.6,10.3,3.5,4,4,2.0,Healthy,No,Low
4601,6.6,13.0,5.3,0,1,7.0,Healthy,Yes,High
4602,8.9,14.7,7.2,0,0,10.0,Healthy,Yes,High
4603,10.3,10.0,7.0,1,2,6.0,Healthy,Yes,Medium
4604,9.6,10.5,8.0,1,1,2.0,Unhealthy,No,Low
4605,4.8,2.6,5.8,1,0,8.0,Healthy,No,High
4606,6.5,15.3,5.3,2,0,6.0,Healthy,Yes,Medium
4607,6.3,7.3,9.5,5,5,8.0,Unhealthy,No,High
4608,8.0,6.2,6.1,0,5,6.0,Healthy,No,Medium
4609,8.4,8.2,4.0,0,0,4.0,Healthy,Yes,Medium
4610,5.3,13.5,9.0,1,3,8.0,Unhealthy,Yes,High
4611,7.1,15.6,3.0,5,1,4.0,Unhealthy,No,Medium
4612,3.0,9.4,-1.0,0,0,6.0,Healthy,Yes,Medium
4613,9.9,12.0,7.5,0,5,5.0,Healthy,No,Medium
4614,6.0,9.1,7.8,2,1,4.0,Unhealthy,No,Medium
4615,7.1,5.9,6.8,3,2,7.0,Unhealthy,No,High
4616,6.4,13.4,3.4,1,0,8.0,Unhealthy,Yes,High
4617,9.3,7.1,5.9,3,4,6.0,Healthy,Yes,Medium
4618,1.3,13.6,5.4,3,0,1.0,Healthy,Yes,Low
4619,7.0,12.9,4.9,2,0,7.0,Unhealthy,No,High
4620,6.8,10.8,8.8,0,1,4.0,Unhealthy,Yes,Medium
4621,6.1,14.5,3.9,1,1,2.0,Unhealthy,Yes,Low
4622,10.5,15.7,6.6,4,5,3.0,Healthy,no,Low
4623,5.2,8.5,8.4,3,3,10.0,Unhealthy,No,High
4624,8.5,6.6,6.8,5,0,4.0,Healthy,No,Medium
4625,7.7,3.4,8.5,3,5,7.0,Healthy,Yes,High
4626,9.5,15.7,7.1,2,2,9.0,Unhealthy,Yes,High
4627,5.7,7.7,6.9,3,1,10.0,Healthy,No,High
4628,5.5,12.4,,3,3,6.0,Healthy,Yes,Medium
4629,9.2,6.8,7.2,3,4,10.0,Healthy,No,High
4630,7.9,13.6,,2,4,5.0,Unhealthy,No,Medium
4631,3.9,6.9,20.0,0,3,9.0,Unhealthy,Yes,High
4632,5.9,5.4,20.0,5,5,8.0,Unhealthy,Yes,High
4633,7.8,8.4,8.3,3,4,8.0,Healthy,Yes,High
4634,,7.4,6.5,1,0,8.0,Healthy,No,High
4635,5.6,10.8,4.9,5,1,8.0,Unhealthy,No,High
4636,1.2,8.8,2.9,3,2,8.0,Unhealthy,Yes,High
4637,8.0,10.9,6.2,3,4,10.0,Healthy,No,High
4638,4.6,8.1,3.3,1,0,10.0,Healthy,Yes,High
4639,3.0,7.0,3.0,2,5,7.0,Healthy,No,High
4640,1.3,7.2,6.0,4,1,2.0,Unhealthy,Yes,Low
4641,8.6,15.1,4.5,1,0,2.0,Unhealthy,Yes,Low
4642,7.3,9.7,6.7,4,0,5.0,Unhealthy,No,Medium
4643,6.5,3.0,5.7,0,5,6.0,Healthy,Yes,Medium
4644,9.8,7.4,4.8,0,1,9.0,Unhealthy,Yes,High
4645,8.3,9.3,2.6,3,4,1.0,Healthy,Yes,Low
4646,10.2,14.5,4.3,5,4,7.0,Unhealthy,Yes,High
4647,4.2,12.1,4.4,3,0,7.0,Healthy,No,High
4648,6.9,6.2,3.5,2,3,8.0,Healthy,Yes,High
4649,3.8,16.3,5.3,4,4,1.0,Healthy,No,Low
4650,6.5,8.9,3.7,0,0,10.0,Healthy,Yes,High
4651,6.5,12.7,5.7,0,5,4.0,Healthy,Yes,Medium
4652,8.3,5.5,6.5,3,2,10.0,Unhealthy,Yes,High
4653,7.1,1.8,4.3,3,2,5.0,Unhealthy,Yes,Medium
4654,8.2,4.8,6.9,2,3,2.0,Unhealthy,Yes,Low
4655,8.4,-0.8,3.3,3,5,2.0,Unhealthy,No,Low
4656,11.3,15.3,3.8,5,0,4.0,Unhealthy,Yes,Medium
4657,6.4,9.6,5.8,3,2,3.0,Healthy,No,Low
4658,5.1,6.2,7.4,5,5,7.0,Unhealthy,Yes,High
4659,7.5,10.4,7.7,5,4,7.0,Unhealthy,No,High
4660,5.4,9.6,9.2,2,0,2.0,Healthy,No,Low
4661,10.0,10.9,5.2,3,3,5.0,Unhealthy,Yes,Medium
4662,6.4,12.6,5.7,5,3,5.0,Unhealthy,Yes,Medium
4663,5.9,8.1,3.9,5,4,8.0,Healthy,Yes,High
4664,6.1,6.4,3.5,3,2,8.0,Healthy,Yes,High
4665,8.4,11.5,6.5,3,5,4.0,Healthy,No,Medium
4666,6.7,11.4,4.4,4,2,10.0,Unhealthy,Yes,High
4667,5.7,9.3,8.5,0,3,1.0,Unhealthy,Yes,Low
4668,10.3,15.5,3.1,1,1,6.0,Healthy,No,Medium
4669,5.3,7.7,7.0,0,5,7.0,Unhealthy,No,High
4670,7.1,6.3,4.0,4,5,1.0,Unhealthy,No,Low
4671,8.3,10.3,4.4,1,5,8.0,Unhealthy,No,High
4672,3.7,7.0,7.1,0,3,9.0,Healthy,Yes,High
4673,8.0,10.5,4.6,2,5,8.0,Unhealthy,No,High
4674,4.9,6.5,5.0,4,3,3.0,Healthy,No,Low
4675,8.6,7.8,4.4,2,0,9.0,Unhealthy,No,High
4676,5.1,14.7,9.6,2,4,10.0,Unhealthy,No,High
4677,8.4,7.8,4.8,0,0,3.0,Healthy,No,Low
4678,9.2,6.6,6.1,5,3,4.0,Healthy,No,Medium
4679,8.7,12.5,5.6,1,0,6.0,Healthy,Yes,Medium
4680,7.5,5.8,6.4,5,2,7.0,Healthy,No,High
4681,6.5,6.9,4.8,3,3,8.0,Unhealthy,Yes,High
4682,5.8,10.7,5.6,3,2,7.0,Unhealthy,Yes,High
4683,9.9,11.8,6.8,4,2,3.0,Unhealthy,No,Low
4684,5.6,12.7,4.3,2,4,2.0,Unhealthy,No,Low
4685,4.9,6.8,8.2,4,2,2.0,Healthy,Yes,Low
4686,8.3,10.8,8.4,0,0,9.0,Healthy,No,High
4687,5.4,7.6,7.2,2,0,7.0,Unhealthy,Yes,High
4688,,7.2,6.1,3,5,7.0,Unhealthy,Yes,High
4689,4.1,12.6,,0,1,5.0,Healthy,No,Medium
4690,6.0,7.4,6.8,0,4,6.0,Unhealthy,Yes,Medium
4691,6.8,9.8,5.2,5,5,7.0,Unhealthy,Yes,High
4692,7.5,9.5,5.5,4,5,9.0,Healthy,No,High
4693,8.9,5.8,2.2,4,5,10.0,Healthy,No,High
4694,8.1,11.9,7.0,5,1,4.0,Healthy,No,Medium
4695,6.6,10.7,3.1,1,2,6.0,Healthy,No,Medium
4696,6.6,3.0,6.2,3,5,1.0,Unhealthy,No,Low
4697,8.0,9.8,7.8,3,3,7.0,Unhealthy,Yes,High
4698,9.5,6.7,5.1,4,0,4.0,Unhealthy,No,Medium
4699,7.3,12.3,8.4,3,3,2.0,Unhealthy,No,Low
4700,6.1,4.7,4.5,3,1,4.0,Unhealthy,No,Medium
4701,5.0,7.9,7.2,0,5,8.0,Unhealthy,Yes,High
4702,4.1,10.1,3.4,5,1,,Healthy,Yes,Low
4703,8.3,9.2,8.1,5,0,1.0,Healthy,No,Low
4704,8.2,11.3,7.8,2,5,1.0,Unhealthy,Yes,Low
4705,8.2,4.4,6.9,2,1,7.0,Healthy,Yes,High
4706,6.7,14.0,5.2,1,3,7.0,Healthy,Yes,High
4707,9.8,10.6,3.2,2,1,4.0,Healthy,Yes,Medium
4708,6.0,13.1,5.2,5,3,5.0,Healthy,Yes,Medium
4709,8.9,11.6,8.2,3,5,5.0,Healthy,Yes,Medium
4710,6.9,9.0,6.3,5,2,7.0,Healthy,No,High
4711,5.8,5.1,2.9,0,5,3.0,Healthy,No,Low
4712,8.2,7.3,3.8,5,4,5.0,Healthy,No,Medium
4713,7.8,13.8,8.5,2,0,7.0,Healthy,Yes,High
4714,7.7,13.2,7.0,3,1,7.0,Healthy,No,High
4715,7.2,7.1,3.5,5,5,9.0,Healthy,no,High
4716,6.9,0.5,2.5,3,0,4.0,Healthy,No,Medium
4717,11.8,8.4,4.7,4,1,1.0,Unhealthy,No,Low
4718,9.4,8.1,2.3,5,2,5.0,Unhealthy,No,Medium
4719,8.4,8.3,5.7,4,3,4.0,Unhealthy,Yes,Medium
4720,7.2,10.6,10.9,2,0,3.0,Healthy,No,Low
4721,9.0,11.6,2.8,4,2,7.0,Healthy,No,High
4722,8.0,12.0,5.6,3,2,9.0,Unhealthy,Yes,High
4723,7.1,10.3,8.6,3,4,4.0,Unhealthy,Yes,Medium
4724,6.4,3.6,7.5,4,2,6.0,Unhealthy,Yes,Medium
4725,6.8,8.0,5.7,0,4,1.0,Unhealthy,No,Low
4726,0.7,15.9,5.7,4,2,1.0,Healthy,No,Low
4727,7.4,10.1,3.7,0,3,3.0,Unhealthy,No,Low
4728,6.0,10.1,5.5,4,2,5.0,Healthy,No,Medium
4729,10.2,10.1,6.5,3,5,6.0,Unhealthy,Yes,Medium
4730,7.0,10.2,8.2,5,3,9.0,Healthy,Yes,High
4731,4.6,1.9,4.8,3,1,9.0,Unhealthy,Yes,High
4732,6.9,8.3,5.6,4,2,10.0,Healthy,Yes,High
4733,4.9,8.9,4.1,1,2,1.0,Unhealthy,No,Low
4734,7.9,12.8,6.5,0,1,2.0,Unhealthy,No,Low
4735,7.6,9.1,7.6,1,4,8.0,Unhealthy,Yes,High
4736,8.9,4.1,7.3,3,3,5.0,Unhealthy,Yes,Medium
4737,5.4,10.3,3.7,0,1,3.0,Unhealthy,Yes,Low
4738,7.1,6.6,6.3,5,1,9.0,Unhealthy,Yes,High
4739,4.3,5.3,4.6,4,5,2.0,Unhealthy,Yes,Low
4740,8.4,6.5,8.0,0,0,7.0,Healthy,No,High
4741,8.0,10.6,5.7,0,1,10.0,Unhealthy,Yes,High
4742,8.0,12.8,3.0,2,4,8.0,Unhealthy,Yes,High
4743,7.0,10.4,5.6,5,4,2.0,Healthy,No,Low
4744,7.8,10.9,6.9,0,4,1.0,Healthy,No,Low
4745,10.2,10.4,6.5,5,3,3.0,Healthy,Yes,Low
4746,6.4,9.3,5.0,3,3,,Healthy,No,High
4747,7.3,11.1,4.8,5,2,4.0,Unhealthy,No,Medium
4748,4.8,1.7,4.0,1,1,5.0,Unhealthy,No,Medium
4749,5.3,9.3,5.2,1,5,9.0,Healthy,Yes,High
4750,7.2,5.9,4.3,5,4,,Healthy,No,Medium
4751,9.2,12.5,7.9,4,1,9.0,Unhealthy,Yes,High
4752,6.5,8.6,4.2,2,2,,Unhealthy,No,Medium
4753,6.5,9.1,6.2,1,2,7.0,Unhealthy,Yes,High
4754,6.2,4.5,6.1,1,4,8.0,Healthy,Yes,High
4755,5.9,12.1,7.9,0,1,10.0,Healthy,No,High
4756,7.6,10.9,8.2,5,2,10.0,Healthy,No,High
4757,4.0,10.7,7.4,3,0,,Unhealthy,No,Low
4758,,6.6,6.7,5,3,9.0,Healthy,Yes,High
4759,5.7,6.7,3.9,5,1,2.0,Healthy,Yes,Low
4760,8.4,9.7,3.9,3,4,3.0,Unhealthy,No,Low
4761,4.5,6.9,4.3,4,2,1.0,Healthy,No,Low
4762,8.3,10.3,7.5,3,2,10.0,Unhealthy,No,High
4763,8.3,2.5,6.1,1,2,3.0,Unhealthy,Yes,Low
4764,40.0,7.5,7.7,0,3,2.0,Unhealthy,Yes,Low
4765,5.0,14.4,8.0,3,1,7.0,Healthy,No,High
4766,7.5,10.3,4.5,2,2,7.0,healthy,Yes,High
4767,4.6,9.5,6.1,2,5,6.0,Unhealthy,No,Medium
4768,6.5,15.0,6.0,2,3,10.0,Unhealthy,No,High
4769,9.1,2.0,5.3,3,0,4.0,Unhealthy,Yes,Medium
4770,8.6,6.6,4.9,0,1,3.0,Unhealthy,No,Low
4771,7.0,7.8,8.4,3,4,7.0,Healthy,No,High
4772,5.1,11.6,6.1,1,1,3.0,Healthy,No,Low
4773,,11.6,6.0,3,2,9.0,Healthy,No,High
4774,7.0,6.4,4.4,5,4,10.0,Unhealthy,No,High
4775,2.4,12.0,7.4,2,5,8.0,Unhealthy,Yes,High
4776,8.6,7.8,4.0,2,1,7.0,Healthy,No,High
4777,7.0,12.6,6.9,5,4,2.0,Unhealthy,No,Low
4778,9.4,5.9,7.0,0,1,10.0,Healthy,Yes,High
4779,4.8,8.6,5.2,4,5,3.0,Unhealthy,No,Low
4780,0.6,7.5,6.6,2,0,8.0,Unhealthy,Yes,High
4781,7.6,12.2,6.4,2,0,3.0,Healthy,No,Low
4782,7.6,7.4,5.9,4,0,8.0,Healthy,Yes,High
4783,3.6,8.9,6.0,3,1,4.0,Healthy,Yes,Medium
4784,5.0,10.5,6.1,2,4,5.0,Unhealthy,Yes,Medium
4785,12.5,10.6,6.3,0,0,9.0,Unhealthy,No,High
4786,6.4,11.7,6.1,3,3,10.0,Unhealthy,Yes,High
4787,8.5,9.6,3.8,3,3,2.0,Unhealthy,Yes,Low
4788,5.7,7.7,5.7,2,0,3.0,Healthy,Yes,Low
4789,2.8,8.0,6.5,3,0,1.0,Unhealthy,Yes,Low
4790,6.7,9.1,6.2,3,2,8.0,Unhealthy,Yes,High
4791,6.5,9.7,7.9,0,3,9.0,Healthy,No,High
4792,6.2,8.6,7.2,3,3,10.0,Healthy,Yes,High
4793,6.8,9.1,4.3,5,0,9.0,Healthy,No,High
4794,7.5,4.4,5.7,2,5,3.0,Unhealthy,Yes,Low
4795,6.7,11.0,,2,2,5.0,Unhealthy,Yes,Medium
4796,4.5,9.5,6.0,5,4,9.0,Unhealthy,No,High
4797,8.0,12.0,6.0,5,2,5.0,Healthy,No,Medium
4798,,9.0,7.2,5,2,1.0,Healthy,No,Low
4799,2.9,3.8,6.4,4,3,1.0,Unhealthy,No,Low
4800,8.5,7.9,8.5,1,0,4.0,Unhealthy,No,Medium
4801,8.0,8.4,6.5,4,0,7.0,Unhealthy,No,High
4802,6.9,11.2,4.3,0,0,7.0,Unhealthy,Yes,High
4803,4.2,2.8,5.1,0,2,7.0,Unhealthy,No,High
4804,5.6,9.1,7.2,2,2,6.0,Healthy,No,Medium
4805,6.5,10.5,2.8,1,5,1.0,Unhealthy,No,Low
4806,3.8,7.0,3.3,4,1,3.0,Healthy,Yes,Low
4807,5.5,9.2,6.0,1,4,5.0,Unhealthy,No,Medium
4808,8.3,7.1,7.9,2,1,4.0,Unhealthy,Yes,Medium
4809,9.9,6.8,8.6,3,5,4.0,Healthy,Yes,Medium
4810,6.2,7.8,5.6,2,4,9.0,Unhealthy,No,High
4811,8.5,6.9,8.1,2,1,7.0,Unhealthy,no,High
4812,3.2,11.1,6.1,1,1,9.0,Healthy,No,High
4813,8.3,6.8,2.9,0,1,7.0,Unhealthy,Yes,High
4814,5.4,6.3,6.0,3,1,10.0,Healthy,No,High
4815,7.6,14.3,4.8,3,2,3.0,Healthy,No,Low
4816,6.5,11.9,7.8,0,4,10.0,healthy,Yes,High
4817,9.6,3.4,5.9,1,5,4.0,Unhealthy,Yes,Medium
4818,5.3,6.7,3.4,1,1,9.0,Healthy,No,High
4819,8.3,9.7,3.0,0,1,1.0,Healthy,No,Low
4820,6.4,10.0,6.0,4,5,3.0,Unhealthy,Yes,Low
4821,6.7,4.5,1.2,1,0,4.0,Healthy,Yes,Medium
4822,6.6,12.5,5.0,0,2,4.0,Healthy,No,Medium
4823,5.3,11.5,6.5,4,3,7.0,Healthy,Yes,High
4824,,10.4,3.9,2,0,4.0,Healthy,Yes,Medium
4825,6.9,13.1,8.0,3,5,10.0,Unhealthy,Yes,High
4826,7.5,10.4,8.4,0,3,8.0,Unhealthy,No,High
4827,7.2,10.3,4.0,1,1,1.0,Unhealthy,No,Low
4828,8.6,13.7,5.4,3,4,3.0,Healthy,No,Low
4829,8.8,12.3,8.0,4,3,10.0,Unhealthy,No,High
4830,4.9,6.5,6.0,3,3,,Healthy,No,High
4831,8.7,10.9,3.2,5,3,6.0,Healthy,No,Medium
4832,4.6,7.0,5.7,0,4,3.0,Unhealthy,Yes,Low
4833,8.2,10.5,4.3,2,0,8.0,Healthy,No,High
4834,8.2,10.4,8.2,4,2,7.0,Healthy,Yes,High
4835,3.2,4.8,7.2,4,4,5.0,Unhealthy,Yes,Medium
4836,,8.6,5.4,4,0,2.0,Unhealthy,No,Low
4837,6.1,9.8,6.3,3,1,5.0,Healthy,Yes,Medium
4838,5.5,7.7,3.4,2,0,9.0,Unhealthy,Yes,High
4839,9.7,9.9,4.5,0,3,5.0,Unhealthy,Yes,Medium
4840,5.7,11.4,9.1,0,0,3.0,Healthy,Yes,Low
4841,5.4,8.9,6.1,3,0,7.0,Unhealthy,No,High
4842,7.2,9.7,7.9,5,1,3.0,Healthy,Yes,Low
4843,8.4,13.2,6.5,0,1,8.0,Healthy,No,High
4844,6.7,10.4,8.6,0,0,5.0,Unhealthy,Yes,Medium
4845,9.3,9.6,2.0,2,4,5.0,Healthy,No,Medium
4846,8.1,6.1,5.6,3,1,6.0,Healthy,No,Medium
4847,2.6,11.0,9.3,3,3,10.0,Unhealthy,No,High
4848,5.9,10.0,7.9,4,4,6.0,Healthy,No,Medium
4849,5.9,12.9,8.7,0,5,3.0,Healthy,Yes,Low
4850,8.0,9.1,6.0,1,0,7.0,Unhealthy,Yes,High
4851,1.8,3.6,4.9,5,5,9.0,Unhealthy,Yes,High
4852,12.1,3.9,3.9,2,3,1.0,Unhealthy,Yes,Low
4853,8.1,11.2,3.8,2,3,4.0,Unhealthy,Yes,Medium
4854,7.3,7.3,7.6,5,4,4.0,Healthy,Yes,Medium
4855,,10.3,7.0,5,0,1.0,Healthy,No,Low
4856,11.7,9.3,5.9,1,3,6.0,Healthy,No,Medium
4857,8.7,8.5,7.0,4,5,2.0,Healthy,Yes,Low
4858,8.9,8.7,6.3,1,5,6.0,Unhealthy,no,Medium
4859,7.3,6.4,7.9,5,1,1.0,Healthy,Yes,Low
4860,6.7,9.0,7.9,5,1,10.0,Healthy,No,High
4861,6.0,7.2,3.9,1,4,5.0,Unhealthy,Yes,Medium
4862,5.3,7.9,6.5,4,1,6.0,Healthy,Yes,Medium
4863,5.6,8.0,2.7,1,2,10.0,Healthy,Yes,High
4864,4.3,8.3,6.3,4,0,2.0,Healthy,Yes,Low
4865,6.8,11.8,7.2,5,3,1.0,Healthy,Yes,Low
4866,3.6,8.6,3.4,5,3,7.0,Unhealthy,Yes,High
4867,7.4,12.1,5.2,5,4,1.0,Healthy,Yes,Low
4868,6.9,13.6,6.0,0,4,7.0,Healthy,No,High
4869,7.3,11.6,6.5,4,3,1.0,Unhealthy,Yes,Low
4870,6.0,10.6,5.4,5,1,9.0,Healthy,No,High
4871,13.2,10.0,3.7,3,4,5.0,Unhealthy,Yes,Medium
4872,9.7,11.6,5.9,3,2,6.0,Unhealthy,Yes,Medium
4873,4.5,9.3,2.7,1,4,7.0,Healthy,No,High
4874,7.5,12.0,5.5,3,1,1.0,Unhealthy,No,Low
4875,5.8,10.8,5.1,4,0,8.0,Healthy,Yes,High
4876,5.0,7.9,5.7,0,2,6.0,Healthy,No,Medium
4877,4.3,11.7,4.9,4,4,2.0,Healthy,No,Low
4878,7.9,9.3,3.0,2,0,1.0,Unhealthy,Yes,Low
4879,5.6,8.7,5.3,1,0,1.0,Healthy,No,Low
4880,8.9,7.6,7.9,5,5,4.0,Unhealthy,No,Medium
4881,9.0,9.5,8.5,0,3,3.0,Healthy,Yes,Low
4882,9.7,12.0,10.9,1,1,6.0,Unhealthy,Yes,Medium
4883,5.3,11.7,9.4,2,3,10.0,Healthy,Yes,High
4884,8.0,10.1,3.6,3,5,8.0,Unhealthy,No,High
4885,8.3,10.8,5.2,2,1,1.0,Unhealthy,Yes,Low
4886,6.1,12.8,6.0,3,5,7.0,Healthy,Yes,High
4887,5.5,8.6,5.8,1,0,8.0,Unhealthy,No,High
4888,10.2,5.7,6.1,1,4,5.0,Unhealthy,Yes,Medium
4889,7.5,12.9,10.8,5,1,8.0,Unhealthy,No,High
4890,8.3,7.4,3.8,5,1,1.0,Unhealthy,No,Low
4891,5.4,6.9,4.6,1,0,2.0,Healthy,no,Low
4892,4.6,3.6,9.3,5,2,4.0,Unhealthy,No,Medium
4893,5.9,10.7,4.8,4,0,1.0,Unhealthy,No,Low
4894,6.8,4.1,6.8,0,5,5.0,Unhealthy,No,Medium
4895,4.9,6.7,8.1,4,0,10.0,Unhealthy,No,High
4896,7.0,10.8,,2,1,3.0,Healthy,Yes,Low
4897,3.6,11.2,6.4,0,0,2.0,Healthy,No,Low
4898,4.8,7.0,7.9,1,3,7.0,Unhealthy,Yes,High
4899,8.3,8.6,4.2,1,0,2.0,Unhealthy,No,Low
4900,8.2,6.4,5.0,1,4,9.0,Unhealthy,Yes,High
4901,6.2,7.4,7.1,3,0,6.0,Healthy,No,Medium
4902,5.0,9.8,1.9,2,0,8.0,Unhealthy,Yes,High
4903,4.9,7.5,8.8,4,4,3.0,Healthy,Yes,Low
4904,6.3,8.3,6.6,5,2,5.0,Unhealthy,No,Medium
4905,8.3,4.6,6.3,2,2,3.0,Unhealthy,Yes,Low
4906,8.9,12.4,2.7,3,2,9.0,Unhealthy,No,High
4907,6.0,10.5,3.4,3,3,1.0,Unhealthy,No,Low
4908,4.7,11.4,5.2,2,4,8.0,Healthy,No,High
4909,7.5,12.9,7.6,3,3,6.0,Healthy,Yes,Medium
4910,5.4,6.5,1.8,5,3,7.0,Unhealthy,Yes,High
4911,6.0,7.9,7.6,0,5,2.0,Unhealthy,No,Low
4912,9.7,3.3,5.3,1,3,7.0,Healthy,Yes,High
4913,8.7,18.4,5.6,4,4,1.0,healthy,No,Low
4914,7.3,8.6,6.5,3,1,7.0,Unhealthy,Yes,High
4915,4.5,12.1,6.5,4,1,8.0,Unhealthy,No,High
4916,7.4,5.3,4.6,1,2,,Unhealthy,No,Low
4917,9.1,12.0,7.2,5,3,10.0,Unhealthy,No,High
4918,6.2,14.6,1.4,2,2,2.0,healthy,Yes,Low
4919,9.7,8.8,5.1,5,3,3.0,Healthy,Yes,Low
4920,9.6,6.0,,1,2,10.0,Healthy,Yes,High
4921,10.3,8.6,5.3,4,0,4.0,Healthy,No,Medium
4922,7.6,2.3,2.3,0,4,8.0,Healthy,Yes,High
4923,8.2,8.9,7.5,2,3,3.0,Healthy,Yes,Low
4924,9.8,11.5,3.5,3,5,6.0,Unhealthy,Yes,Medium
4925,7.9,8.9,5.9,0,3,10.0,Unhealthy,Yes,High
4926,6.0,8.1,6.3,1,3,8.0,Unhealthy,Yes,High
4927,6.1,10.6,6.0,4,4,10.0,Unhealthy,No,High
4928,7.5,10.8,8.3,4,0,2.0,Healthy,Yes,Low
4929,4.4,4.0,5.9,4,1,4.0,Unhealthy,Yes,Medium
4930,6.7,9.3,6.9,1,4,1.0,Unhealthy,No,Low
4931,9.2,16.3,5.9,2,0,8.0,Healthy,No,High
4932,2.6,5.0,7.2,3,2,1.0,Healthy,No,Low
4933,10.1,8.7,8.8,0,3,9.0,Healthy,Yes,High
4934,9.2,14.8,6.3,1,3,6.0,Healthy,No,Medium
4935,40.0,12.3,7.6,4,1,3.0,Healthy,Yes,Low
4936,8.1,7.5,8.9,3,2,8.0,Healthy,No,High
4937,7.0,9.6,8.7,4,0,2.0,Healthy,Yes,Low
4938,9.5,9.0,5.2,1,2,3.0,Healthy,No,Low
4939,9.0,6.8,8.1,4,2,7.0,Unhealthy,Yes,High
4940,4.2,8.8,6.5,1,1,1.0,Unhealthy,No,Low
4941,8.2,8.2,8.2,4,0,9.0,Unhealthy,No,High
4942,6.6,9.3,7.1,1,1,10.0,Unhealthy,Yes,High
4943,7.2,6.8,6.6,4,0,9.0,Unhealthy,Yes,High
4944,5.5,5.2,6.9,3,4,3.0,Unhealthy,Yes,Low
4945,10.5,8.9,6.5,3,4,4.0,Healthy,No,Medium
4946,9.1,14.1,6.6,4,3,2.0,Healthy,Yes,Low
4947,5.5,9.2,5.7,4,1,10.0,Unhealthy,No,High
4948,4.3,8.0,5.5,1,4,1.0,Unhealthy,Yes,Low
4949,6.2,11.3,20.0,1,5,8.0,Unhealthy,Yes,High
4950,7.9,8.5,7.0,1,2,9.0,Unhealthy,No,High
4951,7.5,14.6,20.0,2,2,9.0,Healthy,Yes,High
4952,9.5,9.0,5.4,4,4,10.0,Healthy,No,High
4953,8.6,11.1,8.1,5,1,5.0,Unhealthy,Yes,Medium
4954,8.9,6.7,4.5,4,3,5.0,Unhealthy,Yes,Medium
4955,7.7,10.5,3.0,4,2,5.0,Unhealthy,Yes,Medium
4956,4.2,9.8,3.2,4,3,6.0,Unhealthy,No,Medium
4957,6.6,8.8,2.5,1,2,4.0,Unhealthy,Yes,Medium
4958,9.1,7.5,3.4,1,0,2.0,Unhealthy,Yes,Low
4959,6.9,7.1,3.6,2,4,2.0,Healthy,No,Low
4960,8.0,9.8,8.8,1,1,6.0,Unhealthy,Yes,Medium
4961,6.4,10.9,5.9,5,2,5.0,Unhealthy,Yes,Medium
4962,4.9,8.6,5.3,4,4,4.0,Healthy,No,Medium
4963,6.8,9.9,3.1,4,3,6.0,Healthy,No,Medium
4964,7.6,8.9,5.7,0,1,4.0,Healthy,Yes,Medium
4965,5.7,9.3,2.5,1,1,10.0,Healthy,No,High
4966,6.5,8.4,,0,4,4.0,Healthy,No,Medium
4967,5.1,9.1,10.1,4,4,6.0,Healthy,No,Medium
4968,9.2,17.1,7.3,1,4,4.0,Unhealthy,Yes,Medium
4969,6.4,9.9,5.6,4,0,9.0,Unhealthy,Yes,High
4970,9.9,10.9,7.4,0,0,7.0,Healthy,No,High
4971,10.1,10.3,5.0,0,1,6.0,healthy,Yes,Medium
4972,6.8,8.2,4.4,3,4,3.0,Unhealthy,No,Low
4973,5.0,12.9,9.4,3,5,4.0,Healthy,No,Medium
4974,2.8,8.1,3.7,1,5,2.0,Healthy,No,Low
4975,4.1,12.2,5.3,1,0,3.0,Unhealthy,Yes,Low
4976,4.3,8.0,6.6,1,1,1.0,Unhealthy,No,Low
4977,9.8,6.1,4.1,1,2,9.0,Healthy,No,High
4978,7.2,10.1,7.3,1,5,10.0,Healthy,No,High
4979,7.8,5.7,5.4,1,4,3.0,Unhealthy,No,Low
4980,2.6,10.6,7.3,5,0,8.0,Unhealthy,No,High
4981,4.6,5.4,7.2,1,1,4.0,Unhealthy,No,Medium
4982,8.8,8.0,5.5,0,4,8.0,Healthy,No,High
4983,7.6,4.7,9.4,0,1,7.0,Unhealthy,Yes,High
4984,6.7,17.5,4.7,0,2,4.0,Healthy,Yes,Medium
4985,8.1,4.0,8.7,5,5,7.0,Unhealthy,No,High
4986,10.3,9.0,8.3,4,1,8.0,Unhealthy,No,High
4987,6.6,12.4,9.5,2,1,10.0,Unhealthy,No,High
4988,7.1,12.1,6.3,4,2,3.0,Unhealthy,No,Low
4989,7.4,11.6,4.4,1,3,,Unhealthy,Yes,Medium
4990,11.8,8.0,10.2,2,4,3.0,Unhealthy,No,Low
4991,2.8,13.1,5.3,0,2,7.0,Healthy,Yes,High
4992,8.4,11.7,4.4,0,5,6.0,Unhealthy,Yes,Medium
4993,6.8,9.6,5.6,3,2,1.0,Unhealthy,No,Low
4994,8.1,9.7,4.0,1,5,10.0,Healthy,No,High
4995,5.7,8.1,7.1,1,4,5.0,Healthy,No,Medium
4996,6.9,6.3,4.8,3,5,4.0,Healthy,Yes,Medium
4997,8.4,12.7,5.4,4,1,2.0,Unhealthy,Yes,Low
4998,13.2,12.9,7.9,3,0,1.0,Unhealthy,Yes,Low
4999,8.6,6.3,7.2,5,4,7.0,Unhealthy,Yes,High
5000,5.3,8.5,6.0,1,2,7.0,Unhealthy,No,High
5001,6.2,8.6,6.3,5,1,6.0,Unhealthy,No,Medium
5002,6.1,8.9,6.0,5,5,5.0,Healthy,No,Medium
5003,3.4,9.2,5.1,5,3,9.0,Unhealthy,No,High
5004,6.3,11.8,6.0,0,1,2.0,Healthy,Yes,Low
5005,8.5,6.8,7.0,3,0,3.0,Unhealthy,No,Low
5006,4.5,6.5,5.7,2,1,9.0,Unhealthy,Yes,High
5007,9.1,12.7,6.8,0,0,2.0,Healthy,No,Low
5008,8.0,7.6,4.3,4,3,3.0,Unhealthy,No,Low
5009,5.5,5.2,4.8,0,3,6.0,Healthy,Yes,Medium
5010,6.7,7.5,4.5,4,1,10.0,Unhealthy,Yes,High
5011,10.2,8.0,4.9,0,4,7.0,Healthy,Yes,High
5012,8.5,13.7,8.6,1,4,2.0,Unhealthy,No,Low
5013,7.0,11.8,7.5,5,4,8.0,Healthy,Yes,High
5014,6.5,12.4,3.8,4,5,9.0,Healthy,No,High
5015,7.2,11.5,6.9,4,5,1.0,Unhealthy,No,Low
5016,6.0,11.8,5.2,3,3,6.0,Unhealthy,No,Medium
5017,2.8,6.9,4.6,0,0,4.0,Unhealthy,No,Medium
5018,11.1,8.4,3.0,4,5,10.0,Unhealthy,Yes,High
5019,7.3,6.0,7.9,4,5,10.0,Unhealthy,Yes,High
5020,7.8,8.4,3.3,0,2,5.0,Unhealthy,Yes,Medium
5021,6.9,11.1,5.9,0,1,6.0,Healthy,No,Medium
5022,5.5,9.4,4.1,2,5,6.0,Healthy,No,Medium
5023,6.6,12.9,7.6,3,5,7.0,Unhealthy,Yes,High
5024,3.8,5.6,5.3,4,0,9.0,Healthy,No,High
5025,11.6,10.5,5.7,0,2,4.0,Healthy,No,Medium
5026,4.5,5.3,5.8,4,3,9.0,Healthy,Yes,High
5027,4.9,9.3,6.6,2,2,1.0,Unhealthy,No,Low
5028,6.1,11.2,6.0,2,3,9.0,Healthy,Yes,High
5029,9.6,8.4,5.9,4,3,8.0,Healthy,No,High
5030,7.0,10.7,5.0,3,5,2.0,Unhealthy,Yes,Low
5031,4.5,6.1,2.9,1,5,7.0,Unhealthy,Yes,High
5032,9.5,4.0,3.8,4,5,7.0,Unhealthy,Yes,High
5033,8.5,10.7,7.4,2,0,2.0,Healthy,No,Low
5034,8.1,14.2,5.4,3,4,8.0,Unhealthy,Yes,High
5035,8.4,6.0,4.7,5,4,6.0,Unhealthy,No,Medium
5036,11.8,12.7,3.2,0,0,6.0,Unhealthy,No,Medium
5037,11.4,9.1,2.6,5,1,5.0,Unhealthy,Yes,Medium
5038,5.6,5.0,4.6,3,3,8.0,Healthy,Yes,High
5039,10.2,5.6,7.8,3,1,10.0,Healthy,No,High
5040,7.8,9.0,4.9,4,3,9.0,Unhealthy,Yes,High
5041,8.0,7.8,6.8,3,5,5.0,Healthy,Yes,Medium
5042,3.6,5.1,4.8,0,3,1.0,Healthy,Yes,Low
5043,6.7,3.9,7.3,5,5,6.0,Unhealthy,No,Medium
5044,5.4,6.5,5.3,4,4,1.0,Unhealthy,No,Low
5045,8.7,9.6,3.5,2,4,5.0,Unhealthy,Yes,Medium
5046,9.1,9.0,5.5,0,3,6.0,Healthy,No,Medium
5047,2.9,7.5,9.7,4,5,3.0,Healthy,Yes,Low
5048,7.0,9.6,9.6,4,4,1.0,Healthy,Yes,Low
5049,9.2,12.1,7.0,1,4,2.0,Unhealthy,Yes,Low
5050,6.6,10.2,5.7,0,5,3.0,Healthy,Yes,Low
5051,8.5,8.6,6.6,3,2,3.0,Healthy,No,Low
5052,7.7,11.8,6.6,0,2,2.0,Healthy,Yes,Low
5053,7.7,6.1,5.9,0,5,6.0,Unhealthy,No,Medium
5054,6.5,8.3,6.9,1,3,7.0,Unhealthy,Yes,High
5055,4.6,8.4,6.4,3,4,5.0,Healthy,No,Medium
5056,4.8,5.3,5.4,5,2,7.0,Healthy,Yes,High
5057,8.4,7.7,3.6,1,1,3.0,Unhealthy,No,Low
5058,7.0,2.8,5.1,1,3,5.0,Healthy,No,Medium
5059,6.7,14.7,7.6,1,3,3.0,Unhealthy,Yes,Low
5060,6.2,6.2,5.9,0,1,4.0,Healthy,Yes,Medium
5061,6.4,13.8,6.6,5,3,6.0,healthy,No,Medium
5062,9.1,9.1,5.4,1,4,4.0,Healthy,Yes,Medium
5063,6.3,10.7,3.9,2,2,4.0,Healthy,No,Medium
5064,4.3,7.5,5.5,3,0,7.0,Healthy,Yes,High
5065,8.5,9.6,4.0,5,2,6.0,Unhealthy,Yes,Medium
5066,6.6,11.0,3.8,3,5,1.0,Healthy,Yes,Low
5067,,11.0,8.4,5,1,8.0,Unhealthy,Yes,High
5068,10.2,11.3,5.2,1,0,1.0,Unhealthy,Yes,Low
5069,7.0,7.9,4.5,5,5,9.0,Unhealthy,Yes,High
5070,7.6,7.6,9.2,0,5,4.0,Healthy,No,Medium
5071,4.6,4.2,7.6,5,4,7.0,Healthy,No,High
5072,6.6,24.0,5.3,4,4,5.0,Unhealthy,No,Medium
5073,8.2,12.2,6.9,4,2,10.0,Unhealthy,No,High
5074,3.9,13.8,5.5,0,3,3.0,Unhealthy,No,Low
5075,7.4,9.9,4.6,1,5,8.0,Unhealthy,Yes,High
5076,7.2,6.7,6.9,1,3,10.0,Unhealthy,Yes,High
5077,7.1,3.9,5.4,2,1,2.0,Unhealthy,No,Low
5078,9.1,12.1,6.2,4,3,10.0,Unhealthy,Yes,High
5079,7.7,3.6,8.0,4,4,3.0,Unhealthy,No,Low
5080,10.0,8.0,7.8,3,0,5.0,Unhealthy,Yes,Medium
5081,5.0,8.3,4.9,1,5,5.0,Unhealthy,No,Medium
5082,7.3,24.0,7.0,0,2,5.0,Healthy,No,Medium
5083,7.2,9.1,3.7,1,2,7.0,Unhealthy,No,High
5084,4.9,9.4,6.9,1,2,8.0,Healthy,Yes,High
5085,8.9,1.8,6.3,2,3,,Unhealthy,Yes,High
5086,11.6,9.0,6.8,5,0,3.0,Unhealthy,No,Low
5087,7.0,2.3,5.4,5,3,8.0,Healthy,No,High
5088,8.0,11.2,10.2,0,3,10.0,Healthy,Yes,High
5089,7.2,7.3,4.2,2,5,2.0,Unhealthy,Yes,Low
5090,5.6,2.5,7.9,2,4,4.0,Unhealthy,No,Medium
5091,3.4,6.6,3.9,2,5,2.0,Unhealthy,Yes,Low
5092,5.6,7.3,7.0,5,4,5.0,Unhealthy,Yes,Medium
5093,4.2,12.6,7.2,2,5,3.0,Healthy,No,Low
5094,10.4,9.6,6.1,1,5,10.0,Healthy,Yes,High
5095,6.8,10.0,5.0,5,3,10.0,Unhealthy,No,High
5096,6.3,12.5,6.3,5,5,3.0,Unhealthy,No,Low
5097,8.8,8.7,6.5,3,1,5.0,Unhealthy,Yes,Medium
5098,4.8,11.3,20.0,1,1,4.0,Unhealthy,No,Medium
5099,5.5,11.1,4.3,2,1,6.0,Healthy,Yes,Medium
5100,7.1,5.1,4.9,2,5,5.0,Unhealthy,Yes,Medium
5101,9.1,13.4,6.6,3,3,10.0,Unhealthy,Yes,High
5102,8.0,4.7,5.5,4,0,5.0,Healthy,Yes,Medium
5103,7.5,11.8,5.8,0,1,3.0,Unhealthy,Yes,Low
5104,7.2,4.4,8.1,2,4,4.0,Unhealthy,No,Medium
5105,7.8,10.8,0.4,2,2,3.0,Unhealthy,Yes,Low
5106,7.4,14.6,4.8,1,2,3.0,Healthy,No,Low
5107,4.9,8.4,2.5,2,3,10.0,Healthy,No,High
5108,7.1,8.2,3.6,2,2,9.0,Unhealthy,No,High
5109,4.9,10.8,,0,3,10.0,Healthy,No,High
5110,7.2,8.0,7.2,1,2,6.0,Unhealthy,Yes,Medium
5111,6.0,14.5,7.9,4,0,10.0,Healthy,No,High
5112,12.1,9.6,5.8,2,0,2.0,Unhealthy,Yes,Low
5113,6.9,8.0,7.5,2,0,1.0,Unhealthy,No,Low
5114,4.2,7.4,2.5,4,0,3.0,Unhealthy,No,Low
5115,6.7,6.2,8.1,3,1,3.0,Unhealthy,Yes,Low
5116,8.0,7.1,4.4,4,4,4.0,Unhealthy,Yes,Medium
5117,10.3,7.9,4.9,4,0,4.0,Unhealthy,Yes,Medium
5118,5.8,7.5,7.0,1,5,5.0,Healthy,no,Medium
5119,3.8,7.0,,5,1,4.0,Healthy,Yes,Medium
5120,8.6,15.3,6.2,4,3,2.0,Unhealthy,Yes,Low
5121,4.2,5.9,3.3,1,2,1.0,Healthy,Yes,Low
5122,6.1,9.4,6.2,5,2,10.0,Healthy,No,High
5123,6.5,10.8,7.9,4,1,7.0,Unhealthy,No,High
5124,6.9,10.9,4.9,2,5,9.0,Healthy,No,High
5125,8.4,8.8,8.6,2,5,9.0,Healthy,Yes,High
5126,5.6,8.3,4.3,5,2,1.0,Unhealthy,no,Low
5127,6.5,10.4,6.0,3,5,9.0,Healthy,No,High
5128,7.0,9.8,9.1,5,0,1.0,Healthy,Yes,Low
5129,7.3,8.2,4.6,4,2,1.0,Healthy,Yes,Low
5130,7.2,4.3,8.1,0,0,2.0,Healthy,Yes,Low
5131,7.9,7.6,9.9,4,0,10.0,Healthy,Yes,High
5132,8.7,5.6,6.3,5,2,6.0,Unhealthy,No,Medium
5133,7.8,7.0,,0,1,9.0,Healthy,Yes,High
5134,,9.1,4.5,5,3,5.0,Unhealthy,Yes,Medium
5135,3.8,10.1,8.6,4,1,9.0,Unhealthy,Yes,High
5136,7.1,14.3,,1,4,9.0,Unhealthy,No,High
5137,8.0,7.4,,2,4,8.0,Healthy,No,High
5138,8.5,24.0,5.9,0,0,7.0,Unhealthy,Yes,High
5139,5.6,9.9,8.1,0,0,3.0,Healthy,Yes,Low
5140,5.7,12.9,5.9,4,1,10.0,Unhealthy,No,High
5141,5.9,10.7,4.2,2,1,3.0,Healthy,Yes,Low
5142,8.1,6.0,8.2,3,0,4.0,Healthy,Yes,Medium
5143,9.1,3.8,9.3,0,5,9.0,Unhealthy,Yes,High
5144,6.2,9.9,4.0,2,3,3.0,Healthy,Yes,Low
5145,8.8,7.4,3.9,2,3,8.0,Unhealthy,Yes,High
5146,7.2,6.1,6.1,0,4,8.0,Unhealthy,No,High
5147,6.8,5.2,7.9,1,5,6.0,Unhealthy,No,Medium
5148,6.6,9.5,3.7,5,3,2.0,Unhealthy,No,Low
5149,8.5,13.5,6.5,1,2,6.0,Unhealthy,No,Medium
5150,7.7,7.8,4.8,4,0,4.0,Unhealthy,Yes,Medium
5151,11.6,10.8,7.4,5,1,7.0,Unhealthy,No,High
5152,5.3,8.7,4.4,5,0,1.0,Healthy,No,Low
5153,8.0,5.1,7.5,4,2,3.0,Unhealthy,No,Low
5154,5.9,11.2,5.7,2,3,8.0,Unhealthy,Yes,High
5155,5.3,5.7,4.1,0,0,1.0,Unhealthy,No,Low
5156,7.0,9.1,6.1,1,2,10.0,Unhealthy,Yes,High
5157,7.3,8.0,2.1,2,5,3.0,Unhealthy,Yes,Low
5158,12.8,11.7,4.9,1,3,3.0,Healthy,No,Low
5159,6.6,5.8,6.7,0,4,8.0,Unhealthy,No,High
5160,4.7,10.2,2.5,1,5,1.0,Healthy,Yes,Low
5161,7.5,6.5,0.9,3,4,10.0,Unhealthy,No,High
5162,2.9,7.5,1.3,4,4,,Unhealthy,No,Medium
5163,6.8,-1.9,8.7,5,5,7.0,Healthy,Yes,High
5164,7.0,15.3,5.8,1,2,4.0,Healthy,No,Medium
5165,8.6,10.7,4.9,0,2,10.0,Unhealthy,No,High
5166,8.9,6.7,7.9,0,1,3.0,Unhealthy,Yes,Low
5167,6.0,5.6,5.2,3,1,10.0,Healthy,No,High
5168,6.7,7.5,6.5,0,4,6.0,Unhealthy,No,Medium
5169,5.5,11.2,6.1,3,0,5.0,Healthy,No,Medium
5170,4.7,3.3,5.1,2,3,2.0,healthy,No,Low
5171,7.6,8.6,6.6,1,1,6.0,Healthy,Yes,Medium
5172,4.5,14.3,7.5,0,3,3.0,Unhealthy,Yes,Low
5173,6.2,5.6,5.6,4,5,9.0,Unhealthy,No,High
5174,5.0,9.2,5.1,1,0,3.0,Healthy,No,Low
5175,8.1,15.6,5.3,3,4,9.0,Healthy,Yes,High
5176,10.6,10.9,1.4,1,3,6.0,Unhealthy,No,Medium
5177,4.4,9.4,6.6,1,5,8.0,Healthy,No,High
5178,3.3,10.5,3.6,0,4,9.0,Unhealthy,No,High
5179,6.8,7.8,7.3,4,3,8.0,Healthy,No,High
5180,7.0,12.9,5.8,2,0,2.0,Healthy,No,Low
5181,7.4,7.8,6.2,4,1,3.0,Unhealthy,No,Low
5182,6.1,3.1,7.4,5,2,8.0,Healthy,Yes,High
5183,6.6,7.8,4.1,3,4,5.0,Unhealthy,No,Medium
5184,7.7,6.1,6.7,5,1,10.0,Unhealthy,Yes,High
5185,9.1,8.2,6.5,4,3,4.0,Healthy,No,Medium
5186,3.1,8.2,5.6,4,5,6.0,Unhealthy,Yes,Medium
5187,6.3,12.6,4.1,3,5,6.0,Healthy,No,Medium
5188,7.4,11.1,7.2,4,1,7.0,Unhealthy,Yes,High
5189,5.2,9.8,7.4,2,2,5.0,Healthy,No,Medium
5190,10.5,9.0,6.2,1,4,1.0,Healthy,No,Low
5191,5.7,5.8,3.9,2,4,8.0,Healthy,No,High
5192,6.9,2.5,4.9,5,1,1.0,Unhealthy,No,Low
5193,8.1,9.3,5.9,1,0,4.0,Healthy,No,Medium
5194,5.8,11.4,7.4,1,3,3.0,Healthy,Yes,Low
5195,3.3,8.7,2.8,4,1,3.0,Unhealthy,No,Low
5196,6.1,7.4,4.9,1,0,6.0,Healthy,Yes,Medium
5197,9.1,10.4,5.2,3,4,8.0,Unhealthy,No,High
5198,6.3,8.8,5.8,2,3,5.0,Healthy,No,Medium
5199,5.3,14.1,3.4,1,4,6.0,Unhealthy,Yes,Medium
5200,8.9,12.7,5.6,4,2,6.0,Healthy,No,Medium
5201,6.3,11.9,5.4,4,5,1.0,Unhealthy,Yes,Low
5202,6.0,11.3,3.9,4,0,7.0,Healthy,Yes,High
5203,7.3,5.1,5.8,0,2,1.0,Healthy,No,Low
5204,8.5,11.0,4.9,2,2,7.0,Healthy,Yes,High
5205,11.8,10.1,7.0,4,2,8.0,Healthy,Yes,High
5206,8.7,10.8,4.2,3,0,4.0,Healthy,Yes,Medium
5207,9.3,10.5,6.2,4,3,8.0,Unhealthy,Yes,High
5208,6.0,10.4,4.4,0,4,6.0,Unhealthy,No,Medium
5209,4.9,17.1,4.8,2,3,6.0,Unhealthy,No,Medium
5210,7.1,8.8,6.6,1,5,9.0,Healthy,No,High
5211,7.2,11.8,6.5,2,3,6.0,Unhealthy,Yes,Medium
5212,4.8,7.6,5.2,1,3,5.0,Unhealthy,Yes,Medium
5213,6.6,11.4,5.5,1,4,10.0,Unhealthy,No,High
5214,7.8,11.8,3.1,4,4,10.0,Healthy,No,High
5215,7.7,10.1,8.8,5,0,6.0,Unhealthy,Yes,Medium
5216,8.0,14.0,7.4,3,5,8.0,Unhealthy,No,High
5217,7.6,6.3,7.3,3,1,9.0,Unhealthy,Yes,High
5218,6.0,7.5,2.8,5,4,10.0,Healthy,No,High
5219,6.0,9.6,4.8,4,4,10.0,Healthy,No,High
5220,4.6,11.6,5.3,0,5,8.0,Unhealthy,No,High
5221,10.6,9.5,2.1,1,1,8.0,Unhealthy,No,High
5222,7.0,12.9,7.8,5,4,7.0,Unhealthy,Yes,High
5223,6.6,7.0,8.9,3,3,1.0,Healthy,Yes,Low
5224,5.1,5.6,10.1,2,5,4.0,Healthy,No,Medium
5225,12.9,9.9,3.9,0,4,4.0,Healthy,Yes,Medium
5226,4.9,8.8,,4,0,3.0,Unhealthy,Yes,Low
5227,6.1,10.6,8.6,0,4,4.0,Healthy,Yes,Medium
5228,7.8,8.9,5.5,3,1,2.0,healthy,Yes,Low
5229,8.2,8.0,4.9,5,3,3.0,Healthy,No,Low
5230,8.9,8.8,2.3,4,1,3.0,Unhealthy,Yes,Low
5231,10.6,9.1,8.3,3,5,10.0,Healthy,No,High
5232,8.0,8.1,6.0,1,4,1.0,Unhealthy,No,Low
5233,4.9,8.4,,0,4,7.0,Unhealthy,Yes,High
5234,6.5,7.8,6.6,5,0,4.0,Healthy,No,Medium
5235,7.6,11.6,6.3,1,3,8.0,Healthy,No,High
5236,40.0,9.6,6.3,2,4,9.0,Unhealthy,No,High
5237,4.2,15.8,5.6,1,0,2.0,Unhealthy,No,Low
5238,9.4,9.5,9.2,0,0,,Healthy,Yes,Low
5239,7.4,7.3,5.7,2,1,2.0,Healthy,No,Low
5240,8.7,17.0,,3,3,8.0,Unhealthy,Yes,High
5241,6.8,10.2,7.1,5,2,2.0,Healthy,Yes,Low
5242,5.3,12.0,6.7,2,5,6.0,Unhealthy,No,Medium
5243,8.5,10.8,5.8,0,0,5.0,Unhealthy,No,Medium
5244,8.3,10.9,7.9,4,2,10.0,Unhealthy,Yes,High
5245,8.9,10.6,6.2,2,1,9.0,Healthy,Yes,High
5246,7.0,5.7,4.1,3,0,2.0,Healthy,No,Low
5247,5.8,10.1,4.1,2,5,1.0,Unhealthy,Yes,Low
5248,3.9,5.0,6.8,5,3,2.0,Unhealthy,No,Low
5249,8.6,8.5,4.2,1,2,10.0,Healthy,Yes,High
5250,7.8,6.8,5.9,4,3,5.0,Unhealthy,Yes,Medium
5251,5.1,10.1,8.1,0,2,8.0,Unhealthy,No,High
5252,5.9,10.0,6.6,4,1,8.0,Unhealthy,Yes,High
5253,6.1,10.4,4.6,1,0,2.0,Unhealthy,Yes,Low
5254,4.0,9.9,8.8,4,0,5.0,Healthy,Yes,Medium
5255,5.4,7.2,,1,1,2.0,Unhealthy,No,Low
5256,4.7,8.2,8.0,5,5,7.0,Healthy,No,High
5257,6.2,11.8,1.5,2,5,10.0,Healthy,Yes,High
5258,5.5,12.2,6.7,0,4,8.0,Unhealthy,Yes,High
5259,3.7,5.6,7.7,1,2,5.0,Unhealthy,Yes,Medium
5260,11.0,4.4,9.4,1,5,1.0,Healthy,No,Low
5261,9.5,6.8,3.1,2,5,7.0,Healthy,Yes,High
5262,5.4,12.1,8.4,1,2,3.0,Unhealthy,No,Low
5263,7.5,12.6,9.3,0,4,2.0,Unhealthy,Yes,Low
5264,7.8,6.2,2.0,3,1,6.0,Unhealthy,No,Medium
5265,9.4,9.9,,4,3,2.0,Unhealthy,No,Low
5266,5.4,14.5,7.2,5,3,10.0,Healthy,No,High
5267,9.2,10.2,5.3,5,1,8.0,Healthy,Yes,High
5268,5.9,13.3,,1,3,3.0,Healthy,No,Low
5269,4.3,12.0,7.3,4,1,2.0,Unhealthy,Yes,Low
5270,8.4,6.3,4.8,5,2,8.0,Healthy,Yes,High
5271,9.6,8.4,5.6,4,2,6.0,Healthy,Yes,Medium
5272,12.2,9.1,7.6,5,4,4.0,Unhealthy,Yes,Medium
5273,4.6,9.3,9.5,3,5,5.0,Healthy,No,Medium
5274,8.4,11.7,7.1,1,1,10.0,Healthy,No,High
5275,6.2,10.2,6.3,0,5,7.0,Unhealthy,No,High
5276,8.6,0.2,5.0,1,3,4.0,Healthy,No,Medium
5277,4.1,5.1,4.0,4,1,7.0,Healthy,Yes,High
5278,4.5,2.4,8.2,2,0,6.0,Unhealthy,No,Medium
5279,5.4,9.5,5.7,3,4,5.0,Unhealthy,No,Medium
5280,7.2,9.7,8.3,0,0,3.0,Healthy,Yes,Low
5281,,9.8,5.3,0,4,1.0,Unhealthy,Yes,Low
5282,8.3,6.1,4.7,4,4,8.0,Unhealthy,Yes,High
5283,9.1,11.0,6.8,0,4,7.0,Healthy,Yes,High
5284,8.2,11.1,5.8,4,0,,Healthy,Yes,Medium
5285,10.2,5.2,3.6,0,4,4.0,Healthy,No,Medium
5286,7.8,4.6,9.6,0,1,5.0,Unhealthy,Yes,Medium
5287,4.6,9.0,4.7,5,1,5.0,Healthy,No,Medium
5288,9.7,14.4,7.9,5,0,2.0,Unhealthy,Yes,Low
5289,5.8,14.1,7.7,4,2,6.0,Unhealthy,No,Medium
5290,8.8,10.7,3.5,3,2,5.0,Unhealthy,Yes,Medium
5291,10.1,6.8,4.0,0,0,1.0,Unhealthy,No,Low
5292,7.9,11.7,5.4,1,4,9.0,Healthy,No,High
5293,4.0,7.6,4.3,2,4,7.0,Healthy,Yes,High
5294,5.2,6.7,9.5,5,4,2.0,Unhealthy,Yes,Low
5295,9.6,2.6,5.6,4,0,6.0,Unhealthy,No,Medium
5296,6.7,9.3,7.8,0,4,1.0,Unhealthy,Yes,Low
5297,7.2,7.1,7.0,5,1,2.0,Unhealthy,Yes,Low
5298,8.5,9.3,6.5,3,4,7.0,Unhealthy,No,High
5299,8.4,2.1,6.1,5,0,3.0,Healthy,No,Low
5300,7.6,9.5,8.5,1,4,7.0,Healthy,Yes,High
5301,6.6,1.7,4.3,4,1,6.0,Unhealthy,No,Medium
5302,6.4,12.3,9.5,1,5,5.0,Healthy,No,Medium
5303,8.7,10.6,3.4,5,0,10.0,Unhealthy,Yes,High
5304,8.1,8.2,7.6,2,2,9.0,Healthy,Yes,High
5305,6.5,10.7,3.2,3,0,10.0,Healthy,Yes,High
5306,9.2,6.1,5.4,4,3,5.0,Unhealthy,Yes,Medium
5307,6.7,9.2,6.2,4,2,5.0,Healthy,Yes,Medium
5308,5.3,11.4,5.0,0,2,8.0,Healthy,Yes,High
5309,5.5,-0.3,5.6,1,0,7.0,Unhealthy,Yes,High
5310,5.0,7.7,3.2,4,3,1.0,Healthy,Yes,Low
5311,6.5,8.9,4.0,1,2,10.0,Unhealthy,Yes,High
5312,9.5,8.4,7.0,2,5,2.0,Unhealthy,No,Low
5313,40.0,13.4,6.1,0,4,4.0,Unhealthy,No,Medium
5314,7.4,5.6,4.6,2,3,9.0,Healthy,No,High
5315,5.7,7.1,8.6,0,3,7.0,Unhealthy,Yes,High
5316,6.5,3.3,3.6,0,5,2.0,Unhealthy,No,Low
5317,4.0,13.5,5.3,1,5,8.0,Unhealthy,No,High
5318,6.6,8.3,5.0,5,0,1.0,Unhealthy,Yes,Low
5319,6.6,7.7,7.2,0,0,8.0,Unhealthy,Yes,High
5320,8.1,8.8,6.1,2,0,5.0,Healthy,No,Medium
5321,7.4,10.9,5.8,5,3,1.0,Unhealthy,Yes,Low
5322,40.0,10.0,2.3,2,1,3.0,Unhealthy,Yes,Low
5323,9.2,16.9,7.7,5,0,7.0,Healthy,No,High
5324,7.4,10.4,5.6,2,1,7.0,Healthy,Yes,High
5325,7.4,7.6,6.2,1,2,8.0,Unhealthy,No,High
5326,7.0,7.3,4.5,1,4,4.0,Unhealthy,No,Medium
5327,6.0,7.8,4.2,3,5,6.0,Healthy,Yes,Medium
5328,7.4,4.5,9.0,4,4,7.0,Unhealthy,Yes,High
5329,8.0,9.1,2.5,3,1,8.0,Healthy,No,High
5330,3.5,11.4,3.9,3,5,3.0,Healthy,No,Low
5331,5.9,7.2,9.0,0,3,5.0,Unhealthy,Yes,Medium
5332,6.5,6.6,7.3,0,4,8.0,Healthy,No,High
5333,7.5,13.5,5.3,3,1,6.0,Unhealthy,Yes,Medium
5334,9.4,4.7,8.5,4,0,1.0,Healthy,No,Low
5335,5.5,2.8,6.9,3,1,2.0,Unhealthy,Yes,Low
5336,6.0,5.5,6.5,1,2,3.0,Healthy,No,Low
5337,6.0,4.4,6.5,2,5,7.0,healthy,Yes,High
5338,5.4,10.2,6.9,3,1,10.0,Healthy,Yes,High
5339,6.3,7.9,7.0,0,0,3.0,Healthy,Yes,Low
5340,8.5,8.3,10.4,4,1,9.0,Healthy,No,High
5341,4.9,12.5,5.6,0,0,9.0,Healthy,Yes,High
5342,7.9,6.9,5.7,1,5,8.0,Healthy,No,High
5343,3.6,11.3,3.5,5,0,,Healthy,No,High
5344,5.9,13.5,5.9,0,2,8.0,Healthy,Yes,High
5345,6.3,7.6,9.7,5,2,9.0,Healthy,Yes,High
5346,,11.2,8.0,0,4,4.0,Healthy,No,Medium
5347,6.5,8.3,4.9,4,0,4.0,Healthy,No,Medium
5348,2.6,11.8,6.1,5,0,5.0,Unhealthy,No,Medium
5349,3.0,4.3,3.4,4,0,7.0,Unhealthy,No,High
5350,7.1,4.1,4.1,0,4,9.0,Healthy,Yes,High
5351,8.2,7.8,6.3,0,3,,Healthy,No,Medium
5352,7.8,6.3,5.0,3,2,7.0,Unhealthy,Yes,High
5353,7.3,7.4,3.9,1,2,6.0,Healthy,Yes,Medium
5354,9.3,8.3,7.0,5,0,9.0,Healthy,No,High
5355,5.9,11.2,5.8,3,4,9.0,Healthy,No,High
5356,8.8,7.8,2.9,4,0,9.0,Unhealthy,No,High
5357,3.7,6.5,1.8,3,2,5.0,Healthy,No,Medium
5358,5.2,7.9,4.9,3,5,3.0,Unhealthy,No,Low
5359,3.4,6.7,2.8,5,4,6.0,Healthy,No,Medium
5360,6.5,6.2,2.3,0,1,2.0,Unhealthy,Yes,Low
5361,6.9,4.2,8.3,0,2,7.0,Unhealthy,Yes,High
5362,7.2,9.2,5.8,5,1,7.0,Healthy,No,High
5363,7.1,7.3,5.5,1,3,2.0,Unhealthy,No,Low
5364,5.1,11.9,5.6,2,1,6.0,Unhealthy,No,Medium
5365,6.6,4.7,,2,4,4.0,Healthy,No,Medium
5366,4.0,7.4,6.8,5,1,7.0,Unhealthy,No,High
5367,9.7,14.4,5.7,5,3,8.0,Healthy,Yes,High
5368,6.4,6.2,4.5,3,2,10.0,Healthy,Yes,High
5369,6.0,8.3,4.8,1,3,1.0,Unhealthy,Yes,Low
5370,10.2,5.4,3.5,1,4,5.0,Unhealthy,No,Medium
5371,4.5,5.0,5.2,4,5,9.0,Unhealthy,No,High
5372,4.7,13.6,5.5,0,5,2.0,Unhealthy,No,Low
5373,4.8,9.5,5.1,5,1,4.0,Healthy,Yes,Medium
5374,6.9,9.4,6.1,5,1,8.0,Healthy,No,High
5375,7.9,3.9,5.8,5,4,5.0,Healthy,No,Medium
5376,8.5,10.1,6.5,5,0,8.0,Unhealthy,Yes,High
5377,12.1,12.5,,4,4,10.0,Unhealthy,No,High
5378,2.5,12.4,7.2,2,4,10.0,Unhealthy,Yes,High
5379,8.2,11.0,7.9,1,3,1.0,Unhealthy,Yes,Low
5380,5.9,5.6,4.3,2,3,7.0,Healthy,No,High
5381,5.8,9.9,5.0,0,4,6.0,Unhealthy,No,Medium
5382,5.8,11.0,7.3,0,2,2.0,Healthy,No,Low
5383,5.2,3.6,7.3,5,1,7.0,Healthy,Yes,High
5384,10.4,5.6,4.6,0,4,3.0,Unhealthy,Yes,Low
5385,8.7,11.7,7.2,2,0,4.0,Unhealthy,Yes,Medium
5386,7.0,11.6,4.1,1,1,6.0,Healthy,No,Medium
5387,9.7,4.4,7.0,4,2,3.0,Unhealthy,Yes,Low
5388,4.0,11.4,5.9,1,4,1.0,Unhealthy,No,Low
5389,4.3,9.3,3.2,1,5,10.0,Unhealthy,Yes,High
5390,2.6,11.3,5.1,3,2,1.0,Unhealthy,Yes,Low
5391,5.6,7.1,10.4,1,5,6.0,Healthy,Yes,Medium
5392,7.3,10.9,6.4,4,1,4.0,Unhealthy,No,Medium
5393,7.2,11.5,10.6,3,0,7.0,Healthy,No,High
5394,7.3,7.9,,1,1,9.0,Healthy,Yes,High
5395,4.2,9.1,7.5,3,5,8.0,Unhealthy,No,High
5396,8.6,7.1,0.9,1,5,3.0,Unhealthy,No,Low
5397,7.5,14.0,6.0,0,1,7.0,Unhealthy,No,High
5398,8.5,8.6,7.3,0,5,1.0,Unhealthy,Yes,Low
5399,3.2,6.2,7.7,1,4,2.0,Unhealthy,Yes,Low
5400,7.6,6.9,4.4,3,1,,Healthy,No,High
5401,4.6,9.4,8.1,4,4,10.0,Unhealthy,Yes,High
5402,6.2,11.3,4.9,0,4,8.0,Healthy,No,High
5403,8.1,5.0,5.7,3,5,7.0,Unhealthy,Yes,High
5404,7.2,14.5,5.1,4,5,10.0,Healthy,No,High
5405,5.3,9.9,3.7,3,2,2.0,Healthy,No,Low
5406,7.0,10.4,9.1,1,5,2.0,Healthy,Yes,Low
5407,3.9,8.7,6.1,0,0,7.0,Healthy,No,High
5408,9.3,9.1,8.2,0,4,7.0,Healthy,No,High
5409,6.6,8.6,8.1,0,3,6.0,Unhealthy,No,Medium
5410,9.2,12.1,4.1,1,5,10.0,Unhealthy,No,High
5411,5.9,9.0,8.4,4,5,5.0,Unhealthy,No,Medium
5412,6.0,11.3,7.0,4,2,6.0,Unhealthy,No,Medium
5413,5.5,7.7,3.9,5,4,9.0,Healthy,Yes,High
5414,8.8,9.6,6.9,5,4,4.0,Healthy,Yes,Medium
5415,5.6,6.6,4.0,0,2,10.0,Unhealthy,Yes,High
5416,8.3,12.6,9.2,5,1,1.0,Unhealthy,No,Low
5417,6.2,6.5,7.6,4,4,9.0,Unhealthy,Yes,High
5418,3.0,8.0,5.9,5,0,8.0,Unhealthy,No,High
5419,5.9,8.1,8.5,5,4,2.0,Healthy,No,Low
5420,4.6,7.9,2.8,0,2,4.0,Unhealthy,No,Medium
5421,7.1,11.2,4.5,4,3,3.0,Healthy,Yes,Low
5422,4.6,8.1,5.5,0,2,3.0,Unhealthy,No,Low
5423,8.9,13.2,10.5,4,2,6.0,Unhealthy,Yes,Medium
5424,6.8,6.5,3.9,3,0,7.0,Healthy,No,High
5425,6.6,9.5,2.6,0,1,8.0,Healthy,Yes,High
5426,8.3,6.7,3.1,5,0,7.0,healthy,No,High
5427,8.9,10.3,7.8,5,0,9.0,Healthy,No,High
5428,7.0,9.0,4.8,0,4,2.0,Unhealthy,Yes,Low
5429,5.5,8.5,5.7,5,3,10.0,Healthy,No,High
5430,3.5,12.6,7.5,2,2,4.0,Healthy,Yes,Medium
5431,5.6,7.0,5.7,0,0,2.0,Healthy,Yes,Low
5432,5.8,10.8,6.4,4,0,3.0,Healthy,No,Low
5433,7.2,6.7,7.1,3,5,10.0,Healthy,Yes,High
5434,6.3,9.3,5.1,3,1,1.0,Healthy,Yes,Low
5435,8.4,5.4,5.7,4,1,8.0,Healthy,No,High
5436,5.8,7.0,6.5,1,5,5.0,Healthy,No,Medium
5437,6.9,8.8,7.7,5,3,5.0,Unhealthy,no,Medium
5438,9.4,14.4,4.4,0,2,8.0,Unhealthy,No,High
5439,7.7,9.3,-0.0,3,0,9.0,Unhealthy,No,High
5440,6.9,14.0,7.4,4,4,9.0,Unhealthy,no,High
5441,5.8,9.7,7.9,3,5,10.0,Healthy,No,High
5442,5.7,7.8,6.4,3,1,9.0,Healthy,Yes,High
5443,5.3,13.6,6.5,4,0,2.0,Unhealthy,No,Low
5444,5.9,10.3,4.9,2,4,7.0,Healthy,No,High
5445,8.5,7.1,7.0,3,0,7.0,Unhealthy,Yes,High
5446,6.6,10.4,7.7,3,3,4.0,Unhealthy,Yes,Medium
5447,4.3,8.1,,1,5,5.0,Unhealthy,Yes,Medium
5448,10.5,3.0,11.0,2,3,6.0,Unhealthy,Yes,Medium
5449,7.6,11.8,2.9,1,4,7.0,Healthy,Yes,High
5450,4.2,12.3,6.3,4,1,2.0,Healthy,Yes,Low
5451,6.1,14.5,3.7,5,5,10.0,Unhealthy,Yes,High
5452,7.2,10.3,7.8,0,3,2.0,Healthy,Yes,Low
5453,10.4,8.3,2.8,4,1,2.0,Healthy,No,Low
5454,4.8,11.5,3.3,2,4,5.0,Healthy,No,Medium
5455,9.0,24.0,4.7,5,5,6.0,Unhealthy,No,Medium
5456,9.8,13.9,6.5,4,4,6.0,Unhealthy,No,Medium
5457,5.7,8.9,4.8,2,0,3.0,Healthy,Yes,Low
5458,6.4,8.5,4.8,5,4,4.0,Healthy,Yes,Medium
5459,4.9,6.9,5.6,1,0,7.0,Healthy,Yes,High
5460,6.6,10.6,5.5,3,1,7.0,Unhealthy,No,High
5461,6.9,4.4,9.0,4,5,6.0,Unhealthy,Yes,Medium
5462,8.3,11.3,7.4,4,0,1.0,Unhealthy,Yes,Low
5463,9.2,24.0,5.4,5,5,10.0,Healthy,No,High
5464,5.5,10.8,10.2,3,1,6.0,Healthy,No,Medium
5465,3.1,9.4,7.0,4,3,1.0,Unhealthy,Yes,Low
5466,7.0,13.6,4.1,4,1,5.0,Unhealthy,No,Medium
5467,7.6,11.6,6.5,5,2,6.0,Unhealthy,No,Medium
5468,7.5,7.2,7.1,0,0,7.0,Unhealthy,No,High
5469,6.3,7.2,4.6,5,3,8.0,Unhealthy,Yes,High
5470,7.2,6.4,3.9,5,1,9.0,Healthy,Yes,High
5471,10.0,10.7,6.2,5,4,6.0,Unhealthy,No,Medium
5472,7.8,6.0,5.3,0,0,7.0,Healthy,Yes,High
5473,6.3,12.3,9.0,3,1,4.0,Unhealthy,No,Medium
5474,6.0,13.0,7.5,1,3,10.0,Healthy,Yes,High
5475,6.7,6.4,4.7,4,5,7.0,Unhealthy,No,High
5476,10.3,8.4,6.9,5,4,10.0,Unhealthy,No,High
5477,6.6,9.0,8.5,4,5,1.0,Healthy,Yes,Low
5478,7.0,11.7,3.2,1,0,3.0,Unhealthy,No,Low
5479,6.0,13.8,4.0,4,3,1.0,Unhealthy,Yes,Low
5480,9.2,3.9,6.0,1,4,8.0,Unhealthy,Yes,High
5481,10.9,8.0,6.1,3,5,3.0,Unhealthy,No,Low
5482,7.9,8.2,5.9,3,2,7.0,Unhealthy,Yes,High
5483,7.2,4.8,5.4,1,4,2.0,Unhealthy,No,Low
5484,7.1,7.5,5.3,1,5,5.0,Healthy,Yes,Medium
5485,2.2,10.3,6.8,2,0,3.0,Unhealthy,Yes,Low
5486,8.5,8.2,8.3,0,2,10.0,Unhealthy,No,High
5487,7.3,4.4,5.0,0,1,3.0,Healthy,No,Low
5488,7.9,17.6,10.9,5,2,5.0,Healthy,Yes,Medium
5489,5.6,9.8,9.9,4,2,8.0,Healthy,No,High
5490,6.2,9.3,8.7,4,2,2.0,Healthy,Yes,Low
5491,6.2,5.7,7.2,1,4,4.0,Unhealthy,Yes,Medium
5492,9.0,9.8,10.0,5,2,4.0,Healthy,No,Medium
5493,6.2,8.5,5.4,1,2,5.0,Healthy,No,Medium
5494,11.2,3.3,4.3,0,1,6.0,Unhealthy,Yes,Medium
5495,7.9,5.8,4.9,5,2,9.0,Healthy,Yes,High
5496,4.4,11.4,4.0,5,5,5.0,Unhealthy,Yes,Medium
5497,6.7,14.8,6.2,4,4,10.0,Unhealthy,No,High
5498,5.7,10.1,6.6,0,3,8.0,Unhealthy,Yes,High
5499,2.6,12.3,6.4,3,3,5.0,Healthy,Yes,Medium
5500,10.2,8.5,6.0,0,4,3.0,Unhealthy,Yes,Low
5501,8.4,8.7,6.3,0,4,6.0,Healthy,No,Medium
5502,8.1,12.3,9.5,1,2,4.0,Healthy,No,Medium
5503,7.3,14.0,7.2,4,4,5.0,Healthy,No,Medium
5504,4.2,12.9,7.8,3,2,8.0,Unhealthy,Yes,High
5505,6.0,5.8,6.4,0,0,4.0,Healthy,Yes,Medium
5506,8.7,8.8,2.8,0,1,7.0,Healthy,No,High
5507,4.9,9.8,2.4,1,1,3.0,Healthy,Yes,Low
5508,1.9,8.2,10.2,5,1,4.0,Healthy,Yes,Medium
5509,6.5,10.2,4.9,2,0,8.0,Unhealthy,Yes,High
5510,6.7,11.5,4.8,4,1,8.0,Healthy,No,High
5511,7.3,12.0,6.5,4,2,9.0,Unhealthy,No,High
5512,8.5,14.1,7.1,4,5,4.0,Healthy,Yes,Medium
5513,8.3,8.0,7.4,0,3,10.0,Unhealthy,No,High
5514,7.5,4.9,9.5,0,1,4.0,Unhealthy,No,Medium
5515,9.4,10.1,9.0,0,1,5.0,Unhealthy,No,Medium
5516,4.0,14.7,4.4,5,2,5.0,Healthy,No,Medium
5517,8.0,7.6,7.9,2,5,3.0,Unhealthy,Yes,Low
5518,8.3,11.1,5.2,0,2,1.0,Healthy,Yes,Low
5519,4.5,11.1,5.7,4,1,10.0,Unhealthy,Yes,High
5520,4.0,9.6,3.8,5,4,1.0,Unhealthy,Yes,Low
5521,5.5,9.0,2.6,4,0,8.0,Healthy,No,High
5522,5.7,6.2,5.9,1,3,4.0,Unhealthy,Yes,Medium
5523,8.5,2.2,4.1,2,3,10.0,Unhealthy,No,High
5524,5.8,5.7,7.9,3,0,2.0,Healthy,Yes,Low
5525,5.3,7.8,5.4,0,1,6.0,Unhealthy,No,Medium
5526,5.8,12.3,6.6,3,1,9.0,Unhealthy,Yes,High
5527,9.2,8.7,8.7,0,1,,Healthy,No,Medium
5528,7.0,7.4,3.0,2,1,3.0,Healthy,Yes,Low
5529,6.6,6.3,4.6,2,1,4.0,Unhealthy,Yes,Medium
5530,6.8,11.0,6.4,4,5,2.0,Healthy,No,Low
5531,9.6,13.1,6.6,2,3,7.0,Healthy,No,High
5532,5.5,12.2,8.2,5,1,4.0,Healthy,Yes,Medium
5533,9.6,10.8,7.7,5,2,4.0,Unhealthy,Yes,Medium
5534,7.4,4.6,6.2,3,4,8.0,Healthy,No,High
5535,6.7,7.9,6.6,3,1,10.0,Healthy,Yes,High
5536,12.0,14.8,6.7,2,5,5.0,Healthy,No,Medium
5537,4.9,12.4,3.1,3,2,3.0,Healthy,No,Low
5538,6.3,4.4,5.7,5,3,6.0,Unhealthy,No,Medium
5539,4.5,8.8,6.5,0,2,8.0,Unhealthy,Yes,High
5540,8.9,10.1,6.9,1,0,10.0,Healthy,Yes,High
5541,10.4,6.7,4.2,5,0,1.0,Unhealthy,No,Low
5542,10.3,2.1,3.5,4,2,9.0,Healthy,Yes,High
5543,9.4,9.3,5.5,1,1,4.0,Unhealthy,No,Medium
5544,6.6,6.6,9.9,3,1,5.0,Unhealthy,No,Medium
5545,6.3,6.6,4.4,4,5,10.0,Healthy,No,High
5546,3.7,7.9,8.3,1,1,3.0,Healthy,No,Low
5547,11.1,8.6,,1,5,9.0,Healthy,Yes,High
5548,7.9,9.0,6.1,3,2,6.0,Healthy,No,Medium
5549,6.0,6.3,4.6,4,0,1.0,Healthy,Yes,Low
5550,9.7,8.3,7.0,5,0,9.0,Unhealthy,No,High
5551,5.1,3.7,6.4,5,3,5.0,Healthy,No,Medium
5552,7.8,9.9,4.3,4,5,3.0,Healthy,Yes,Low
5553,6.7,0.4,4.7,1,0,4.0,Unhealthy,No,Medium
5554,8.3,8.1,6.9,4,0,5.0,Healthy,Yes,Medium
5555,6.9,11.8,7.9,5,4,1.0,Unhealthy,Yes,Low
5556,4.1,5.8,5.4,4,0,10.0,Unhealthy,No,High
5557,7.2,11.1,5.9,0,2,3.0,Healthy,Yes,Low
5558,9.1,12.5,7.3,3,5,7.0,Healthy,No,High
5559,6.9,-0.9,5.7,5,1,9.0,Healthy,No,High
5560,8.6,8.5,5.4,3,2,6.0,Unhealthy,No,Medium
5561,4.9,0.4,4.5,0,5,,Healthy,Yes,Medium
5562,6.9,8.6,4.5,1,1,4.0,Unhealthy,No,Medium
5563,5.8,9.0,11.3,2,1,9.0,Healthy,Yes,High
5564,8.5,1.6,5.6,5,3,1.0,Healthy,No,Low
5565,7.1,14.8,8.7,1,5,6.0,Unhealthy,No,Medium
5566,8.4,9.9,9.4,0,0,4.0,Unhealthy,Yes,Medium
5567,9.2,6.5,5.6,4,3,3.0,Unhealthy,No,Low
5568,8.4,13.4,6.7,0,1,1.0,Healthy,Yes,Low
5569,7.5,3.6,6.2,3,4,5.0,Unhealthy,Yes,Medium
5570,5.0,5.3,2.8,4,4,4.0,Healthy,No,Medium
5571,7.0,2.1,2.9,1,5,10.0,Healthy,Yes,High
5572,5.9,14.4,6.1,4,3,4.0,Unhealthy,Yes,Medium
5573,6.3,10.0,5.2,3,3,8.0,Healthy,Yes,High
5574,6.3,11.0,9.8,0,0,2.0,Healthy,No,Low
5575,5.0,9.9,5.5,1,3,10.0,Healthy,No,High
5576,3.1,10.7,9.9,2,3,10.0,Unhealthy,No,High
5577,5.7,9.2,5.0,2,2,4.0,Healthy,No,Medium
5578,7.4,9.8,9.8,0,3,1.0,Unhealthy,Yes,Low
5579,4.3,9.3,7.0,1,5,2.0,Unhealthy,Yes,Low
5580,7.0,7.2,7.1,1,3,10.0,Healthy,No,High
5581,10.8,8.9,5.0,4,5,,Healthy,No,High
5582,9.0,9.8,7.2,5,5,3.0,Healthy,Yes,Low
5583,10.3,9.3,9.4,0,2,1.0,Healthy,Yes,Low
5584,7.8,4.6,5.7,4,1,2.0,Unhealthy,Yes,Low
5585,9.3,5.0,5.3,0,5,7.0,Unhealthy,Yes,High
5586,5.6,12.2,5.5,3,1,10.0,Unhealthy,No,High
5587,5.7,8.1,9.2,0,2,10.0,Unhealthy,Yes,High
5588,1.5,10.8,7.7,4,0,6.0,Unhealthy,Yes,Medium
5589,9.4,5.7,8.9,1,3,2.0,Unhealthy,No,Low
5590,10.1,4.6,6.6,0,5,1.0,Healthy,Yes,Low
5591,5.9,6.5,6.1,1,0,10.0,Unhealthy,No,High
5592,6.5,8.3,6.8,3,4,9.0,Healthy,No,High
5593,5.5,7.0,8.1,2,0,1.0,Unhealthy,No,Low
5594,7.8,12.9,5.5,2,3,10.0,Unhealthy,Yes,High
5595,9.2,9.5,8.7,4,1,5.0,Healthy,Yes,Medium
5596,3.5,14.5,6.7,0,3,,Unhealthy,No,High
5597,7.8,10.2,1.2,3,5,9.0,Unhealthy,No,High
5598,6.4,1.8,7.8,3,3,6.0,Healthy,Yes,Medium
5599,,12.2,3.5,1,3,3.0,Healthy,Yes,Low
5600,7.9,4.5,7.7,5,0,2.0,Unhealthy,Yes,Low
5601,6.6,9.7,7.8,4,1,3.0,Unhealthy,Yes,Low
5602,6.8,6.7,6.7,3,1,1.0,Healthy,No,Low
5603,6.6,15.4,7.1,0,5,3.0,Unhealthy,no,Low
5604,8.9,13.3,8.2,3,0,2.0,Unhealthy,Yes,Low
5605,7.8,24.0,5.0,2,0,8.0,Healthy,Yes,High
5606,7.4,8.6,7.6,4,0,10.0,Unhealthy,No,High
5607,4.5,9.7,8.3,1,4,7.0,Unhealthy,Yes,High
5608,6.2,11.6,9.5,0,4,1.0,Healthy,No,Low
5609,8.8,9.1,3.8,2,3,1.0,Healthy,No,Low
5610,7.1,5.9,6.8,3,5,5.0,Unhealthy,No,Medium
5611,8.3,6.8,4.1,4,4,4.0,Healthy,Yes,Medium
5612,10.5,9.0,4.0,4,0,8.0,Unhealthy,No,High
5613,9.1,12.7,6.7,0,0,,Unhealthy,No,High
5614,7.2,10.3,6.2,1,0,3.0,Healthy,No,Low
5615,6.0,6.7,8.3,2,1,5.0,Unhealthy,Yes,Medium
5616,1.9,10.9,5.3,5,5,7.0,Unhealthy,No,High
5617,6.7,7.8,5.7,1,1,8.0,Unhealthy,No,High
5618,6.3,11.7,6.4,0,4,3.0,Healthy,Yes,Low
5619,7.8,16.6,4.3,0,2,8.0,Unhealthy,No,High
5620,6.7,7.9,4.6,2,2,10.0,Unhealthy,No,High
5621,6.4,11.4,8.2,4,0,9.0,Unhealthy,No,High
5622,3.4,6.8,4.9,4,1,3.0,Unhealthy,Yes,Low
5623,5.1,8.7,8.4,2,5,2.0,Healthy,Yes,Low
5624,8.0,9.1,7.2,1,3,2.0,Unhealthy,No,Low
5625,10.4,8.4,2.9,2,4,5.0,Healthy,Yes,Medium
5626,6.8,16.4,7.1,5,1,10.0,Unhealthy,Yes,High
5627,7.7,8.1,7.0,4,0,1.0,Healthy,No,Low
5628,8.9,10.8,6.8,1,0,6.0,Healthy,No,Medium
5629,5.4,3.2,5.7,3,2,7.0,Unhealthy,No,High
5630,7.7,10.3,4.1,1,5,5.0,Unhealthy,No,Medium
5631,5.5,12.4,8.7,4,5,8.0,Unhealthy,No,High
5632,8.7,7.4,5.8,0,0,6.0,Healthy,No,Medium
5633,7.3,1.5,4.2,1,0,1.0,Unhealthy,No,Low
5634,7.6,8.9,6.9,1,3,9.0,Healthy,Yes,High
5635,5.4,9.1,4.5,0,4,5.0,Unhealthy,No,Medium
5636,8.4,11.2,4.1,4,3,5.0,Healthy,No,Medium
5637,11.2,15.0,5.2,3,2,1.0,Unhealthy,Yes,Low
5638,5.0,7.9,4.7,3,1,5.0,Unhealthy,No,Medium
5639,6.3,6.4,4.2,2,5,3.0,Unhealthy,No,Low
5640,7.5,5.5,7.6,3,2,10.0,Healthy,No,High
5641,8.6,9.6,5.8,3,5,3.0,Unhealthy,No,Low
5642,5.9,10.4,8.5,1,0,10.0,Healthy,No,High
5643,1.3,7.4,4.3,2,4,8.0,Unhealthy,No,High
5644,9.7,11.3,,3,0,9.0,Healthy,Yes,High
5645,8.5,10.4,6.3,1,4,6.0,Healthy,Yes,Medium
5646,3.5,9.1,9.7,2,4,3.0,Unhealthy,Yes,Low
5647,5.8,6.3,20.0,1,4,8.0,Healthy,Yes,High
5648,10.1,7.6,12.4,0,1,3.0,Healthy,No,Low
5649,9.9,1.7,6.7,4,2,7.0,Unhealthy,Yes,High
5650,8.9,9.7,6.5,4,5,2.0,Healthy,No,Low
5651,6.6,9.1,1.7,4,5,6.0,Unhealthy,No,Medium
5652,7.2,9.6,6.9,3,1,8.0,Unhealthy,Yes,High
5653,6.7,10.5,6.3,4,1,3.0,Unhealthy,Yes,Low
5654,9.3,10.2,5.2,4,1,9.0,Healthy,No,High
5655,5.2,8.7,5.7,2,3,9.0,Healthy,No,High
5656,5.4,9.1,5.9,2,3,3.0,Healthy,Yes,Low
5657,9.0,4.8,5.6,5,3,3.0,Unhealthy,No,Low
5658,6.9,7.2,10.2,2,1,5.0,Healthy,No,Medium
5659,9.8,9.2,5.3,3,0,9.0,Unhealthy,No,High
5660,5.7,6.8,6.3,5,3,1.0,Healthy,No,Low
5661,6.9,11.6,5.2,5,3,1.0,Unhealthy,No,Low
5662,5.2,7.0,7.6,4,1,1.0,Healthy,No,Low
5663,7.0,9.6,6.4,3,2,4.0,Healthy,Yes,Medium
5664,4.0,9.3,5.4,3,0,7.0,Unhealthy,No,High
5665,6.0,11.2,2.1,3,4,2.0,Healthy,No,Low
5666,4.1,11.7,6.5,3,4,3.0,Healthy,Yes,Low
5667,8.4,11.1,5.4,3,5,4.0,Unhealthy,No,Medium
5668,,2.7,5.9,3,0,1.0,Unhealthy,No,Low
5669,3.5,12.6,3.6,5,1,2.0,Healthy,Yes,Low
5670,9.7,13.6,8.9,4,2,2.0,Healthy,Yes,Low
5671,12.0,7.6,7.7,2,2,6.0,Unhealthy,Yes,Medium
5672,7.1,9.7,8.9,5,4,4.0,Healthy,No,Medium
5673,5.7,6.3,8.3,1,2,7.0,Healthy,No,High
5674,12.6,3.2,7.2,1,4,8.0,Healthy,Yes,High
5675,4.4,6.8,,1,5,2.0,Unhealthy,No,Low
5676,7.0,7.4,9.7,0,3,2.0,Healthy,No,Low
5677,7.4,7.9,4.1,2,5,5.0,Healthy,Yes,Medium
5678,9.7,6.1,5.5,4,1,4.0,Unhealthy,Yes,Medium
5679,7.7,6.8,7.4,3,2,10.0,Unhealthy,Yes,High
5680,6.0,9.0,7.5,1,1,2.0,Unhealthy,Yes,Low
5681,5.1,6.7,7.1,2,3,9.0,Healthy,Yes,High
5682,6.3,10.6,5.2,4,0,9.0,Healthy,Yes,High
5683,5.0,11.0,4.8,1,0,10.0,Unhealthy,Yes,High
5684,7.1,16.1,11.1,2,0,4.0,Unhealthy,No,Medium
5685,5.9,12.4,5.9,5,4,2.0,Unhealthy,No,Low
5686,4.0,9.7,5.7,4,4,3.0,Healthy,No,Low
5687,9.5,7.1,4.6,5,0,8.0,Unhealthy,No,High
5688,6.0,9.9,6.5,2,3,8.0,Unhealthy,Yes,High
5689,4.5,10.0,6.4,3,5,7.0,Healthy,Yes,High
5690,6.7,7.5,6.0,2,4,,Healthy,No,Medium
5691,7.1,11.4,6.8,2,5,1.0,Unhealthy,Yes,Low
5692,3.5,4.8,9.5,0,5,10.0,Unhealthy,Yes,High
5693,,8.3,4.8,3,0,9.0,Unhealthy,Yes,High
5694,4.9,10.7,6.1,5,1,7.0,Unhealthy,No,High
5695,10.4,8.1,4.7,2,0,1.0,Unhealthy,No,Low
5696,8.0,8.4,6.6,3,0,5.0,Unhealthy,No,Medium
5697,6.2,8.6,4.9,2,1,3.0,Unhealthy,No,Low
5698,5.5,6.5,4.9,3,5,2.0,Healthy,Yes,Low
5699,6.8,12.5,3.1,4,4,3.0,Healthy,Yes,Low
5700,8.2,5.9,6.2,1,5,6.0,Unhealthy,No,Medium
5701,6.9,10.0,6.9,0,1,7.0,Unhealthy,No,High
5702,6.6,10.2,9.7,1,4,10.0,Healthy,Yes,High
5703,7.1,6.2,6.9,2,3,9.0,Unhealthy,No,High
5704,5.8,9.2,5.1,2,4,10.0,healthy,No,High
5705,6.3,6.3,3.3,4,2,7.0,Healthy,No,High
5706,2.8,13.2,3.6,2,4,1.0,Unhealthy,No,Low
5707,8.9,5.6,3.4,5,2,7.0,Unhealthy,Yes,High
5708,7.6,7.0,9.8,3,4,1.0,Unhealthy,No,Low
5709,5.5,5.3,6.6,5,1,8.0,Healthy,No,High
5710,10.8,4.9,4.8,1,4,2.0,Unhealthy,Yes,Low
5711,7.2,13.8,4.1,2,0,2.0,Unhealthy,Yes,Low
5712,4.9,10.6,4.3,4,4,1.0,Unhealthy,Yes,Low
5713,8.7,9.4,4.8,0,1,9.0,Healthy,Yes,High
5714,7.8,7.0,8.6,5,1,8.0,Healthy,Yes,High
5715,7.8,11.7,5.9,1,4,9.0,Healthy,Yes,High
5716,6.1,6.5,3.1,4,4,8.0,Healthy,Yes,High
5717,7.9,11.4,10.6,4,4,4.0,Unhealthy,Yes,Medium
5718,6.5,6.4,3.7,1,5,9.0,Unhealthy,Yes,High
5719,8.1,7.1,4.8,4,5,8.0,Healthy,Yes,High
5720,3.2,11.3,8.6,0,3,1.0,Unhealthy,No,Low
5721,6.1,11.6,6.8,0,2,10.0,Unhealthy,Yes,High
5722,10.4,10.8,5.1,2,4,5.0,Healthy,Yes,Medium
5723,5.5,5.9,3.5,3,4,9.0,Healthy,Yes,High
5724,5.8,7.7,4.1,2,2,8.0,Healthy,No,High
5725,6.1,9.5,4.2,3,0,1.0,Healthy,Yes,Low
5726,4.6,6.5,6.0,1,3,6.0,Healthy,Yes,Medium
5727,2.6,13.1,6.4,4,3,6.0,Healthy,No,Medium
5728,6.5,1.8,5.7,2,0,2.0,Healthy,Yes,Low
5729,7.3,6.7,5.9,4,2,2.0,Healthy,Yes,Low
5730,6.9,7.5,3.9,2,2,1.0,Unhealthy,No,Low
5731,6.7,0.5,6.6,2,1,6.0,Healthy,Yes,Medium
5732,7.1,4.8,8.6,0,2,9.0,Unhealthy,Yes,High
5733,9.0,10.9,5.7,3,5,8.0,Healthy,Yes,High
5734,6.6,9.1,5.6,1,3,5.0,Healthy,Yes,Medium
5735,5.9,13.7,6.2,4,5,8.0,Healthy,Yes,High
5736,6.4,13.6,8.2,2,1,2.0,Healthy,Yes,Low
5737,8.2,10.3,4.2,4,4,6.0,Healthy,Yes,Medium
5738,9.8,9.9,8.9,0,4,2.0,Healthy,No,Low
5739,5.7,9.2,6.8,1,4,8.0,Unhealthy,No,High
5740,7.2,1.0,6.1,3,1,2.0,Healthy,Yes,Low
5741,7.7,4.8,8.4,3,3,5.0,Healthy,Yes,Medium
5742,5.0,9.3,3.6,2,2,7.0,Unhealthy,Yes,High
5743,7.0,10.8,7.0,1,1,7.0,Unhealthy,Yes,High
5744,4.1,9.9,6.9,3,3,4.0,Healthy,No,Medium
5745,3.5,6.3,4.1,1,2,8.0,Unhealthy,Yes,High
5746,7.7,11.8,6.9,4,0,7.0,Unhealthy,No,High
5747,6.2,13.4,6.6,0,3,10.0,Healthy,No,High
5748,7.4,11.8,5.6,1,5,5.0,Unhealthy,No,Medium
5749,7.0,12.0,7.7,1,5,4.0,Unhealthy,Yes,Medium
5750,5.0,7.3,,3,0,2.0,Healthy,Yes,Low
5751,6.9,12.2,6.5,5,4,2.0,Healthy,Yes,Low
5752,4.5,9.4,5.7,2,4,4.0,Unhealthy,No,Medium
5753,9.8,10.5,4.8,2,3,8.0,Unhealthy,Yes,High
5754,4.3,10.1,7.0,5,5,6.0,Unhealthy,Yes,Medium
5755,6.6,8.6,5.6,5,0,9.0,Unhealthy,Yes,High
5756,4.9,6.4,3.1,5,1,2.0,Unhealthy,Yes,Low
5757,8.1,8.8,2.4,4,2,7.0,Healthy,Yes,High
5758,,12.0,7.6,3,4,1.0,healthy,Yes,Low
5759,6.0,7.7,3.6,3,4,2.0,Unhealthy,No,Low
5760,8.7,11.7,6.6,0,4,9.0,Unhealthy,No,High
5761,7.1,11.2,,2,4,8.0,Healthy,Yes,High
5762,8.0,8.1,5.3,3,5,,Healthy,No,High
5763,5.0,13.2,9.9,5,3,7.0,Unhealthy,No,High
5764,4.2,7.9,6.4,4,5,10.0,Healthy,Yes,High
5765,7.2,13.5,7.5,0,3,9.0,Healthy,Yes,High
5766,6.4,10.3,6.6,2,0,4.0,Unhealthy,No,Medium
5767,8.3,9.0,5.5,2,1,3.0,Healthy,No,Low
5768,6.8,6.3,6.0,2,0,4.0,Unhealthy,No,Medium
5769,7.4,8.7,8.9,0,5,5.0,Unhealthy,No,Medium
5770,3.8,8.4,8.2,4,5,10.0,Unhealthy,No,High
5771,10.8,5.2,9.9,4,1,4.0,Healthy,No,Medium
5772,6.7,8.3,6.4,3,3,4.0,Unhealthy,No,Medium
5773,8.4,6.6,4.2,3,4,7.0,Unhealthy,No,High
5774,5.3,10.8,5.1,2,0,4.0,Unhealthy,No,Medium
5775,7.6,12.9,3.6,5,1,4.0,Healthy,Yes,Medium
5776,4.4,5.3,7.5,1,2,9.0,Unhealthy,No,High
5777,7.9,14.1,4.8,3,1,9.0,Unhealthy,No,High
5778,6.3,8.6,-0.1,4,0,5.0,Healthy,Yes,Medium
5779,7.1,6.1,10.9,2,3,9.0,Unhealthy,No,High
5780,8.4,11.3,4.9,4,4,2.0,Healthy,Yes,Low
5781,4.5,7.7,4.8,2,2,5.0,Unhealthy,No,Medium
5782,5.6,8.8,9.3,0,0,7.0,Healthy,No,High
5783,7.9,7.8,3.6,3,3,8.0,Healthy,Yes,High
5784,11.2,6.5,8.3,5,1,5.0,Unhealthy,Yes,Medium
5785,6.7,11.2,4.8,0,3,9.0,Healthy,No,High
5786,8.2,8.1,3.4,3,3,3.0,Unhealthy,Yes,Low
5787,6.8,4.7,9.4,5,4,8.0,Unhealthy,No,High
5788,10.9,10.7,7.8,5,0,9.0,Healthy,No,High
5789,3.5,5.4,7.8,5,5,7.0,Unhealthy,Yes,High
5790,7.2,5.5,6.7,4,3,5.0,Unhealthy,Yes,Medium
5791,3.7,12.6,7.2,4,1,9.0,Unhealthy,Yes,High
5792,2.0,5.4,3.5,1,1,8.0,Unhealthy,No,High
5793,7.6,2.1,,4,4,8.0,Unhealthy,No,High
5794,7.3,10.9,4.1,2,3,6.0,Healthy,Yes,Medium
5795,6.4,8.1,3.2,1,1,2.0,Unhealthy,Yes,Low
5796,6.8,8.3,6.8,2,5,4.0,Healthy,No,Medium
5797,13.2,8.1,8.3,1,1,1.0,Unhealthy,Yes,Low
5798,6.5,9.7,5.2,2,4,10.0,Unhealthy,No,High
5799,8.0,6.7,5.6,1,3,5.0,Healthy,No,Medium
5800,5.7,13.4,3.7,3,4,10.0,Unhealthy,Yes,High
5801,,4.6,6.0,5,3,1.0,Unhealthy,No,Low
5802,6.5,10.3,7.5,3,1,,Healthy,Yes,Medium
5803,6.2,10.9,7.6,1,5,10.0,Healthy,No,High
5804,10.6,6.7,7.1,0,0,8.0,Healthy,Yes,High
5805,9.4,5.9,4.8,1,1,10.0,Unhealthy,No,High
5806,7.3,12.1,4.7,0,0,1.0,Healthy,Yes,Low
5807,2.4,6.0,7.6,5,3,6.0,Unhealthy,Yes,Medium
5808,6.3,7.2,7.6,2,3,4.0,Healthy,No,Medium
5809,12.4,11.7,5.7,1,2,9.0,Unhealthy,Yes,High
5810,6.5,9.1,5.1,0,3,8.0,Healthy,Yes,High
5811,9.2,3.6,8.3,5,3,4.0,Healthy,No,Medium
5812,9.9,14.2,5.3,1,2,2.0,Healthy,Yes,Low
5813,7.4,7.4,7.5,3,0,6.0,Healthy,Yes,Medium
5814,5.3,7.8,5.7,3,3,3.0,Healthy,No,Low
5815,2.1,9.8,3.9,1,4,1.0,Healthy,Yes,Low
5816,8.4,10.9,9.2,1,3,7.0,Unhealthy,No,High
5817,5.4,14.9,6.2,4,3,4.0,Unhealthy,Yes,Medium
5818,7.4,4.0,4.6,5,1,9.0,Healthy,No,High
5819,4.5,11.5,3.2,3,3,10.0,Unhealthy,Yes,High
5820,6.5,11.2,3.4,2,3,10.0,Healthy,Yes,High
5821,7.1,8.6,5.3,1,4,3.0,Healthy,No,Low
5822,7.5,11.4,9.9,4,2,10.0,Healthy,Yes,High
5823,4.8,11.8,4.8,5,2,10.0,Healthy,Yes,High
5824,9.4,4.9,8.9,1,2,10.0,Unhealthy,No,High
5825,5.8,14.2,5.7,3,1,1.0,Healthy,No,Low
5826,3.7,4.3,3.6,0,3,2.0,Healthy,No,Low
5827,6.8,5.6,5.1,5,0,4.0,Healthy,Yes,Medium
5828,7.1,8.2,3.4,0,0,7.0,Unhealthy,Yes,High
5829,7.3,14.8,4.3,3,4,8.0,Healthy,No,High
5830,9.7,8.1,4.2,2,1,4.0,Unhealthy,Yes,Medium
5831,6.5,8.9,2.2,5,5,3.0,Unhealthy,No,Low
5832,6.8,13.3,9.0,4,1,10.0,Healthy,No,High
5833,4.8,8.1,6.4,1,3,9.0,Unhealthy,No,High
5834,8.6,5.5,4.6,1,5,8.0,Healthy,Yes,High
5835,7.4,7.7,6.4,1,0,6.0,Healthy,Yes,Medium
5836,6.2,13.1,4.3,4,1,9.0,Healthy,Yes,High
5837,3.2,9.2,0.7,4,4,8.0,Healthy,No,High
5838,9.9,14.8,11.9,3,0,7.0,Unhealthy,Yes,High
5839,4.5,11.2,6.4,4,1,6.0,Unhealthy,Yes,Medium
5840,5.8,7.1,4.8,1,3,10.0,Unhealthy,No,High
5841,7.7,9.2,2.1,5,3,3.0,Healthy,Yes,Low
5842,4.6,6.4,3.0,1,5,6.0,Healthy,No,Medium
5843,4.0,7.0,9.3,4,3,4.0,Unhealthy,No,Medium
5844,2.8,22.4,9.0,4,3,5.0,Healthy,No,Medium
5845,8.4,12.1,7.5,3,0,7.0,Unhealthy,Yes,High
5846,5.9,11.6,3.8,0,0,7.0,Healthy,Yes,High
5847,12.9,7.1,9.0,4,1,9.0,Unhealthy,No,High
5848,5.0,13.7,6.9,0,4,9.0,Healthy,No,High
5849,5.2,12.3,7.3,2,2,6.0,Unhealthy,No,Medium
5850,5.9,14.6,6.9,0,2,6.0,Healthy,Yes,Medium
5851,7.5,14.5,3.0,4,3,2.0,Unhealthy,Yes,Low
5852,6.1,4.6,3.6,1,1,8.0,Healthy,Yes,High
5853,8.2,5.7,5.0,1,2,3.0,Healthy,Yes,Low
5854,5.0,6.0,7.3,4,2,1.0,Healthy,No,Low
5855,4.2,6.2,3.2,3,2,4.0,healthy,No,Medium
5856,,10.0,5.6,5,2,5.0,Healthy,No,Medium
5857,2.6,7.3,5.6,4,5,3.0,Healthy,No,Low
5858,6.0,15.2,7.6,4,2,7.0,Unhealthy,Yes,High
5859,6.4,14.7,7.3,5,5,5.0,Unhealthy,No,Medium
5860,5.7,9.0,4.0,3,5,10.0,Healthy,Yes,High
5861,9.5,14.9,8.9,3,1,5.0,Unhealthy,Yes,Medium
5862,9.5,13.5,3.7,2,2,6.0,Unhealthy,No,Medium
5863,6.3,7.6,8.2,2,2,,Healthy,Yes,Medium
5864,3.4,3.0,4.9,2,5,9.0,Healthy,No,High
5865,5.9,8.3,6.3,3,1,3.0,Healthy,Yes,Low
5866,5.8,7.1,6.5,0,0,8.0,Healthy,No,High
5867,5.7,9.6,6.4,4,0,7.0,Unhealthy,No,High
5868,5.6,9.3,7.3,2,0,9.0,Healthy,Yes,High
5869,5.7,9.2,6.8,0,2,5.0,Unhealthy,No,Medium
5870,6.2,10.6,7.6,4,1,7.0,Unhealthy,Yes,High
5871,5.7,5.4,6.9,5,0,8.0,Unhealthy,No,High
5872,7.4,10.2,3.5,5,3,9.0,Healthy,Yes,High
5873,7.7,7.7,6.5,5,3,8.0,Unhealthy,No,High
5874,5.2,9.6,4.9,0,1,2.0,Healthy,Yes,Low
5875,9.5,11.9,3.8,5,2,6.0,Healthy,Yes,Medium
5876,5.0,5.3,5.4,1,5,4.0,healthy,No,Medium
5877,3.8,8.2,6.4,1,0,4.0,Healthy,Yes,Medium
5878,7.8,8.6,6.5,5,2,9.0,Unhealthy,No,High
5879,5.4,7.5,8.1,4,5,7.0,Healthy,No,High
5880,7.6,11.7,8.6,0,0,6.0,Healthy,Yes,Medium
5881,2.2,6.8,6.7,0,4,2.0,Unhealthy,No,Low
5882,9.8,7.3,7.0,5,4,1.0,Unhealthy,Yes,Low
5883,8.3,6.9,,3,2,10.0,Healthy,No,High
5884,4.0,12.3,7.5,2,3,4.0,Unhealthy,Yes,Medium
5885,4.0,7.5,7.0,4,2,9.0,Unhealthy,Yes,High
5886,10.3,10.4,5.9,0,0,4.0,Healthy,No,Medium
5887,5.5,14.9,10.3,2,2,2.0,Healthy,Yes,Low
5888,5.3,8.8,4.9,5,2,8.0,Unhealthy,Yes,High
5889,,12.3,8.9,4,0,6.0,Healthy,No,Medium
5890,6.3,14.0,3.3,0,3,1.0,Healthy,Yes,Low
5891,6.5,12.1,7.6,5,4,4.0,Healthy,No,Medium
5892,8.4,8.9,8.9,1,5,10.0,Healthy,Yes,High
5893,4.2,10.9,2.2,0,0,5.0,Unhealthy,No,Medium
5894,4.0,5.1,6.3,1,2,1.0,Unhealthy,Yes,Low
5895,7.9,6.7,7.4,5,1,2.0,Unhealthy,No,Low
5896,9.0,7.2,6.5,1,2,9.0,Unhealthy,No,High
5897,3.9,15.7,6.8,3,5,1.0,Healthy,No,Low
5898,9.2,6.6,6.3,5,2,8.0,Healthy,Yes,High
5899,7.1,6.5,3.8,5,1,9.0,Healthy,Yes,High
5900,9.2,5.9,10.7,3,5,2.0,Healthy,Yes,Low
5901,6.9,10.7,,2,2,2.0,Unhealthy,No,Low
5902,2.0,9.4,6.9,4,1,7.0,Healthy,Yes,High
5903,6.7,12.3,4.7,2,2,10.0,Unhealthy,No,High
5904,9.1,11.0,1.4,3,3,9.0,Unhealthy,Yes,High
5905,,4.9,4.2,2,5,10.0,Healthy,Yes,High
5906,6.2,6.6,3.1,4,4,9.0,Healthy,Yes,High
5907,6.6,13.1,8.2,4,3,3.0,Healthy,No,Low
5908,1.2,8.4,4.8,0,0,7.0,Healthy,Yes,High
5909,10.3,12.6,5.0,2,0,6.0,Healthy,Yes,Medium
5910,5.2,8.6,3.9,3,2,8.0,Healthy,Yes,High
5911,8.0,6.1,6.2,0,0,8.0,Unhealthy,Yes,High
5912,6.8,8.1,4.6,2,0,8.0,Healthy,Yes,High
5913,9.5,6.1,8.0,5,2,8.0,Unhealthy,No,High
5914,7.8,7.3,6.6,4,2,10.0,Unhealthy,Yes,High
5915,6.5,9.6,4.9,3,4,6.0,Unhealthy,No,Medium
5916,5.2,10.5,7.7,5,1,9.0,Unhealthy,No,High
5917,8.6,4.2,6.0,2,2,5.0,Unhealthy,No,Medium
5918,3.3,8.9,6.0,4,4,4.0,Healthy,No,Medium
5919,8.3,7.2,3.1,4,3,7.0,Healthy,Yes,High
5920,4.8,7.1,5.9,5,0,3.0,Healthy,Yes,Low
5921,9.5,9.4,6.6,2,1,8.0,Unhealthy,No,High
5922,7.3,7.3,8.7,2,5,8.0,Unhealthy,No,High
5923,8.3,13.1,4.5,3,3,,Unhealthy,Yes,Medium
5924,7.2,12.6,10.6,0,2,10.0,Healthy,No,High
5925,3.5,12.5,7.1,4,3,8.0,Healthy,No,High
5926,5.3,7.5,3.0,0,5,3.0,Healthy,no,Low
5927,8.3,6.1,4.3,0,4,3.0,Healthy,Yes,Low
5928,7.3,9.2,8.8,4,2,4.0,Healthy,Yes,Medium
5929,9.4,8.5,8.5,2,2,9.0,Healthy,No,High
5930,7.8,7.2,6.0,4,1,5.0,Healthy,Yes,Medium
5931,5.1,5.5,,5,4,6.0,Healthy,Yes,Medium
5932,5.4,8.9,3.7,0,0,4.0,Healthy,Yes,Medium
5933,7.2,7.8,8.6,3,3,9.0,Healthy,Yes,High
5934,2.4,11.1,4.0,4,5,4.0,Unhealthy,Yes,Medium
5935,10.3,11.0,7.7,3,1,3.0,Unhealthy,Yes,Low
5936,7.9,12.3,8.7,2,5,2.0,Unhealthy,No,Low
5937,9.5,5.2,6.1,2,1,3.0,Healthy,No,Low
5938,3.8,10.2,7.9,5,2,1.0,Healthy,Yes,Low
5939,9.5,6.8,9.7,3,3,8.0,Healthy,Yes,High
5940,11.5,5.3,6.5,3,1,1.0,Healthy,Yes,Low
5941,4.4,7.7,5.6,4,2,6.0,Unhealthy,Yes,Medium
5942,8.5,12.2,5.9,2,2,2.0,Healthy,No,Low
5943,7.0,7.9,4.5,3,4,3.0,Healthy,No,Low
5944,3.9,13.7,4.5,1,2,9.0,Unhealthy,Yes,High
5945,8.0,10.6,6.9,4,0,9.0,Unhealthy,Yes,High
5946,8.7,7.8,5.7,4,4,6.0,Healthy,No,Medium
5947,5.8,12.5,6.7,1,4,7.0,Healthy,No,High
5948,9.3,10.3,3.0,2,0,5.0,Unhealthy,Yes,Medium
5949,3.7,6.2,5.8,3,0,7.0,Unhealthy,No,High
5950,4.0,14.6,8.1,3,5,6.0,Unhealthy,Yes,Medium
5951,7.3,9.8,3.8,2,1,5.0,Unhealthy,Yes,Medium
5952,7.1,9.1,6.0,1,5,3.0,Healthy,Yes,Low
5953,5.6,6.4,2.3,1,1,2.0,Healthy,Yes,Low
5954,8.6,12.5,3.4,1,5,5.0,Healthy,Yes,Medium
5955,8.1,10.6,7.6,4,0,8.0,Unhealthy,No,High
5956,8.7,10.9,5.4,3,1,5.0,Healthy,No,Medium
5957,6.8,7.5,9.6,0,0,3.0,Healthy,No,Low
5958,8.2,11.5,6.9,4,0,10.0,Unhealthy,No,High
5959,6.1,11.7,7.1,4,5,3.0,Healthy,No,Low
5960,11.1,7.0,3.8,3,2,5.0,Unhealthy,No,Medium
5961,5.4,4.7,5.2,2,1,9.0,Unhealthy,Yes,High
5962,11.2,10.7,4.5,5,4,8.0,Healthy,No,High
5963,7.1,4.3,3.9,3,4,7.0,Healthy,Yes,High
5964,4.2,9.5,7.3,2,1,5.0,Healthy,Yes,Medium
5965,9.7,7.7,7.7,3,1,9.0,Unhealthy,No,High
5966,7.3,12.7,6.8,4,1,2.0,Unhealthy,No,Low
5967,8.7,7.8,4.3,5,1,6.0,Unhealthy,Yes,Medium
5968,9.4,12.3,6.7,1,2,7.0,Healthy,No,High
5969,7.7,7.5,2.2,4,0,7.0,Unhealthy,Yes,High
5970,5.8,12.0,8.6,4,1,4.0,Unhealthy,Yes,Medium
5971,9.0,15.2,3.4,0,5,2.0,Unhealthy,Yes,Low
5972,7.0,5.8,3.8,4,1,1.0,Healthy,Yes,Low
5973,8.4,9.9,6.2,4,0,1.0,Unhealthy,No,Low
5974,2.7,17.2,6.4,4,0,3.0,Unhealthy,Yes,Low
5975,7.9,9.2,5.9,5,0,7.0,Unhealthy,Yes,High
5976,5.7,9.2,3.8,0,5,5.0,Healthy,Yes,Medium
5977,10.3,11.4,8.3,2,3,7.0,Healthy,Yes,High
5978,8.2,9.1,2.6,5,4,9.0,Healthy,No,High
5979,7.5,3.9,3.0,5,5,8.0,Unhealthy,Yes,High
5980,8.0,12.4,5.8,0,1,1.0,Healthy,Yes,Low
5981,5.0,3.0,3.5,1,2,4.0,Healthy,Yes,Medium
5982,10.2,7.7,8.4,2,2,5.0,Healthy,Yes,Medium
5983,11.0,12.6,3.6,5,0,7.0,Unhealthy,Yes,High
5984,7.8,7.9,9.1,5,2,8.0,Healthy,Yes,High
5985,10.2,6.9,8.1,0,4,8.0,Healthy,No,High
5986,5.9,11.6,8.5,1,1,4.0,Unhealthy,No,Medium
5987,5.4,6.4,9.8,1,2,7.0,Unhealthy,No,High
5988,7.1,5.3,6.2,3,4,2.0,Healthy,Yes,Low
5989,7.9,9.8,4.0,3,4,9.0,Unhealthy,No,High
5990,6.2,8.5,5.8,5,3,6.0,Unhealthy,No,Medium
5991,8.1,5.3,4.9,5,3,4.0,Unhealthy,No,Medium
5992,7.6,10.9,4.6,4,2,6.0,Unhealthy,No,Medium
5993,5.0,10.4,,2,4,7.0,Healthy,No,High
5994,8.0,7.9,5.4,0,0,10.0,Unhealthy,No,High
5995,8.7,8.1,4.5,4,3,8.0,Healthy,Yes,High
5996,7.3,10.4,5.5,2,4,4.0,Healthy,Yes,Medium
5997,9.3,12.6,7.1,5,3,9.0,Unhealthy,No,High
5998,4.6,8.2,7.9,3,1,6.0,Healthy,Yes,Medium
5999,7.9,11.0,2.8,0,4,1.0,Unhealthy,No,Low
6000,4.7,10.7,5.4,1,4,3.0,Healthy,No,Low
6001,4.8,11.6,5.7,1,5,1.0,Unhealthy,Yes,Low
6002,5.7,9.1,3.6,4,1,6.0,Unhealthy,No,Medium
6003,5.1,6.3,5.8,4,5,6.0,Healthy,No,Medium
6004,5.9,7.6,6.3,0,3,7.0,Unhealthy,Yes,High
6005,6.6,10.0,7.0,1,1,1.0,Unhealthy,Yes,Low
6006,8.7,14.5,6.2,4,2,1.0,Healthy,Yes,Low
6007,6.4,7.5,4.2,1,0,5.0,Unhealthy,Yes,Medium
6008,3.8,11.4,10.0,3,3,5.0,Unhealthy,No,Medium
6009,9.3,8.0,7.7,4,4,1.0,Unhealthy,No,Low
6010,5.3,9.3,7.1,5,2,7.0,Healthy,Yes,High
6011,6.9,13.5,8.0,2,3,7.0,Healthy,Yes,High
6012,7.9,11.3,6.5,4,0,6.0,Unhealthy,No,Medium
6013,7.4,5.3,8.6,3,4,7.0,Unhealthy,No,High
6014,9.2,7.3,6.1,0,1,6.0,Unhealthy,No,Medium
6015,8.0,12.8,6.0,1,0,10.0,Healthy,No,High
6016,5.3,9.4,7.3,5,5,2.0,Healthy,Yes,Low
6017,11.4,5.6,9.2,0,3,5.0,Unhealthy,No,Medium
6018,7.4,6.5,9.0,4,4,7.0,Healthy,Yes,High
6019,6.7,11.1,7.2,2,3,2.0,Healthy,No,Low
6020,8.9,12.0,7.0,0,0,5.0,Healthy,Yes,Medium
6021,7.5,9.1,7.4,2,4,3.0,Unhealthy,No,Low
6022,7.8,16.4,8.0,4,0,9.0,Healthy,Yes,High
6023,12.0,11.5,8.6,2,3,10.0,Healthy,Yes,High
6024,6.4,8.3,20.0,2,5,1.0,Unhealthy,Yes,Low
6025,6.4,6.6,8.6,3,4,7.0,Unhealthy,Yes,High
6026,7.2,6.1,6.7,0,4,10.0,Unhealthy,Yes,High
6027,9.1,10.0,7.3,4,4,4.0,Unhealthy,No,Medium
6028,4.0,7.5,8.8,3,3,5.0,Unhealthy,No,Medium
6029,3.1,14.0,7.5,2,2,1.0,Healthy,No,Low
6030,5.8,13.4,7.8,3,5,5.0,Healthy,No,Medium
6031,3.7,10.9,5.2,3,3,8.0,Healthy,No,High
6032,6.2,5.5,9.0,2,1,6.0,Unhealthy,No,Medium
6033,8.0,7.0,7.4,4,2,2.0,Healthy,No,Low
6034,5.2,12.8,6.3,1,3,2.0,Unhealthy,Yes,Low
6035,4.1,7.3,8.2,3,1,9.0,Unhealthy,Yes,High
6036,7.1,12.4,11.2,0,0,1.0,Healthy,No,Low
6037,8.7,10.4,3.7,2,1,2.0,Unhealthy,Yes,Low
6038,3.6,9.2,4.4,1,5,8.0,Healthy,Yes,High
6039,8.6,6.9,11.4,3,4,6.0,Healthy,Yes,Medium
6040,8.6,8.7,6.9,2,5,3.0,Healthy,no,Low
6041,8.9,9.6,6.4,2,2,3.0,Healthy,No,Low
6042,9.4,12.1,5.8,3,3,9.0,Healthy,No,High
6043,11.4,6.3,8.4,5,5,2.0,Healthy,No,Low
6044,6.3,8.2,11.2,5,3,10.0,Healthy,No,High
6045,7.2,9.1,4.7,0,4,5.0,Healthy,Yes,Medium
6046,6.2,11.0,5.8,2,2,7.0,Healthy,No,High
6047,7.0,6.3,5.3,2,2,6.0,Healthy,Yes,Medium
6048,10.1,5.1,7.5,3,5,1.0,Unhealthy,No,Low
6049,4.3,11.0,8.4,1,4,10.0,Unhealthy,Yes,High
6050,5.3,4.4,9.2,2,2,3.0,Healthy,Yes,Low
6051,9.8,12.9,7.5,2,4,5.0,Unhealthy,Yes,Medium
6052,9.0,8.5,,3,1,3.0,Healthy,Yes,Low
6053,6.3,4.4,4.9,5,5,3.0,Healthy,No,Low
6054,8.7,7.6,4.3,2,4,5.0,Healthy,No,Medium
6055,7.7,10.1,8.9,3,3,8.0,Unhealthy,Yes,High
6056,10.0,7.4,6.2,0,0,10.0,Unhealthy,No,High
6057,7.1,9.1,3.2,3,1,8.0,Unhealthy,No,High
6058,9.1,11.2,5.4,5,5,8.0,Healthy,No,High
6059,12.3,8.4,6.5,1,5,6.0,Healthy,Yes,Medium
6060,8.2,6.2,4.7,2,5,9.0,Unhealthy,Yes,High
6061,7.1,8.1,4.0,0,3,5.0,Unhealthy,Yes,Medium
6062,8.4,13.2,5.6,2,1,10.0,Healthy,Yes,High
6063,6.3,14.1,3.9,2,3,7.0,Healthy,Yes,High
6064,11.8,2.9,7.3,5,2,1.0,Healthy,Yes,Low
6065,7.4,12.3,,3,4,4.0,Unhealthy,Yes,Medium
6066,6.5,9.8,6.2,2,3,1.0,Unhealthy,Yes,Low
6067,5.3,11.8,7.0,5,3,10.0,Unhealthy,Yes,High
6068,9.2,7.3,5.8,0,2,2.0,Unhealthy,No,Low
6069,8.7,3.7,8.2,5,0,6.0,Unhealthy,Yes,Medium
6070,6.0,10.8,3.3,5,0,1.0,Healthy,No,Low
6071,8.2,6.2,4.6,5,4,9.0,Healthy,Yes,High
6072,4.0,4.8,5.3,4,2,6.0,Healthy,Yes,Medium
6073,7.4,5.0,7.4,5,1,8.0,Unhealthy,No,High
6074,7.9,10.8,6.4,2,3,10.0,Unhealthy,Yes,High
6075,10.4,9.4,10.3,5,4,10.0,Unhealthy,Yes,High
6076,5.5,11.3,4.4,3,0,8.0,Unhealthy,Yes,High
6077,4.4,11.0,3.2,1,1,2.0,Unhealthy,Yes,Low
6078,5.2,7.7,9.6,2,5,2.0,Healthy,Yes,Low
6079,4.3,8.8,3.1,5,2,3.0,Unhealthy,No,Low
6080,9.7,7.5,7.4,5,5,8.0,Unhealthy,No,High
6081,10.1,8.4,4.0,3,3,8.0,Healthy,No,High
6082,40.0,6.1,1.9,2,5,5.0,Unhealthy,No,Medium
6083,9.4,10.2,5.3,4,5,2.0,Unhealthy,No,Low
6084,7.3,12.2,7.8,4,3,4.0,Healthy,No,Medium
6085,6.8,6.6,3.6,0,0,4.0,Healthy,No,Medium
6086,6.3,12.8,7.2,4,5,7.0,Unhealthy,No,High
6087,6.4,9.3,7.5,3,0,4.0,Healthy,No,Medium
6088,3.9,9.7,3.5,4,4,10.0,Healthy,Yes,High
6089,7.5,3.9,5.5,3,5,6.0,Healthy,Yes,Medium
6090,,3.6,9.2,2,5,2.0,Healthy,No,Low
6091,8.5,9.4,7.3,0,3,2.0,Unhealthy,No,Low
6092,7.2,11.4,5.5,5,3,5.0,Healthy,No,Medium
6093,6.7,7.0,6.8,5,5,1.0,Healthy,No,Low
6094,,14.0,4.6,5,5,2.0,Healthy,Yes,Low
6095,7.1,11.2,8.2,0,3,3.0,Healthy,Yes,Low
6096,8.5,6.3,8.2,5,3,9.0,Healthy,No,High
6097,,9.1,20.0,4,1,9.0,Unhealthy,Yes,High
6098,7.2,16.4,6.5,5,2,7.0,Unhealthy,Yes,High
6099,7.5,5.3,4.0,5,1,5.0,Healthy,Yes,Medium
6100,5.6,10.6,3.3,1,5,2.0,Healthy,Yes,Low
6101,5.8,8.0,5.2,4,2,2.0,Healthy,No,Low
6102,7.5,11.1,5.8,5,1,8.0,Unhealthy,Yes,High
6103,4.7,12.8,8.1,1,4,3.0,Healthy,No,Low
6104,7.7,7.8,7.8,4,2,7.0,Healthy,Yes,High
6105,5.2,12.4,6.4,3,3,6.0,Healthy,Yes,Medium
6106,9.1,15.7,8.4,3,2,6.0,Unhealthy,Yes,Medium
6107,11.7,9.2,4.1,5,3,3.0,Healthy,No,Low
6108,5.3,11.4,8.2,5,4,6.0,Healthy,Yes,Medium
6109,8.1,7.2,4.4,1,5,4.0,Unhealthy,No,Medium
6110,5.5,9.1,8.5,0,2,1.0,Unhealthy,Yes,Low
6111,9.1,8.5,6.0,1,0,8.0,Healthy,No,High
6112,4.5,11.4,2.0,2,3,9.0,Unhealthy,No,High
6113,8.0,12.6,7.5,0,2,3.0,Healthy,No,Low
6114,5.3,8.7,7.6,1,1,1.0,Healthy,No,Low
6115,6.6,13.6,5.1,2,2,1.0,Healthy,Yes,Low
6116,4.9,13.6,5.3,2,3,1.0,Healthy,No,Low
6117,8.6,11.5,5.7,5,0,9.0,Healthy,Yes,High
6118,5.3,7.5,2.1,4,0,10.0,Healthy,Yes,High
6119,8.1,7.2,1.3,5,1,5.0,Unhealthy,No,Medium
6120,6.3,6.6,8.6,1,4,3.0,Healthy,No,Low
6121,6.8,11.8,4.4,3,0,10.0,Unhealthy,No,High
6122,7.3,5.4,9.7,5,5,,Unhealthy,No,High
6123,5.5,11.0,8.7,4,4,10.0,Healthy,Yes,High
6124,7.4,5.8,9.1,5,3,9.0,Healthy,Yes,High
6125,10.1,11.5,4.7,5,2,6.0,Healthy,No,Medium
6126,5.4,9.1,2.8,0,4,5.0,Healthy,No,Medium
6127,,13.0,3.8,3,5,1.0,Unhealthy,No,Low
6128,10.0,12.4,5.1,2,3,6.0,Healthy,Yes,Medium
6129,5.4,13.3,1.3,0,3,5.0,Healthy,Yes,Medium
6130,4.1,13.4,5.0,4,3,9.0,Unhealthy,No,High
6131,7.6,9.4,5.6,5,5,7.0,Healthy,Yes,High
6132,5.9,5.5,3.4,2,1,3.0,Healthy,Yes,Low
6133,10.7,5.8,3.9,5,5,5.0,Healthy,No,Medium
6134,7.1,2.7,5.6,2,1,6.0,Unhealthy,Yes,Medium
6135,5.4,5.7,6.7,2,4,2.0,Healthy,Yes,Low
6136,4.7,9.2,4.2,3,3,7.0,Unhealthy,No,High
6137,9.2,7.3,6.6,4,4,9.0,Healthy,Yes,High
6138,5.9,8.5,6.3,4,0,10.0,Healthy,No,High
6139,7.1,10.5,6.1,5,4,9.0,Unhealthy,No,High
6140,8.9,8.1,4.7,3,2,5.0,Healthy,No,Medium
6141,6.0,5.6,3.3,4,3,8.0,Healthy,No,High
6142,6.9,8.8,9.4,2,4,9.0,Healthy,Yes,High
6143,7.0,6.3,7.3,2,1,6.0,Unhealthy,No,Medium
6144,8.4,8.2,8.0,5,2,,Unhealthy,No,Medium
6145,8.2,13.0,5.8,2,4,4.0,Healthy,Yes,Medium
6146,6.6,8.2,5.7,4,4,3.0,Healthy,Yes,Low
6147,7.1,14.3,7.0,1,4,9.0,healthy,Yes,High
6148,6.3,13.3,2.3,0,5,10.0,Healthy,No,High
6149,4.0,7.3,3.8,1,5,6.0,Unhealthy,No,Medium
6150,7.5,5.7,4.4,3,5,8.0,Healthy,Yes,High
6151,10.8,8.8,5.1,1,1,2.0,Unhealthy,Yes,Low
6152,5.2,12.5,4.2,5,4,4.0,Healthy,Yes,Medium
6153,5.5,7.5,6.7,1,5,2.0,Unhealthy,No,Low
6154,5.3,11.7,6.2,5,0,3.0,Healthy,Yes,Low
6155,8.4,12.6,8.8,3,0,2.0,Healthy,No,Low
6156,7.9,6.7,10.9,1,0,9.0,Unhealthy,No,High
6157,6.7,7.0,3.5,0,4,9.0,Unhealthy,Yes,High
6158,5.2,11.1,6.3,4,2,6.0,Healthy,No,Medium
6159,7.2,9.5,6.3,3,1,7.0,Healthy,Yes,High
6160,3.9,6.9,6.0,1,0,5.0,Unhealthy,No,Medium
6161,7.3,7.9,3.8,2,0,10.0,Healthy,No,High
6162,8.7,8.8,4.2,2,5,1.0,Healthy,Yes,Low
6163,4.5,4.3,6.5,3,2,4.0,Healthy,Yes,Medium
6164,3.9,11.3,4.1,2,0,4.0,Unhealthy,Yes,Medium
6165,10.2,7.6,6.3,0,1,8.0,Unhealthy,Yes,High
6166,5.8,0.6,5.5,1,2,5.0,Unhealthy,No,Medium
6167,9.3,8.9,6.3,0,3,3.0,Unhealthy,No,Low
6168,6.7,6.8,4.1,0,1,1.0,Unhealthy,Yes,Low
6169,6.7,14.1,6.3,4,1,1.0,Healthy,Yes,Low
6170,7.9,7.2,4.2,1,4,5.0,Healthy,No,Medium
6171,5.2,5.7,6.3,3,3,8.0,Healthy,No,High
6172,7.3,10.5,8.7,2,3,9.0,Unhealthy,No,High
6173,6.2,7.0,6.5,4,2,10.0,healthy,No,High
6174,4.4,6.7,6.6,0,0,10.0,Unhealthy,Yes,High
6175,,10.5,7.6,2,3,2.0,Healthy,Yes,Low
6176,6.5,5.9,3.2,1,2,5.0,Healthy,Yes,Medium
6177,6.7,4.6,9.4,0,3,,Healthy,No,Medium
6178,4.6,14.2,3.9,0,5,3.0,Unhealthy,no,Low
6179,10.2,10.7,7.8,1,1,8.0,Unhealthy,Yes,High
6180,8.8,8.2,7.5,3,5,2.0,Healthy,Yes,Low
6181,8.9,9.0,4.2,4,3,2.0,Unhealthy,No,Low
6182,6.4,10.5,8.0,1,0,5.0,Unhealthy,Yes,Medium
6183,3.5,11.9,7.0,2,2,10.0,Healthy,No,High
6184,10.9,6.7,9.8,2,0,10.0,Unhealthy,No,High
6185,6.9,10.1,6.4,0,4,10.0,Unhealthy,Yes,High
6186,5.5,7.5,5.8,5,0,1.0,Healthy,No,Low
6187,7.8,8.4,5.0,4,0,7.0,Unhealthy,No,High
6188,9.3,9.5,2.5,3,2,9.0,Healthy,Yes,High
6189,7.0,9.0,5.4,3,5,2.0,Healthy,Yes,Low
6190,,11.2,5.4,5,1,10.0,Unhealthy,No,High
6191,9.2,10.5,6.5,2,5,1.0,Healthy,No,Low
6192,4.8,4.5,3.2,3,3,9.0,Healthy,Yes,High
6193,5.7,4.9,5.5,2,3,2.0,Healthy,Yes,Low
6194,8.9,7.9,7.2,4,2,9.0,Unhealthy,No,High
6195,1.6,14.5,7.4,5,2,8.0,Healthy,No,High
6196,6.7,6.4,2.3,0,5,7.0,Healthy,No,High
6197,4.1,8.4,7.4,2,1,1.0,Unhealthy,No,Low
6198,6.0,7.4,5.5,4,1,4.0,Healthy,Yes,Medium
6199,6.4,7.3,5.6,5,4,7.0,Healthy,No,High
6200,6.3,9.5,1.3,2,3,6.0,Unhealthy,No,Medium
6201,5.9,13.2,9.0,1,3,1.0,healthy,No,Low
6202,4.8,10.4,6.4,2,4,7.0,Unhealthy,No,High
6203,11.6,6.6,2.9,4,2,2.0,Healthy,Yes,Low
6204,10.7,17.3,6.8,3,3,8.0,Unhealthy,Yes,High
6205,4.7,9.2,6.7,2,0,2.0,Healthy,Yes,Low
6206,10.2,7.3,8.4,0,2,4.0,Unhealthy,Yes,Medium
6207,6.2,13.2,5.4,4,2,6.0,Unhealthy,No,Medium
6208,7.3,7.6,6.0,3,1,8.0,Unhealthy,Yes,High
6209,6.9,14.0,4.7,4,5,3.0,Healthy,Yes,Low
6210,5.7,6.4,7.2,2,4,6.0,Unhealthy,No,Medium
6211,9.0,13.3,4.4,1,5,6.0,Unhealthy,No,Medium
6212,7.3,9.6,4.2,1,5,1.0,Healthy,No,Low
6213,6.0,12.9,5.9,0,2,6.0,Healthy,No,Medium
6214,4.4,14.7,3.5,5,1,1.0,Unhealthy,No,Low
6215,5.2,5.6,9.2,5,0,9.0,Healthy,Yes,High
6216,3.7,12.8,9.9,0,0,4.0,Unhealthy,Yes,Medium
6217,7.0,4.8,5.1,3,3,5.0,Unhealthy,Yes,Medium
6218,4.6,5.9,3.2,1,4,,Unhealthy,No,Low
6219,6.5,6.6,6.7,2,4,1.0,Unhealthy,No,Low
6220,9.7,10.5,5.0,4,1,9.0,Unhealthy,Yes,High
6221,9.4,9.1,8.3,4,3,6.0,Healthy,Yes,Medium
6222,6.9,8.5,4.4,1,5,10.0,Unhealthy,No,High
6223,6.8,9.4,7.1,1,4,10.0,Healthy,No,High
6224,10.8,10.8,6.2,4,3,6.0,Unhealthy,Yes,Medium
6225,8.0,11.0,4.6,3,1,5.0,Unhealthy,No,Medium
6226,6.3,12.3,6.5,4,3,6.0,Unhealthy,Yes,Medium
6227,4.1,14.5,7.8,0,2,8.0,Unhealthy,Yes,High
6228,7.8,8.9,6.2,2,2,7.0,Healthy,Yes,High
6229,8.7,7.4,6.2,1,2,7.0,Unhealthy,Yes,High
6230,5.7,10.8,4.3,5,2,9.0,Healthy,Yes,High
6231,7.6,5.6,8.3,1,0,9.0,Healthy,No,High
6232,6.3,7.0,8.1,3,5,9.0,Healthy,Yes,High
6233,6.6,12.0,5.2,0,0,1.0,Unhealthy,Yes,Low
6234,2.0,8.6,5.8,4,4,6.0,Healthy,No,Medium
6235,6.6,5.4,8.8,0,0,5.0,Healthy,No,Medium
6236,8.9,4.5,3.7,0,5,8.0,Unhealthy,No,High
6237,5.7,9.1,7.2,3,3,10.0,Unhealthy,No,High
6238,7.1,12.4,4.9,3,3,8.0,Unhealthy,Yes,High
6239,5.5,12.4,9.6,5,0,8.0,Unhealthy,Yes,High
6240,7.7,9.3,6.1,4,3,5.0,Unhealthy,Yes,Medium
6241,6.6,15.0,8.5,5,5,10.0,Unhealthy,Yes,High
6242,5.1,8.7,4.5,4,4,10.0,Healthy,No,High
6243,9.7,8.6,3.5,2,1,1.0,Healthy,No,Low
6244,8.9,1.3,5.5,0,0,4.0,Healthy,No,Medium
6245,5.8,7.7,6.5,4,2,7.0,Unhealthy,Yes,High
6246,8.0,11.6,5.0,3,3,2.0,Healthy,No,Low
6247,8.1,13.7,7.5,2,3,7.0,Healthy,Yes,High
6248,8.3,6.5,5.6,5,1,5.0,Unhealthy,Yes,Medium
6249,3.6,10.4,1.8,2,4,6.0,Unhealthy,No,Medium
6250,9.0,12.1,7.1,3,3,6.0,Unhealthy,No,Medium
6251,5.9,9.0,4.2,4,2,5.0,Unhealthy,Yes,Medium
6252,6.3,2.2,5.3,3,1,10.0,Healthy,No,High
6253,12.3,9.7,9.1,4,3,7.0,Unhealthy,Yes,High
6254,7.6,11.3,9.5,3,5,4.0,Healthy,No,Medium
6255,6.2,6.2,4.8,3,5,1.0,Healthy,Yes,Low
6256,2.6,8.2,7.2,1,2,9.0,Healthy,Yes,High
6257,9.8,5.5,4.9,4,5,7.0,Unhealthy,No,High
6258,4.3,1.3,5.4,0,3,9.0,Healthy,Yes,High
6259,5.0,12.1,4.8,1,2,9.0,Healthy,No,High
6260,6.3,9.0,2.6,1,5,7.0,Healthy,No,High
6261,9.8,13.8,6.2,1,1,2.0,Unhealthy,No,Low
6262,8.5,11.6,6.6,1,4,2.0,Healthy,No,Low
6263,6.7,7.9,4.7,0,0,4.0,Healthy,No,Medium
6264,7.6,8.8,8.2,1,5,9.0,Unhealthy,No,High
6265,,10.7,5.1,5,0,7.0,Healthy,No,High
6266,7.3,11.9,4.7,0,4,9.0,Healthy,Yes,High
6267,7.1,10.0,7.1,5,3,4.0,Healthy,Yes,Medium
6268,8.9,12.3,2.9,0,1,9.0,Unhealthy,Yes,High
6269,8.9,8.1,7.8,5,2,7.0,Healthy,No,High
6270,8.0,6.0,5.2,1,1,8.0,Unhealthy,Yes,High
6271,6.3,8.8,8.0,2,4,1.0,Unhealthy,No,Low
6272,8.5,9.6,8.6,0,3,9.0,Unhealthy,No,High
6273,6.8,5.4,7.3,1,3,8.0,Unhealthy,No,High
6274,4.8,5.0,4.4,3,4,1.0,Healthy,Yes,Low
6275,6.2,10.3,3.5,3,1,8.0,Unhealthy,Yes,High
6276,7.2,7.8,3.1,4,0,5.0,Healthy,No,Medium
6277,40.0,8.5,8.2,0,1,3.0,Unhealthy,Yes,Low
6278,6.6,7.9,5.7,0,5,8.0,Unhealthy,Yes,High
6279,4.6,13.6,4.8,5,3,3.0,Healthy,Yes,Low
6280,7.1,12.8,5.7,3,3,8.0,Unhealthy,Yes,High
6281,7.2,5.3,8.2,0,5,5.0,Unhealthy,No,Medium
6282,7.4,7.4,7.6,0,5,8.0,Healthy,Yes,High
6283,8.8,11.6,6.9,3,4,,Healthy,No,Low
6284,9.0,10.8,7.3,1,1,10.0,Unhealthy,Yes,High
6285,5.8,8.9,6.4,5,0,6.0,Unhealthy,Yes,Medium
6286,5.8,5.6,6.6,3,1,6.0,Unhealthy,Yes,Medium
6287,4.9,7.0,6.4,2,5,4.0,Healthy,No,Medium
6288,8.4,7.4,6.0,3,3,5.0,Unhealthy,Yes,Medium
6289,9.9,9.8,7.5,5,1,,Healthy,No,High
6290,6.4,14.1,6.7,3,3,1.0,Unhealthy,Yes,Low
6291,6.5,6.9,4.2,5,3,8.0,Healthy,Yes,High
6292,9.9,5.9,7.1,1,2,3.0,Healthy,Yes,Low
6293,8.0,8.7,6.5,3,0,7.0,Unhealthy,No,High
6294,7.9,12.1,7.2,3,4,9.0,Unhealthy,No,High
6295,4.6,4.7,5.8,1,5,2.0,Healthy,Yes,Low
6296,8.4,13.4,7.6,3,0,10.0,Healthy,Yes,High
6297,5.1,8.5,5.9,1,1,10.0,Unhealthy,No,High
6298,4.7,6.8,7.4,2,5,7.0,Healthy,No,High
6299,6.3,4.2,,1,5,1.0,Unhealthy,No,Low
6300,5.8,11.1,5.2,0,2,5.0,Unhealthy,Yes,Medium
6301,6.6,8.5,7.2,0,3,7.0,Healthy,No,High
6302,4.1,9.5,5.3,5,0,5.0,Unhealthy,No,Medium
6303,8.9,6.3,10.4,1,3,5.0,Unhealthy,No,Medium
6304,9.3,8.0,7.1,3,3,6.0,Healthy,Yes,Medium
6305,3.1,7.5,6.0,4,2,10.0,Unhealthy,Yes,High
6306,9.0,8.7,7.6,4,5,10.0,Healthy,No,High
6307,5.4,7.0,5.0,2,5,6.0,Healthy,No,Medium
6308,8.7,4.4,7.8,2,0,10.0,Unhealthy,No,High
6309,6.9,17.2,7.8,4,2,,Unhealthy,No,Low
6310,7.1,4.9,8.5,4,3,10.0,Healthy,No,High
6311,6.6,9.5,5.1,1,0,10.0,Healthy,No,High
6312,9.4,3.7,3.6,4,5,9.0,Unhealthy,No,High
6313,4.5,3.0,4.8,0,3,3.0,Unhealthy,Yes,Low
6314,8.2,9.3,5.4,2,3,1.0,Healthy,Yes,Low
6315,9.2,9.5,9.3,5,0,1.0,Unhealthy,No,Low
6316,8.4,12.8,10.4,2,4,9.0,Unhealthy,Yes,High
6317,11.6,10.2,6.7,0,2,6.0,Unhealthy,Yes,Medium
6318,5.9,8.6,6.0,2,1,7.0,Unhealthy,No,High
6319,8.9,6.2,5.3,4,5,2.0,Unhealthy,Yes,Low
6320,6.8,13.5,7.6,2,3,1.0,Unhealthy,Yes,Low
6321,9.5,11.8,10.4,0,5,2.0,Unhealthy,No,Low
6322,7.0,5.3,9.6,2,2,3.0,Healthy,Yes,Low
6323,6.2,9.1,8.3,5,2,3.0,Healthy,No,Low
6324,9.6,9.4,8.2,5,0,8.0,Healthy,No,High
6325,6.0,8.0,7.7,5,0,4.0,Unhealthy,Yes,Medium
6326,4.2,11.3,5.9,5,0,1.0,Healthy,No,Low
6327,6.0,11.5,4.5,4,2,2.0,Unhealthy,Yes,Low
6328,8.2,8.4,6.0,5,0,9.0,Unhealthy,Yes,High
6329,9.8,8.2,6.8,5,1,2.0,Unhealthy,Yes,Low
6330,7.2,13.5,3.1,1,2,9.0,Healthy,Yes,High
6331,9.6,11.8,5.7,5,0,5.0,Healthy,No,Medium
6332,4.3,9.2,4.3,4,3,4.0,Healthy,No,Medium
6333,6.1,4.1,8.0,5,2,4.0,Unhealthy,Yes,Medium
6334,6.4,10.0,4.9,2,4,3.0,Healthy,No,Low
6335,6.8,11.1,6.7,5,4,2.0,Unhealthy,No,Low
6336,7.2,0.7,4.6,3,2,8.0,Unhealthy,No,High
6337,,9.8,9.2,2,2,6.0,Unhealthy,No,Medium
6338,6.1,7.7,2.6,5,4,9.0,Healthy,No,High
6339,7.3,8.3,7.0,5,3,2.0,Unhealthy,No,Low
6340,6.9,6.3,3.4,2,3,1.0,Unhealthy,Yes,Low
6341,5.1,8.6,5.0,0,3,8.0,Unhealthy,Yes,High
6342,6.8,13.2,6.4,3,1,8.0,Unhealthy,No,High
6343,6.7,7.7,6.5,0,5,,Healthy,Yes,Medium
6344,6.7,11.9,6.5,5,5,2.0,Healthy,No,Low
6345,7.1,6.6,6.3,0,1,10.0,Unhealthy,No,High
6346,7.2,11.3,4.7,4,3,5.0,Unhealthy,No,Medium
6347,6.1,9.0,5.7,1,4,8.0,Unhealthy,no,High
6348,9.5,10.1,6.1,2,1,4.0,Healthy,Yes,Medium
6349,4.7,9.0,6.4,3,0,2.0,Unhealthy,Yes,Low
6350,5.6,10.9,5.9,2,5,3.0,Unhealthy,Yes,Low
6351,12.6,1.3,7.5,0,1,3.0,Healthy,Yes,Low
6352,4.9,4.7,6.2,1,4,9.0,Unhealthy,No,High
6353,4.3,10.3,6.4,0,4,3.0,Unhealthy,Yes,Low
6354,8.5,2.9,5.2,2,2,1.0,Unhealthy,Yes,Low
6355,2.8,7.4,3.9,4,4,7.0,Healthy,Yes,High
6356,6.5,8.8,6.3,2,3,1.0,Healthy,No,Low
6357,11.3,6.5,8.4,0,4,6.0,Unhealthy,Yes,Medium
6358,3.9,6.9,6.9,3,1,10.0,Unhealthy,Yes,High
6359,3.0,9.8,4.4,3,1,4.0,Unhealthy,No,Medium
6360,4.0,12.0,7.6,3,1,7.0,Healthy,Yes,High
6361,,6.1,5.3,3,4,7.0,Healthy,Yes,High
6362,9.2,7.3,7.4,3,3,7.0,Healthy,No,High
6363,6.0,6.8,5.3,5,5,6.0,Unhealthy,No,Medium
6364,8.4,1.7,6.7,1,3,7.0,Unhealthy,Yes,High
6365,9.8,9.4,5.0,1,2,8.0,Unhealthy,No,High
6366,10.6,11.8,5.0,4,0,3.0,Unhealthy,Yes,Low
6367,6.5,12.0,2.9,3,3,5.0,Healthy,Yes,Medium
6368,2.4,6.4,7.0,0,5,10.0,Unhealthy,Yes,High
6369,5.4,5.2,6.7,0,5,9.0,Healthy,Yes,High
6370,6.1,9.1,6.9,2,1,8.0,Unhealthy,Yes,High
6371,6.5,11.5,6.6,3,2,6.0,Unhealthy,Yes,Medium
6372,,9.5,4.5,0,5,9.0,Healthy,Yes,High
6373,,9.9,7.9,5,3,10.0,Healthy,Yes,High
6374,9.5,12.4,8.0,4,3,5.0,Unhealthy,Yes,Medium
6375,6.7,6.8,4.4,0,0,2.0,Healthy,Yes,Low
6376,,8.3,7.1,5,0,9.0,Healthy,No,High
6377,,13.9,7.7,5,0,5.0,Healthy,No,Medium
6378,7.1,8.4,5.1,4,3,8.0,Unhealthy,No,High
6379,8.8,5.2,5.4,3,5,8.0,Healthy,Yes,High
6380,7.1,7.0,7.1,2,3,4.0,Unhealthy,No,Medium
6381,11.1,6.2,3.0,2,1,4.0,Unhealthy,Yes,Medium
6382,4.1,10.1,3.8,1,4,1.0,Healthy,No,Low
6383,,6.3,4.0,3,0,5.0,Healthy,Yes,Medium
6384,6.7,9.8,2.4,0,1,9.0,Healthy,No,High
6385,7.9,6.8,8.2,2,1,5.0,Unhealthy,No,Medium
6386,9.5,2.6,2.0,5,5,5.0,Unhealthy,Yes,Medium
6387,7.0,9.9,6.7,4,2,6.0,Unhealthy,No,Medium
6388,4.2,9.4,7.6,5,1,6.0,Healthy,No,Medium
6389,8.7,10.6,5.4,4,0,8.0,Unhealthy,Yes,High
6390,8.5,7.0,4.7,0,4,1.0,Healthy,Yes,Low
6391,3.1,6.7,6.5,0,1,5.0,Healthy,Yes,Medium
6392,7.0,10.2,6.0,3,3,9.0,Unhealthy,No,High
6393,3.8,13.6,8.0,0,3,3.0,Healthy,No,Low
6394,5.7,9.0,0.7,0,1,7.0,Unhealthy,No,High
6395,5.2,10.3,4.2,0,0,7.0,Healthy,Yes,High
6396,8.6,8.0,7.1,2,5,10.0,Unhealthy,Yes,High
6397,7.2,4.4,6.1,3,5,3.0,Healthy,Yes,Low
6398,4.4,11.9,7.5,0,4,7.0,Unhealthy,No,High
6399,8.8,11.7,6.5,0,4,3.0,Healthy,No,Low
6400,4.1,11.1,5.7,5,0,6.0,Healthy,No,Medium
6401,7.7,8.5,5.4,5,3,8.0,Unhealthy,No,High
6402,5.4,10.8,10.7,4,3,8.0,Healthy,Yes,High
6403,6.3,11.7,,2,5,6.0,Healthy,No,Medium
6404,8.0,13.9,7.0,0,5,2.0,Unhealthy,No,Low
6405,8.0,12.0,6.2,2,2,1.0,Healthy,No,Low
6406,9.7,9.2,7.1,3,1,3.0,Healthy,Yes,Low
6407,6.8,5.1,7.7,3,5,3.0,Unhealthy,No,Low
6408,7.6,9.5,6.8,5,1,,Healthy,No,High
6409,6.1,9.8,4.5,1,5,4.0,Unhealthy,Yes,Medium
6410,7.4,11.1,9.6,4,3,2.0,Healthy,Yes,Low
6411,7.9,13.1,6.5,1,1,2.0,Unhealthy,No,Low
6412,6.8,8.7,10.0,2,0,7.0,Unhealthy,Yes,High
6413,3.4,15.3,6.4,4,4,8.0,Healthy,No,High
6414,7.7,3.7,5.5,5,5,5.0,Unhealthy,Yes,Medium
6415,7.7,10.3,8.8,0,2,,Unhealthy,No,Low
6416,5.6,6.6,6.6,5,0,,Healthy,Yes,Low
6417,4.4,3.3,6.3,5,0,1.0,Healthy,No,Low
6418,10.0,8.4,3.6,4,0,10.0,Unhealthy,Yes,High
6419,8.0,4.6,7.3,4,1,4.0,Unhealthy,Yes,Medium
6420,6.5,8.5,5.0,3,4,7.0,Unhealthy,No,High
6421,4.7,9.1,5.1,1,2,10.0,Unhealthy,Yes,High
6422,5.4,12.4,5.0,3,3,9.0,Unhealthy,No,High
6423,9.6,4.5,6.9,3,0,3.0,Healthy,Yes,Low
6424,7.3,11.7,,1,0,4.0,Healthy,No,Medium
6425,5.9,9.3,5.6,3,0,6.0,Healthy,Yes,Medium
6426,8.0,12.1,8.0,4,3,1.0,Unhealthy,No,Low
6427,5.4,7.7,3.5,2,5,5.0,Healthy,No,Medium
6428,10.0,5.0,6.3,0,1,10.0,Healthy,No,High
6429,9.7,5.3,4.7,0,1,5.0,Healthy,No,Medium
6430,6.1,5.1,5.2,3,4,10.0,healthy,No,High
6431,5.7,10.4,9.3,1,1,9.0,Healthy,No,High
6432,1.8,13.4,2.7,4,1,9.0,Unhealthy,No,High
6433,4.0,7.3,7.5,3,2,1.0,Unhealthy,No,Low
6434,4.3,10.9,5.0,4,2,3.0,Unhealthy,No,Low
6435,7.3,4.4,4.9,4,1,4.0,Healthy,Yes,Medium
6436,6.3,9.5,3.8,5,2,1.0,Healthy,Yes,Low
6437,4.3,11.0,7.5,0,5,9.0,Healthy,No,High
6438,6.4,4.7,5.6,2,4,2.0,Unhealthy,No,Low
6439,8.0,8.4,5.4,2,1,5.0,Healthy,Yes,Medium
6440,8.1,11.1,6.2,1,2,,Unhealthy,Yes,Low
6441,3.2,0.2,5.7,2,3,4.0,Unhealthy,No,Medium
6442,6.7,13.0,2.0,3,2,4.0,Healthy,Yes,Medium
6443,4.2,10.1,5.0,0,2,2.0,Healthy,Yes,Low
6444,8.8,11.2,7.8,0,3,2.0,Unhealthy,No,Low
6445,8.6,7.8,3.0,4,4,8.0,Unhealthy,Yes,High
6446,5.2,3.8,,3,3,2.0,Healthy,No,Low
6447,5.5,10.6,5.1,3,4,10.0,Unhealthy,Yes,High
6448,6.1,8.8,4.5,4,5,7.0,Healthy,Yes,High
6449,2.5,9.1,5.9,5,3,1.0,Unhealthy,Yes,Low
6450,7.7,12.3,3.8,5,4,1.0,Healthy,No,Low
6451,6.5,11.3,5.2,4,4,10.0,Unhealthy,No,High
6452,8.9,14.8,5.9,0,0,3.0,Healthy,Yes,Low
6453,4.8,9.5,7.3,3,0,3.0,Unhealthy,Yes,Low
6454,5.8,6.9,8.5,2,2,9.0,Healthy,Yes,High
6455,4.0,8.4,5.5,2,3,2.0,Unhealthy,No,Low
6456,5.0,10.2,9.8,0,4,4.0,Healthy,Yes,Medium
6457,4.6,12.0,5.6,2,0,3.0,Unhealthy,Yes,Low
6458,9.0,4.6,7.7,2,2,7.0,Unhealthy,Yes,High
6459,5.6,9.0,9.9,3,2,6.0,Healthy,Yes,Medium
6460,7.2,13.8,6.3,3,2,9.0,Unhealthy,Yes,High
6461,6.2,8.3,3.3,1,0,8.0,Unhealthy,Yes,High
6462,4.5,11.8,6.2,3,5,2.0,Unhealthy,Yes,Low
6463,6.7,10.5,4.8,1,1,3.0,Unhealthy,Yes,Low
6464,8.2,11.9,5.5,5,5,1.0,Healthy,No,Low
6465,4.6,6.6,10.0,3,5,8.0,Unhealthy,No,High
6466,8.6,6.6,3.6,4,2,2.0,Healthy,No,Low
6467,5.3,9.1,6.6,3,1,4.0,Healthy,Yes,Medium
6468,6.0,4.4,4.2,1,1,2.0,Healthy,No,Low
6469,8.1,8.2,5.4,2,1,2.0,Healthy,No,Low
6470,5.7,9.8,7.5,3,2,,Unhealthy,Yes,Low
6471,7.1,14.4,6.6,2,4,10.0,Healthy,No,High
6472,6.4,10.2,5.5,2,1,5.0,Unhealthy,Yes,Medium
6473,7.3,10.9,4.7,3,0,8.0,Healthy,Yes,High
6474,2.2,12.5,6.6,3,0,10.0,Healthy,Yes,High
6475,3.3,6.1,9.4,4,1,2.0,Healthy,Yes,Low
6476,8.2,8.5,4.2,5,1,5.0,Healthy,Yes,Medium
6477,9.1,16.3,9.8,1,1,4.0,Unhealthy,No,Medium
6478,5.2,8.8,8.4,3,0,3.0,Healthy,No,Low
6479,6.5,12.3,8.7,2,3,10.0,Unhealthy,No,High
6480,7.6,11.9,6.6,2,4,6.0,Healthy,Yes,Medium
6481,8.4,4.6,8.3,3,3,9.0,Healthy,No,High
6482,2.9,9.9,4.0,1,0,8.0,Healthy,No,High
6483,5.2,9.4,4.7,5,0,2.0,Healthy,No,Low
6484,6.3,10.0,7.5,2,2,1.0,Healthy,No,Low
6485,8.4,6.7,6.6,5,3,8.0,Unhealthy,No,High
6486,12.0,5.6,5.7,5,1,5.0,Healthy,No,Medium
6487,6.5,7.6,1.0,4,5,2.0,Unhealthy,No,Low
6488,4.2,8.7,5.1,2,1,10.0,Healthy,Yes,High
6489,7.8,12.6,3.7,1,0,1.0,Healthy,No,Low
6490,9.6,14.5,7.0,0,2,8.0,Unhealthy,Yes,High
6491,7.2,13.2,5.6,4,3,8.0,Healthy,Yes,High
6492,5.2,11.6,4.7,4,2,6.0,Healthy,No,Medium
6493,8.9,6.0,11.3,0,4,5.0,Healthy,No,Medium
6494,8.3,7.8,8.1,4,2,5.0,Unhealthy,Yes,Medium
6495,4.9,9.6,8.1,4,4,6.0,Unhealthy,Yes,Medium
6496,7.8,7.1,10.4,4,3,5.0,Unhealthy,No,Medium
6497,9.0,10.7,7.6,2,1,2.0,Healthy,No,Low
6498,9.4,11.2,4.5,2,4,7.0,Healthy,Yes,High
6499,6.9,10.6,4.2,3,1,4.0,Healthy,No,Medium
6500,6.3,12.1,7.9,3,2,7.0,Healthy,No,High
6501,9.5,24.0,1.9,2,2,1.0,Healthy,Yes,Low
6502,4.6,11.8,5.8,4,3,6.0,Unhealthy,Yes,Medium
6503,7.9,6.9,1.7,1,1,2.0,Healthy,Yes,Low
6504,4.3,6.2,6.2,0,3,3.0,Unhealthy,Yes,Low
6505,9.1,10.6,7.7,3,4,3.0,Unhealthy,No,Low
6506,6.5,12.6,6.6,4,2,10.0,Healthy,No,High
6507,9.5,10.5,7.9,3,2,1.0,Healthy,Yes,Low
6508,8.0,9.1,9.9,5,2,5.0,Healthy,No,Medium
6509,4.6,9.9,5.7,1,5,8.0,Unhealthy,Yes,High
6510,9.8,9.4,11.6,5,2,8.0,Unhealthy,No,High
6511,10.1,5.6,6.4,4,2,10.0,Unhealthy,No,High
6512,8.8,5.3,7.9,2,4,7.0,Unhealthy,No,High
6513,5.5,8.8,4.8,1,4,7.0,Unhealthy,Yes,High
6514,6.4,9.2,9.2,3,3,8.0,Healthy,Yes,High
6515,7.3,9.0,8.1,4,0,8.0,Unhealthy,Yes,High
6516,5.6,11.0,8.9,5,2,5.0,Healthy,Yes,Medium
6517,10.4,8.4,6.1,4,2,7.0,Unhealthy,No,High
6518,7.3,10.7,3.5,0,0,2.0,Healthy,Yes,Low
6519,1.6,8.6,,0,3,4.0,Unhealthy,No,Medium
6520,7.7,14.5,2.6,5,4,6.0,Unhealthy,Yes,Medium
6521,6.3,9.2,5.3,0,2,10.0,Unhealthy,Yes,High
6522,6.9,16.0,6.4,2,3,3.0,Unhealthy,No,Low
6523,6.3,10.1,10.8,4,0,2.0,Unhealthy,No,Low
6524,8.6,8.4,6.6,4,4,1.0,Healthy,Yes,Low
6525,9.2,6.3,6.3,3,4,4.0,Unhealthy,No,Medium
6526,7.6,4.7,5.9,2,3,2.0,Healthy,Yes,Low
6527,6.3,6.0,3.3,0,1,3.0,Healthy,No,Low
6528,6.9,6.4,6.2,4,1,10.0,Healthy,Yes,High
6529,7.0,10.2,6.2,0,5,6.0,Healthy,Yes,Medium
6530,5.4,7.4,4.1,1,5,10.0,Unhealthy,Yes,High
6531,8.2,9.6,3.6,2,1,3.0,Unhealthy,No,Low
6532,7.9,12.8,5.0,0,0,3.0,Unhealthy,Yes,Low
6533,10.1,8.7,6.1,2,1,4.0,Unhealthy,No,Medium
6534,9.5,15.2,5.1,5,3,3.0,Healthy,Yes,Low
6535,5.6,5.5,3.9,4,4,6.0,Unhealthy,Yes,Medium
6536,8.6,8.5,6.6,1,3,9.0,Healthy,Yes,High
6537,5.1,7.4,7.1,3,3,8.0,Healthy,Yes,High
6538,8.4,11.8,6.2,1,2,2.0,Healthy,Yes,Low
6539,6.0,2.3,4.9,2,0,3.0,Healthy,Yes,Low
6540,5.0,4.7,7.2,1,4,8.0,Healthy,Yes,High
6541,7.6,8.7,5.6,4,2,3.0,Unhealthy,Yes,Low
6542,1.7,13.7,3.6,2,0,5.0,Healthy,No,Medium
6543,3.5,9.7,8.1,2,4,9.0,Healthy,No,High
6544,6.6,4.9,6.7,4,2,2.0,Unhealthy,No,Low
6545,,5.4,5.8,5,5,9.0,Healthy,No,High
6546,6.3,14.0,2.9,0,1,10.0,Unhealthy,No,High
6547,3.8,7.1,4.5,3,3,5.0,Unhealthy,No,Medium
6548,5.4,6.2,10.0,5,5,9.0,Healthy,Yes,High
6549,7.8,13.4,3.0,5,1,4.0,Healthy,Yes,Medium
6550,8.2,12.0,5.5,1,4,8.0,Healthy,No,High
6551,7.0,12.8,6.0,5,5,8.0,Unhealthy,No,High
6552,9.3,6.1,6.6,3,5,3.0,Healthy,Yes,Low
6553,7.8,4.4,3.0,3,2,5.0,Healthy,Yes,Medium
6554,5.5,9.4,6.3,5,2,10.0,Healthy,No,High
6555,6.4,10.0,2.6,4,2,1.0,Unhealthy,Yes,Low
6556,4.2,10.1,6.2,0,3,6.0,Unhealthy,Yes,Medium
6557,6.8,13.4,4.7,3,2,9.0,Healthy,No,High
6558,9.2,3.8,,2,0,1.0,Unhealthy,No,Low
6559,8.4,11.6,7.7,5,0,2.0,Healthy,No,Low
6560,9.8,5.7,5.5,0,0,7.0,Healthy,Yes,High
6561,6.4,11.6,6.9,4,5,6.0,Healthy,No,Medium
6562,9.7,7.6,7.0,5,1,10.0,Unhealthy,Yes,High
6563,6.6,6.6,8.5,3,4,3.0,Unhealthy,No,Low
6564,9.9,24.0,3.6,5,1,2.0,Unhealthy,No,Low
6565,7.0,4.7,7.8,4,5,7.0,Unhealthy,No,High
6566,8.4,9.1,6.0,1,1,10.0,Unhealthy,No,High
6567,10.0,6.7,5.2,4,3,10.0,Healthy,Yes,High
6568,6.6,11.4,3.7,2,5,5.0,Unhealthy,No,Medium
6569,7.4,10.9,7.2,4,1,6.0,Healthy,No,Medium
6570,9.6,14.1,4.2,0,3,9.0,Unhealthy,No,High
6571,6.7,10.1,7.0,1,0,7.0,Healthy,No,High
6572,4.4,10.6,9.9,5,0,4.0,Healthy,No,Medium
6573,11.3,13.2,8.0,5,1,9.0,Healthy,No,High
6574,6.1,7.1,8.8,2,1,3.0,Unhealthy,Yes,Low
6575,7.3,4.5,4.6,1,0,4.0,Healthy,No,Medium
6576,9.3,9.6,7.5,2,2,10.0,Unhealthy,No,High
6577,5.8,4.7,3.7,5,0,3.0,Unhealthy,No,Low
6578,5.0,16.4,5.5,1,2,10.0,Unhealthy,Yes,High
6579,7.5,13.4,9.5,3,0,3.0,Healthy,Yes,Low
6580,3.4,15.5,4.8,4,4,1.0,Unhealthy,Yes,Low
6581,6.4,9.2,8.2,0,3,5.0,Unhealthy,No,Medium
6582,7.5,10.7,8.0,0,3,4.0,Healthy,No,Medium
6583,6.5,7.6,8.1,3,4,9.0,Healthy,No,High
6584,3.9,11.6,3.5,1,2,4.0,Healthy,Yes,Medium
6585,10.2,5.4,7.1,4,1,3.0,Healthy,No,Low
6586,7.2,1.4,5.7,3,1,6.0,Healthy,Yes,Medium
6587,9.9,6.6,8.2,1,3,10.0,Unhealthy,No,High
6588,6.5,4.6,2.7,4,1,5.0,Unhealthy,Yes,Medium
6589,5.2,13.4,6.7,1,2,4.0,Unhealthy,No,Medium
6590,7.5,14.4,6.5,0,1,,Unhealthy,Yes,Low
6591,6.6,4.8,2.0,4,0,3.0,Healthy,No,Low
6592,4.6,12.9,4.2,0,4,4.0,Healthy,Yes,Medium
6593,9.9,11.9,2.3,0,3,10.0,Healthy,No,High
6594,5.8,4.3,4.5,4,1,8.0,Healthy,No,High
6595,3.3,7.8,7.1,3,2,9.0,Healthy,Yes,High
6596,9.7,7.3,6.4,1,1,8.0,Unhealthy,Yes,High
6597,6.0,11.2,6.3,4,4,9.0,Healthy,No,High
6598,5.8,5.3,3.9,5,0,10.0,Healthy,Yes,High
6599,3.5,8.7,8.2,0,5,,Unhealthy,Yes,Low
6600,10.5,6.9,6.0,1,3,1.0,Healthy,No,Low
6601,4.4,10.4,,4,3,3.0,Healthy,No,Low
6602,7.1,8.3,7.9,3,2,4.0,Unhealthy,Yes,Medium
6603,8.8,7.4,4.0,4,0,2.0,Unhealthy,Yes,Low
6604,7.8,8.4,6.5,4,1,10.0,Healthy,Yes,High
6605,6.9,15.1,6.8,2,1,7.0,Unhealthy,No,High
6606,3.6,7.7,4.9,5,5,9.0,Unhealthy,No,High
6607,5.4,5.9,7.3,1,5,6.0,Unhealthy,No,Medium
6608,7.4,10.8,7.0,4,5,4.0,Healthy,No,Medium
6609,5.4,8.6,5.8,0,2,6.0,Healthy,No,Medium
6610,7.4,4.8,5.7,0,0,1.0,Unhealthy,No,Low
6611,8.4,15.7,7.0,2,2,6.0,Unhealthy,Yes,Medium
6612,8.9,7.9,7.6,0,4,4.0,Unhealthy,Yes,Medium
6613,4.5,7.9,6.1,4,4,3.0,Healthy,Yes,Low
6614,11.4,9.5,8.2,1,1,6.0,Unhealthy,No,Medium
6615,8.5,14.2,7.3,2,4,9.0,Unhealthy,Yes,High
6616,7.0,4.0,2.4,5,2,8.0,Healthy,No,High
6617,9.2,9.8,3.2,2,3,8.0,Unhealthy,Yes,High
6618,11.7,15.3,8.4,3,4,9.0,Healthy,No,High
6619,4.1,9.4,5.5,3,2,6.0,Unhealthy,Yes,Medium
6620,6.5,5.3,6.3,1,3,8.0,Healthy,No,High
6621,2.2,7.1,8.3,1,3,7.0,Unhealthy,No,High
6622,7.4,9.6,6.0,2,5,1.0,Healthy,No,Low
6623,40.0,13.0,6.1,4,5,6.0,Healthy,Yes,Medium
6624,6.9,8.0,4.3,4,4,4.0,Unhealthy,Yes,Medium
6625,5.7,11.5,6.7,3,0,3.0,Healthy,Yes,Low
6626,2.9,4.7,7.2,1,5,3.0,Unhealthy,Yes,Low
6627,7.7,4.7,4.8,1,4,10.0,Unhealthy,No,High
6628,9.9,7.6,4.2,4,4,8.0,Unhealthy,No,High
6629,5.8,13.3,11.3,3,0,1.0,Unhealthy,Yes,Low
6630,7.9,9.2,5.8,4,4,7.0,Healthy,No,High
6631,3.9,9.9,4.6,4,2,10.0,Healthy,No,High
6632,7.9,9.8,7.4,2,0,4.0,Unhealthy,Yes,Medium
6633,6.2,12.3,5.9,1,2,1.0,Healthy,No,Low
6634,5.5,7.2,3.8,2,3,2.0,Healthy,Yes,Low
6635,5.5,11.1,7.0,2,0,7.0,Unhealthy,Yes,High
6636,6.2,6.5,4.3,4,3,10.0,Healthy,Yes,High
6637,7.8,14.9,9.2,3,5,1.0,Healthy,No,Low
6638,4.4,6.6,7.0,4,1,6.0,Unhealthy,Yes,Medium
6639,6.2,6.4,5.4,5,1,4.0,Healthy,Yes,Medium
6640,6.9,10.6,6.2,3,2,3.0,Healthy,Yes,Low
6641,4.8,9.2,7.8,1,3,7.0,Unhealthy,No,High
6642,10.6,10.0,6.4,5,3,9.0,Unhealthy,No,High
6643,5.3,9.7,10.2,5,0,5.0,Healthy,No,Medium
6644,5.7,5.7,8.3,5,1,6.0,Unhealthy,No,Medium
6645,5.0,13.8,7.0,0,2,7.0,Unhealthy,No,High
6646,10.6,11.7,4.1,1,2,10.0,Healthy,No,High
6647,8.1,13.1,5.7,4,0,6.0,Unhealthy,Yes,Medium
6648,5.1,7.4,7.0,3,0,6.0,Healthy,No,Medium
6649,9.2,10.2,4.4,5,5,3.0,Healthy,No,Low
6650,7.4,9.6,8.6,0,2,3.0,Healthy,Yes,Low
6651,7.5,12.4,4.1,5,0,5.0,Unhealthy,Yes,Medium
6652,6.3,12.5,4.7,3,5,7.0,Unhealthy,No,High
6653,5.5,9.6,4.9,3,3,6.0,Unhealthy,No,Medium
6654,7.7,4.4,7.5,0,2,2.0,Healthy,No,Low
6655,5.9,14.3,4.4,0,4,3.0,Unhealthy,Yes,Low
6656,10.6,10.7,2.4,1,1,5.0,Unhealthy,Yes,Medium
6657,4.5,7.2,8.2,2,1,7.0,Healthy,Yes,High
6658,10.1,10.2,5.1,5,4,6.0,Healthy,Yes,Medium
6659,6.8,4.5,3.9,0,4,10.0,Healthy,Yes,High
6660,7.6,12.2,4.5,5,3,3.0,Unhealthy,No,Low
6661,8.7,4.6,,2,2,7.0,Unhealthy,No,High
6662,5.7,8.3,4.7,2,0,5.0,Unhealthy,No,Medium
6663,8.7,9.7,5.8,2,1,10.0,Unhealthy,No,High
6664,1.6,12.1,5.1,2,4,4.0,Unhealthy,No,Medium
6665,5.6,9.3,3.5,0,2,6.0,Unhealthy,Yes,Medium
6666,5.2,10.9,4.5,5,0,2.0,Healthy,Yes,Low
6667,4.5,8.9,3.4,3,1,7.0,Unhealthy,Yes,High
6668,6.6,8.9,7.9,5,2,2.0,Unhealthy,Yes,Low
6669,7.8,9.3,6.2,5,1,7.0,Healthy,No,High
6670,8.4,8.4,11.0,0,3,8.0,Healthy,No,High
6671,7.5,3.9,4.6,0,1,2.0,Unhealthy,Yes,Low
6672,,6.7,4.3,4,3,8.0,Unhealthy,No,High
6673,7.7,9.7,9.1,4,3,7.0,Unhealthy,Yes,High
6674,7.2,8.3,8.1,1,3,3.0,Healthy,No,Low
6675,8.9,8.5,6.8,2,0,7.0,Unhealthy,No,High
6676,8.6,8.0,3.8,2,5,1.0,Healthy,No,Low
6677,7.1,6.4,9.5,4,0,2.0,Unhealthy,Yes,Low
6678,5.2,7.5,5.9,3,3,5.0,Healthy,No,Medium
6679,5.7,8.1,5.1,1,2,9.0,Unhealthy,No,High
6680,5.9,9.0,8.3,5,5,1.0,Healthy,Yes,Low
6681,6.4,10.2,6.0,3,5,5.0,Healthy,No,Medium
6682,,8.5,3.7,4,3,6.0,Healthy,Yes,Medium
6683,8.4,5.9,6.1,5,2,3.0,Healthy,no,Low
6684,6.9,4.8,4.4,3,1,5.0,Unhealthy,No,Medium
6685,,16.8,-0.0,2,0,2.0,Healthy,Yes,Low
6686,7.3,5.6,4.2,4,2,8.0,Unhealthy,No,High
6687,6.0,7.4,4.9,5,5,3.0,Unhealthy,Yes,Low
6688,5.1,10.6,3.7,3,2,5.0,Healthy,Yes,Medium
6689,3.5,10.1,7.2,1,2,1.0,Healthy,No,Low
6690,5.6,10.6,4.4,1,4,5.0,Healthy,No,Medium
6691,7.9,7.7,7.0,0,0,1.0,Healthy,Yes,Low
6692,5.6,9.7,3.5,5,4,9.0,Unhealthy,No,High
6693,6.5,9.2,7.8,4,1,2.0,Healthy,Yes,Low
6694,7.9,8.1,3.4,4,2,6.0,Healthy,Yes,Medium
6695,8.0,9.7,1.3,5,0,9.0,Healthy,Yes,High
6696,4.8,12.2,8.5,4,5,3.0,Unhealthy,No,Low
6697,9.0,8.9,4.3,2,0,6.0,Healthy,No,Medium
6698,9.3,9.0,9.5,2,0,1.0,Healthy,Yes,Low
6699,4.7,12.2,7.1,4,2,7.0,Healthy,No,High
6700,5.4,11.9,7.6,5,5,2.0,Healthy,Yes,Low
6701,9.4,13.8,8.1,3,3,5.0,Unhealthy,Yes,Medium
6702,6.7,3.7,6.2,2,3,5.0,Healthy,Yes,Medium
6703,2.6,11.7,6.2,5,3,1.0,Unhealthy,No,Low
6704,4.2,10.8,8.6,4,4,7.0,Healthy,No,High
6705,6.5,6.3,6.2,2,2,4.0,Unhealthy,Yes,Medium
6706,4.7,9.8,4.5,5,1,4.0,Healthy,Yes,Medium
6707,6.2,12.2,7.2,0,4,7.0,Healthy,Yes,High
6708,7.1,6.5,1.8,1,0,10.0,Healthy,Yes,High
6709,9.9,24.0,8.6,0,3,1.0,Healthy,No,Low
6710,6.4,11.6,8.7,4,0,6.0,healthy,Yes,Medium
6711,9.1,5.8,8.4,5,4,1.0,Unhealthy,Yes,Low
6712,9.9,8.6,8.3,1,5,6.0,Healthy,No,Medium
6713,9.9,9.9,5.8,3,3,10.0,Healthy,No,High
6714,7.6,6.6,5.8,4,2,2.0,Unhealthy,Yes,Low
6715,3.1,6.4,3.5,3,3,10.0,Unhealthy,No,High
6716,7.9,8.6,9.5,3,3,1.0,Healthy,Yes,Low
6717,9.1,11.4,5.0,2,5,8.0,Unhealthy,Yes,High
6718,6.8,10.9,6.7,2,3,7.0,Unhealthy,Yes,High
6719,10.5,6.4,6.5,1,4,2.0,Healthy,No,Low
6720,8.7,11.0,3.3,1,3,2.0,Unhealthy,No,Low
6721,8.1,6.5,2.5,5,5,5.0,Unhealthy,No,Medium
6722,9.2,4.2,6.0,2,4,4.0,Healthy,Yes,Medium
6723,7.7,7.9,5.1,1,0,4.0,Healthy,Yes,Medium
6724,2.0,12.4,5.8,5,2,9.0,Unhealthy,Yes,High
6725,6.0,11.0,8.1,0,3,1.0,Healthy,No,Low
6726,9.4,9.0,6.4,4,4,10.0,Healthy,No,High
6727,5.4,7.7,7.5,0,3,9.0,Unhealthy,Yes,High
6728,6.6,7.8,6.9,4,3,3.0,Healthy,No,Low
6729,4.9,9.3,5.4,5,5,8.0,Healthy,No,High
6730,10.6,5.8,4.0,2,3,5.0,Unhealthy,Yes,Medium
6731,40.0,8.0,6.5,0,1,10.0,Healthy,No,High
6732,5.2,8.4,6.2,3,2,3.0,Healthy,No,Low
6733,7.3,4.9,7.8,0,2,9.0,Healthy,No,High
6734,5.6,6.5,5.7,1,4,9.0,Healthy,Yes,High
6735,8.2,10.2,5.4,0,0,8.0,Healthy,Yes,High
6736,8.0,9.0,5.5,2,0,3.0,Unhealthy,No,Low
6737,8.6,8.1,4.2,2,0,3.0,Healthy,Yes,Low
6738,7.7,6.3,8.9,1,3,10.0,Healthy,No,High
6739,12.9,13.7,8.3,4,5,10.0,Unhealthy,No,High
6740,4.9,6.5,3.6,1,4,3.0,Unhealthy,No,Low
6741,3.6,9.8,7.6,5,3,6.0,Unhealthy,Yes,Medium
6742,6.2,7.5,2.3,4,5,2.0,Healthy,No,Low
6743,3.9,9.1,8.0,2,1,9.0,Unhealthy,No,High
6744,4.0,10.4,4.6,2,4,2.0,Healthy,Yes,Low
6745,5.0,4.9,6.7,5,4,10.0,Unhealthy,No,High
6746,5.2,9.0,2.1,4,5,8.0,Unhealthy,Yes,High
6747,5.1,12.6,3.6,0,4,10.0,Healthy,Yes,High
6748,8.0,14.3,6.9,0,5,4.0,Healthy,No,Medium
6749,6.0,8.6,4.6,1,1,4.0,Unhealthy,Yes,Medium
6750,6.6,9.1,4.3,2,4,5.0,Healthy,Yes,Medium
6751,8.8,15.6,8.8,0,5,1.0,Unhealthy,Yes,Low
6752,5.5,12.4,10.4,2,5,4.0,Healthy,No,Medium
6753,6.5,7.1,7.9,1,1,6.0,Unhealthy,Yes,Medium
6754,7.7,7.1,3.8,3,0,10.0,Healthy,Yes,High
6755,3.1,11.9,9.5,2,5,2.0,Unhealthy,Yes,Low
6756,2.2,6.0,2.9,3,5,3.0,healthy,No,Low
6757,7.7,12.3,5.4,2,4,4.0,Unhealthy,No,Medium
6758,8.0,10.0,6.1,4,3,3.0,Healthy,Yes,Low
6759,11.1,10.6,9.8,5,2,9.0,Healthy,Yes,High
6760,7.3,8.2,7.8,3,1,6.0,Healthy,Yes,Medium
6761,8.6,7.1,5.1,4,0,5.0,Healthy,Yes,Medium
6762,6.6,13.4,4.1,5,0,5.0,Healthy,No,Medium
6763,7.6,8.3,8.0,4,2,2.0,Unhealthy,No,Low
6764,10.3,7.8,4.9,1,4,9.0,Unhealthy,No,High
6765,2.8,8.8,6.4,1,3,2.0,Healthy,Yes,Low
6766,7.8,9.6,3.3,0,2,5.0,Healthy,Yes,Medium
6767,11.3,5.9,7.1,3,4,7.0,Unhealthy,Yes,High
6768,7.6,7.3,7.0,0,5,3.0,Unhealthy,No,Low
6769,10.3,7.1,3.5,3,4,8.0,Healthy,No,High
6770,,11.5,8.1,1,1,5.0,Unhealthy,No,Medium
6771,6.9,6.3,7.1,1,3,10.0,Unhealthy,Yes,High
6772,7.1,3.7,7.5,5,3,3.0,Healthy,Yes,Low
6773,2.6,3.1,5.2,5,1,3.0,Unhealthy,Yes,Low
6774,4.7,4.6,6.4,1,4,3.0,Healthy,No,Low
6775,4.8,13.1,6.1,3,4,3.0,Unhealthy,Yes,Low
6776,8.6,9.0,5.7,1,3,4.0,Unhealthy,Yes,Medium
6777,8.7,10.5,6.3,0,3,10.0,Healthy,No,High
6778,7.6,10.6,8.5,4,3,1.0,Healthy,No,Low
6779,8.6,9.2,8.1,5,3,3.0,Healthy,No,Low
6780,6.7,8.8,3.6,3,4,10.0,Healthy,No,High
6781,9.4,12.1,8.0,4,3,10.0,Unhealthy,Yes,High
6782,7.0,9.4,8.4,0,5,5.0,Unhealthy,No,Medium
6783,7.1,13.2,5.7,2,4,8.0,Healthy,no,High
6784,6.5,10.9,7.0,5,1,8.0,Unhealthy,Yes,High
6785,8.4,7.1,7.0,1,5,9.0,Healthy,No,High
6786,6.2,7.5,4.3,5,0,9.0,Unhealthy,No,High
6787,9.0,6.8,20.0,5,1,6.0,Unhealthy,Yes,Medium
6788,4.7,12.7,7.5,5,1,10.0,Healthy,No,High
6789,4.8,7.8,5.0,0,2,7.0,Unhealthy,No,High
6790,8.4,6.6,8.0,2,1,4.0,Healthy,No,Medium
6791,6.8,10.0,8.6,3,2,3.0,Healthy,Yes,Low
6792,6.1,8.7,8.3,0,2,3.0,Healthy,Yes,Low
6793,8.8,9.9,10.0,3,2,2.0,Healthy,No,Low
6794,5.8,14.7,5.8,4,5,8.0,Healthy,No,High
6795,6.6,11.7,6.4,4,1,7.0,Unhealthy,Yes,High
6796,9.8,9.1,6.6,3,0,8.0,Healthy,No,High
6797,10.1,4.8,5.9,4,5,6.0,Unhealthy,No,Medium
6798,10.1,7.5,7.1,4,2,10.0,Unhealthy,Yes,High
6799,6.4,11.1,2.6,1,3,10.0,Healthy,Yes,High
6800,9.5,5.5,6.4,3,3,5.0,Unhealthy,Yes,Medium
6801,5.1,15.4,3.2,3,4,1.0,Unhealthy,Yes,Low
6802,5.2,9.0,4.1,2,3,8.0,Unhealthy,No,High
6803,2.3,9.1,7.5,5,3,2.0,Healthy,Yes,Low
6804,10.3,7.0,5.6,1,2,1.0,Unhealthy,Yes,Low
6805,5.3,10.5,7.4,0,5,9.0,Unhealthy,Yes,High
6806,6.7,5.5,5.6,1,1,8.0,Unhealthy,No,High
6807,5.2,15.5,8.2,0,5,9.0,Healthy,Yes,High
6808,8.4,13.0,5.5,3,5,5.0,Unhealthy,No,Medium
6809,6.2,12.0,2.1,1,3,3.0,Unhealthy,Yes,Low
6810,4.4,4.8,6.5,2,1,8.0,Healthy,No,High
6811,7.9,9.6,1.7,5,0,4.0,Unhealthy,No,Medium
6812,4.1,12.6,3.1,4,5,1.0,Unhealthy,Yes,Low
6813,5.3,10.8,4.2,0,5,9.0,Unhealthy,Yes,High
6814,2.8,6.0,4.0,4,3,4.0,Healthy,Yes,Medium
6815,4.2,7.0,4.9,5,0,2.0,Healthy,Yes,Low
6816,7.4,7.6,3.9,3,0,10.0,Unhealthy,Yes,High
6817,3.1,7.2,3.2,3,4,3.0,Unhealthy,Yes,Low
6818,4.0,13.6,9.1,3,1,6.0,Unhealthy,Yes,Medium
6819,7.0,3.2,4.6,4,1,9.0,Healthy,Yes,High
6820,5.9,11.0,1.5,5,4,6.0,Unhealthy,no,Medium
6821,11.0,5.1,5.3,3,2,4.0,Healthy,Yes,Medium
6822,,6.1,3.8,3,4,1.0,Healthy,Yes,Low
6823,5.3,3.0,4.2,4,5,,Unhealthy,Yes,Low
6824,8.1,7.4,7.4,3,4,7.0,Unhealthy,Yes,High
6825,8.5,13.5,5.1,5,4,3.0,Unhealthy,No,Low
6826,5.8,9.8,3.7,0,0,2.0,Healthy,Yes,Low
6827,4.0,5.4,6.9,1,1,6.0,Unhealthy,Yes,Medium
6828,7.0,12.1,8.3,0,2,4.0,Healthy,No,Medium
6829,6.7,12.7,7.1,3,3,1.0,Unhealthy,No,Low
6830,6.1,9.3,1.1,5,3,9.0,Unhealthy,No,High
6831,7.9,15.1,3.8,5,3,9.0,Unhealthy,Yes,High
6832,5.5,11.5,6.1,3,2,5.0,Unhealthy,Yes,Medium
6833,4.7,11.0,5.5,3,3,8.0,Unhealthy,Yes,High
6834,7.2,6.6,5.3,3,2,6.0,Healthy,Yes,Medium
6835,7.8,10.9,4.0,4,3,7.0,Unhealthy,No,High
6836,4.6,9.7,3.2,5,3,6.0,Healthy,No,Medium
6837,8.9,10.6,10.0,1,2,7.0,Unhealthy,No,High
6838,3.5,6.9,6.1,4,1,3.0,Unhealthy,No,Low
6839,5.8,9.4,7.3,4,5,3.0,Unhealthy,No,Low
6840,6.5,6.5,6.0,5,5,10.0,Unhealthy,No,High
6841,5.7,2.6,6.1,3,2,,Unhealthy,Yes,Low
6842,5.9,12.0,5.9,0,2,10.0,Healthy,Yes,High
6843,10.7,4.5,3.8,5,4,6.0,Unhealthy,Yes,Medium
6844,5.3,9.3,3.0,0,0,1.0,Unhealthy,Yes,Low
6845,11.9,10.0,6.8,2,0,9.0,Healthy,Yes,High
6846,7.9,10.0,6.4,5,1,9.0,Healthy,No,High
6847,7.2,8.2,7.9,1,1,4.0,Unhealthy,No,Medium
6848,8.0,9.8,7.5,5,1,2.0,Healthy,No,Low
6849,12.1,10.4,4.4,2,0,7.0,Unhealthy,Yes,High
6850,5.0,11.2,8.3,4,1,7.0,Healthy,No,High
6851,4.8,14.2,7.5,2,5,6.0,Unhealthy,Yes,Medium
6852,5.5,9.7,7.4,2,1,8.0,Unhealthy,Yes,High
6853,7.1,9.2,10.5,5,2,3.0,Unhealthy,No,Low
6854,3.5,6.3,10.1,2,5,2.0,Unhealthy,No,Low
6855,7.0,10.3,7.4,1,5,10.0,Unhealthy,Yes,High
6856,10.4,11.0,7.1,5,2,1.0,Unhealthy,Yes,Low
6857,7.3,8.4,8.2,0,0,3.0,Healthy,No,Low
6858,6.4,24.0,4.8,0,2,8.0,Unhealthy,Yes,High
6859,5.8,8.1,4.9,2,1,8.0,Healthy,Yes,High
6860,8.8,11.0,7.3,5,2,7.0,Unhealthy,No,High
6861,5.3,11.7,4.3,1,5,2.0,Unhealthy,Yes,Low
6862,10.7,11.7,7.2,0,4,3.0,Healthy,No,Low
6863,10.9,9.4,6.3,3,2,7.0,Healthy,No,High
6864,7.5,5.9,4.3,5,0,,Healthy,No,High
6865,7.0,7.2,6.1,5,1,9.0,Unhealthy,Yes,High
6866,9.1,10.8,8.6,0,5,6.0,Unhealthy,Yes,Medium
6867,9.2,16.3,6.2,0,5,10.0,Healthy,Yes,High
6868,5.4,8.0,6.2,1,1,3.0,Healthy,Yes,Low
6869,5.9,10.4,6.7,1,0,9.0,Unhealthy,Yes,High
6870,4.4,7.3,6.9,0,2,5.0,Unhealthy,No,Medium
6871,7.8,6.1,5.3,3,1,4.0,Unhealthy,Yes,Medium
6872,8.3,7.0,6.7,3,1,9.0,Healthy,Yes,High
6873,4.3,2.8,3.9,2,4,10.0,Unhealthy,No,High
6874,6.1,13.1,4.4,2,0,2.0,Unhealthy,No,Low
6875,4.3,2.3,4.7,0,5,10.0,Unhealthy,No,High
6876,5.2,8.2,6.9,0,5,4.0,Healthy,Yes,Medium
6877,8.1,5.5,6.3,0,2,6.0,healthy,Yes,Medium
6878,5.5,6.3,5.7,5,2,6.0,Healthy,Yes,Medium
6879,6.4,13.1,7.4,3,1,10.0,Healthy,No,High
6880,3.7,9.6,6.8,4,3,5.0,Unhealthy,no,Medium
6881,7.4,6.1,5.4,2,4,10.0,Unhealthy,Yes,High
6882,6.9,7.2,3.9,2,4,7.0,Unhealthy,Yes,High
6883,5.5,6.7,4.4,4,4,5.0,Healthy,No,Medium
6884,6.6,8.9,3.1,0,5,6.0,Unhealthy,Yes,Medium
6885,7.4,9.5,6.3,2,1,1.0,Healthy,No,Low
6886,5.4,14.7,4.3,3,0,8.0,Healthy,Yes,High
6887,4.0,3.3,5.0,4,0,5.0,Unhealthy,No,Medium
6888,10.6,8.9,5.7,3,4,5.0,Unhealthy,No,Medium
6889,5.7,8.1,8.1,5,5,10.0,Healthy,Yes,High
6890,6.8,11.8,7.9,0,3,6.0,Unhealthy,Yes,Medium
6891,9.0,10.1,5.9,2,5,6.0,Healthy,No,Medium
6892,14.1,10.8,8.5,3,3,8.0,Unhealthy,Yes,High
6893,4.5,10.0,2.0,4,2,4.0,Unhealthy,No,Medium
6894,7.9,6.2,9.8,0,3,4.0,Unhealthy,Yes,Medium
6895,5.6,12.6,7.4,2,4,3.0,Unhealthy,Yes,Low
6896,5.9,11.4,6.2,2,2,9.0,Unhealthy,No,High
6897,5.6,11.7,4.2,0,4,8.0,Unhealthy,Yes,High
6898,4.7,12.8,5.1,0,5,5.0,Unhealthy,Yes,Medium
6899,6.9,10.3,7.2,0,5,8.0,Unhealthy,No,High
6900,4.1,13.4,7.3,5,0,6.0,Healthy,Yes,Medium
6901,8.9,10.1,7.3,3,4,5.0,Unhealthy,Yes,Medium
6902,7.1,8.3,4.5,1,2,9.0,Healthy,No,High
6903,7.8,9.0,4.1,5,4,9.0,Healthy,No,High
6904,6.1,8.9,6.4,2,1,8.0,Healthy,No,High
6905,6.3,7.4,7.5,3,5,10.0,Unhealthy,Yes,High
6906,7.6,13.9,6.0,4,2,3.0,Unhealthy,No,Low
6907,4.7,9.9,9.0,2,3,9.0,Healthy,No,High
6908,6.3,24.0,6.1,5,0,,Unhealthy,No,Medium
6909,,10.2,6.0,1,3,9.0,Healthy,Yes,High
6910,5.2,17.9,7.3,4,4,1.0,Unhealthy,no,Low
6911,2.8,5.6,8.4,2,3,1.0,Healthy,Yes,Low
6912,9.7,6.5,3.3,1,2,6.0,Unhealthy,Yes,Medium
6913,5.6,4.9,3.8,0,1,4.0,Healthy,No,Medium
6914,9.3,8.3,5.4,1,3,5.0,Healthy,No,Medium
6915,9.1,9.7,12.3,2,4,5.0,Healthy,No,Medium
6916,4.4,7.6,5.5,1,3,3.0,Unhealthy,Yes,Low
6917,4.8,7.4,5.8,5,3,9.0,Healthy,No,High
6918,12.1,9.4,7.2,2,2,1.0,Healthy,Yes,Low
6919,10.5,7.5,8.0,2,4,6.0,Unhealthy,No,Medium
6920,6.9,9.9,6.3,1,4,2.0,Unhealthy,Yes,Low
6921,7.5,12.3,8.3,1,1,2.0,Unhealthy,Yes,Low
6922,5.7,11.0,3.6,5,2,9.0,Healthy,No,High
6923,7.9,11.6,4.5,4,5,10.0,Healthy,No,High
6924,5.6,12.3,8.3,4,2,2.0,Unhealthy,Yes,Low
6925,2.9,9.8,6.0,3,0,9.0,Unhealthy,Yes,High
6926,4.4,8.5,3.5,2,1,8.0,Unhealthy,No,High
6927,7.0,6.7,3.4,4,1,7.0,Healthy,No,High
6928,4.7,7.8,4.4,3,4,8.0,Unhealthy,Yes,High
6929,6.9,7.4,6.0,5,4,9.0,Healthy,No,High
6930,4.9,11.2,6.9,2,1,10.0,Unhealthy,Yes,High
6931,5.4,10.0,5.3,5,2,9.0,Healthy,Yes,High
6932,8.7,11.1,6.8,3,0,3.0,Unhealthy,No,Low
6933,7.5,5.5,5.1,4,4,10.0,Healthy,No,High
6934,7.0,13.3,8.4,3,0,1.0,Healthy,No,Low
6935,8.8,7.7,11.1,1,1,8.0,healthy,No,High
6936,8.0,5.7,5.2,5,2,10.0,Unhealthy,Yes,High
6937,9.9,7.7,7.0,3,0,4.0,Healthy,Yes,Medium
6938,6.1,16.5,6.8,5,5,5.0,Unhealthy,No,Medium
6939,6.1,7.8,6.3,0,3,6.0,Healthy,No,Medium
6940,4.4,8.0,7.3,0,1,6.0,Healthy,Yes,Medium
6941,6.1,8.4,7.0,3,2,7.0,healthy,Yes,High
6942,8.9,8.6,5.1,0,1,10.0,Unhealthy,Yes,High
6943,9.6,6.7,8.6,3,1,3.0,Healthy,No,Low
6944,8.9,9.4,6.4,5,0,2.0,Healthy,Yes,Low
6945,3.4,12.2,5.2,3,0,9.0,Unhealthy,Yes,High
6946,9.2,9.9,10.9,3,3,2.0,Unhealthy,No,Low
6947,3.3,5.7,5.8,0,4,9.0,Healthy,Yes,High
6948,8.8,8.0,6.5,2,3,10.0,Healthy,No,High
6949,6.3,7.3,6.4,3,5,4.0,Healthy,No,Medium
6950,8.4,9.2,5.7,3,2,1.0,Healthy,Yes,Low
6951,4.3,13.0,6.9,1,2,3.0,Healthy,No,Low
6952,9.3,8.6,4.3,1,1,10.0,Unhealthy,Yes,High
6953,4.1,8.7,7.2,4,0,2.0,Healthy,No,Low
6954,5.7,14.3,2.5,0,1,4.0,Unhealthy,Yes,Medium
6955,5.0,11.6,3.4,2,4,2.0,Healthy,Yes,Low
6956,3.5,10.7,,3,1,10.0,Unhealthy,Yes,High
6957,7.2,14.9,3.5,3,5,6.0,Healthy,Yes,Medium
6958,,10.5,2.1,0,2,10.0,Unhealthy,Yes,High
6959,12.3,3.0,3.5,4,5,1.0,Unhealthy,No,Low
6960,7.2,11.5,9.5,4,2,5.0,Unhealthy,Yes,Medium
6961,9.2,4.2,2.4,1,5,9.0,Unhealthy,No,High
6962,7.5,10.4,4.1,0,3,1.0,Unhealthy,No,Low
6963,8.0,3.9,3.1,4,5,4.0,Unhealthy,No,Medium
6964,6.3,7.6,5.5,4,1,2.0,Healthy,Yes,Low
6965,7.4,7.9,5.1,2,0,2.0,Healthy,Yes,Low
6966,8.1,6.7,5.0,1,4,5.0,Healthy,No,Medium
6967,5.8,8.0,9.7,1,4,2.0,Unhealthy,Yes,Low
6968,6.8,12.1,3.6,1,5,5.0,Healthy,Yes,Medium
6969,6.9,6.9,5.8,5,0,1.0,Healthy,Yes,Low
6970,8.7,10.6,6.7,4,4,5.0,Healthy,No,Medium
6971,4.9,6.1,4.0,3,5,3.0,Healthy,No,Low
6972,6.9,8.4,7.0,5,5,2.0,Unhealthy,Yes,Low
6973,10.8,10.0,5.2,4,0,4.0,Healthy,Yes,Medium
6974,9.3,6.0,6.7,4,0,1.0,Healthy,No,Low
6975,9.7,5.1,5.8,0,3,3.0,Unhealthy,Yes,Low
6976,7.0,10.5,1.9,1,5,1.0,Healthy,No,Low
6977,7.6,12.4,8.6,1,1,8.0,Unhealthy,Yes,High
6978,9.0,8.8,10.1,2,2,,Healthy,No,Medium
6979,10.1,7.6,5.6,1,2,1.0,Unhealthy,No,Low
6980,3.1,9.5,4.2,4,5,2.0,Healthy,Yes,Low
6981,4.4,9.2,9.0,0,1,9.0,Healthy,No,High
6982,9.6,9.7,9.8,2,4,7.0,Healthy,No,High
6983,6.4,1.4,5.7,4,0,3.0,Healthy,No,Low
6984,5.7,5.8,5.6,4,2,1.0,Unhealthy,Yes,Low
6985,4.5,6.5,5.8,5,3,2.0,Healthy,Yes,Low
6986,5.9,9.5,2.7,2,4,7.0,Healthy,Yes,High
6987,4.2,9.6,5.4,5,3,8.0,Healthy,No,High
6988,11.2,10.9,9.4,4,2,5.0,Unhealthy,Yes,Medium
6989,7.0,9.8,5.7,4,1,4.0,Unhealthy,No,Medium
6990,6.9,5.1,3.9,5,1,10.0,Unhealthy,Yes,High
6991,8.2,13.3,7.0,0,3,4.0,Healthy,Yes,Medium
6992,8.9,12.8,4.7,0,5,5.0,Unhealthy,No,Medium
6993,8.9,5.2,5.9,5,4,7.0,Unhealthy,Yes,High
6994,9.1,10.0,3.5,0,2,7.0,Healthy,No,High
6995,,7.2,3.9,1,0,4.0,Unhealthy,Yes,Medium
6996,6.4,9.4,7.5,2,1,1.0,Unhealthy,No,Low
6997,8.5,12.2,6.2,0,3,5.0,Unhealthy,Yes,Medium
6998,5.9,15.4,4.4,4,2,7.0,Unhealthy,Yes,High
6999,7.0,11.3,6.2,1,4,4.0,Healthy,No,Medium
7000,7.8,9.9,4.8,2,5,7.0,Unhealthy,Yes,High
7001,8.6,8.0,,0,0,8.0,Unhealthy,No,High
7002,3.4,9.5,8.3,0,0,2.0,Unhealthy,Yes,Low
7003,8.4,13.1,7.6,2,5,2.0,Unhealthy,Yes,Low
7004,6.5,8.9,6.0,0,1,5.0,Healthy,no,Medium
7005,8.4,6.3,6.3,5,0,3.0,Healthy,No,Low
7006,8.6,4.1,6.0,2,2,4.0,Healthy,No,Medium
7007,10.2,10.5,,2,1,1.0,Healthy,Yes,Low
7008,9.7,9.7,4.4,4,1,4.0,Healthy,No,Medium
7009,9.7,7.1,7.7,2,1,4.0,Unhealthy,No,Medium
7010,9.9,12.1,6.7,3,5,4.0,healthy,No,Medium
7011,7.6,7.7,5.5,0,2,3.0,Unhealthy,Yes,Low
7012,7.1,8.6,5.0,4,3,2.0,Healthy,Yes,Low
7013,8.7,9.0,7.7,1,0,4.0,Healthy,Yes,Medium
7014,8.5,7.9,5.7,3,0,8.0,Healthy,Yes,High
7015,6.4,9.7,4.6,2,3,3.0,Unhealthy,Yes,Low
7016,7.8,12.5,5.2,1,1,6.0,Healthy,No,Medium
7017,6.9,5.6,7.5,1,4,,Healthy,Yes,Low
7018,5.3,10.5,2.8,1,2,1.0,Unhealthy,Yes,Low
7019,9.6,9.5,5.3,1,1,7.0,Healthy,Yes,High
7020,7.1,9.5,8.1,4,1,6.0,Unhealthy,Yes,Medium
7021,11.1,11.6,5.7,4,1,,Healthy,Yes,High
7022,3.7,9.1,6.5,1,0,4.0,Healthy,Yes,Medium
7023,5.9,10.4,8.2,3,5,7.0,Unhealthy,Yes,High
7024,7.1,11.1,7.8,0,5,6.0,Unhealthy,No,Medium
7025,9.3,7.5,5.1,5,5,2.0,Unhealthy,No,Low
7026,7.8,9.9,5.7,0,0,4.0,Healthy,No,Medium
7027,7.6,8.2,7.8,4,5,9.0,Unhealthy,No,High
7028,4.7,8.6,7.9,3,4,8.0,Healthy,No,High
7029,4.7,8.0,5.8,3,2,6.0,Unhealthy,No,Medium
7030,7.6,10.4,5.9,2,1,1.0,Healthy,Yes,Low
7031,4.3,9.2,6.5,4,5,7.0,Unhealthy,No,High
7032,5.9,10.2,8.7,3,0,1.0,Unhealthy,Yes,Low
7033,8.0,8.9,8.1,3,3,8.0,Healthy,No,High
7034,5.0,4.2,7.4,0,0,3.0,Unhealthy,Yes,Low
7035,10.2,9.1,3.8,3,1,9.0,Unhealthy,No,High
7036,9.4,9.2,20.0,3,1,5.0,Healthy,No,Medium
7037,3.9,9.7,5.6,1,0,6.0,Healthy,Yes,Medium
7038,,7.2,8.8,0,3,4.0,Healthy,No,Medium
7039,2.4,5.4,5.5,0,3,6.0,Healthy,No,Medium
7040,5.4,10.9,8.5,1,1,9.0,healthy,Yes,High
7041,8.5,8.2,4.9,0,0,7.0,Unhealthy,No,High
7042,6.2,9.5,5.0,2,2,2.0,Healthy,Yes,Low
7043,7.9,8.2,7.0,5,2,6.0,Healthy,Yes,Medium
7044,4.0,9.0,9.1,2,1,9.0,Healthy,No,High
7045,8.6,7.7,5.6,4,3,8.0,Unhealthy,No,High
7046,5.9,6.1,0.9,5,2,,Unhealthy,No,Low
7047,7.0,10.4,2.9,0,0,5.0,Healthy,No,Medium
7048,6.8,7.2,6.6,0,4,6.0,Unhealthy,Yes,Medium
7049,4.5,9.5,3.1,2,4,9.0,Healthy,No,High
7050,4.7,10.2,4.3,4,3,4.0,Unhealthy,No,Medium
7051,8.9,7.2,6.0,4,5,1.0,Unhealthy,No,Low
7052,7.8,5.4,1.1,2,4,6.0,Unhealthy,No,Medium
7053,9.1,16.3,5.2,2,0,9.0,Healthy,No,High
7054,7.6,7.4,3.7,5,5,6.0,Healthy,Yes,Medium
7055,7.3,10.9,3.0,1,1,7.0,Healthy,Yes,High
7056,3.5,14.8,4.4,4,1,10.0,Unhealthy,No,High
7057,6.5,11.4,3.9,4,0,4.0,Unhealthy,Yes,Medium
7058,6.9,8.1,6.9,1,1,2.0,Healthy,No,Low
7059,10.9,8.8,8.4,2,0,3.0,Healthy,Yes,Low
7060,8.4,6.5,5.3,1,0,1.0,Healthy,No,Low
7061,10.1,11.6,4.8,1,4,2.0,Unhealthy,No,Low
7062,8.2,10.7,5.2,3,5,7.0,Unhealthy,Yes,High
7063,5.6,7.5,3.8,4,4,9.0,Unhealthy,Yes,High
7064,7.2,5.9,3.4,2,3,9.0,Unhealthy,Yes,High
7065,7.5,5.0,2.7,3,4,9.0,Healthy,Yes,High
7066,5.1,12.0,3.3,5,1,1.0,Unhealthy,No,Low
7067,6.2,9.4,9.3,3,5,7.0,Healthy,Yes,High
7068,6.6,9.6,4.6,3,4,7.0,Unhealthy,Yes,High
7069,10.2,6.5,0.1,2,0,9.0,Healthy,No,High
7070,2.8,4.6,4.8,1,4,9.0,Healthy,Yes,High
7071,,11.9,2.8,2,1,1.0,Unhealthy,Yes,Low
7072,5.1,9.1,6.1,4,3,10.0,Unhealthy,No,High
7073,4.3,11.7,5.9,5,5,5.0,Unhealthy,Yes,Medium
7074,9.4,7.8,6.1,5,2,2.0,Unhealthy,Yes,Low
7075,8.5,8.3,5.9,5,5,6.0,Healthy,No,Medium
7076,9.5,11.1,5.3,4,0,2.0,Unhealthy,No,Low
7077,8.6,11.2,3.1,1,1,6.0,Unhealthy,No,Medium
7078,11.1,11.4,5.9,2,1,7.0,Unhealthy,No,High
7079,8.1,8.1,20.0,1,2,6.0,Unhealthy,Yes,Medium
7080,6.7,10.8,9.6,1,3,1.0,Unhealthy,Yes,Low
7081,7.7,12.3,5.5,2,0,4.0,Unhealthy,No,Medium
7082,9.5,8.7,5.7,4,3,3.0,Healthy,No,Low
7083,5.4,7.5,7.0,2,2,5.0,Healthy,Yes,Medium
7084,5.7,13.0,9.0,5,0,7.0,Healthy,Yes,High
7085,6.4,7.0,5.0,4,4,3.0,Unhealthy,Yes,Low
7086,2.8,10.9,7.4,0,3,1.0,Healthy,No,Low
7087,,8.8,4.4,0,4,9.0,Unhealthy,No,High
7088,3.2,3.5,6.7,0,0,6.0,Healthy,No,Medium
7089,7.1,12.4,7.9,5,2,6.0,Healthy,No,Medium
7090,8.7,0.7,3.4,3,4,4.0,Unhealthy,No,Medium
7091,6.0,3.0,4.9,4,4,1.0,Healthy,No,Low
7092,10.4,10.6,7.9,4,1,9.0,Unhealthy,No,High
7093,4.1,10.6,7.2,2,0,10.0,Unhealthy,No,High
7094,9.4,7.1,8.1,4,5,7.0,Healthy,No,High
7095,8.4,9.4,7.7,2,2,10.0,Healthy,Yes,High
7096,3.6,1.4,5.3,3,1,7.0,Healthy,Yes,High
7097,40.0,11.1,10.4,2,3,7.0,Healthy,Yes,High
7098,6.9,9.7,6.3,0,2,7.0,Healthy,No,High
7099,5.2,8.9,-0.1,2,1,,Unhealthy,Yes,High
7100,4.2,9.1,5.4,2,3,8.0,Healthy,No,High
7101,6.6,10.5,5.1,2,2,3.0,Unhealthy,No,Low
7102,6.7,8.9,7.6,4,1,8.0,Unhealthy,Yes,High
7103,7.2,3.4,5.1,1,2,4.0,Unhealthy,Yes,Medium
7104,6.4,15.6,8.2,1,4,7.0,Healthy,Yes,High
7105,8.3,12.6,7.1,5,1,5.0,Healthy,Yes,Medium
7106,6.2,5.1,4.0,1,4,4.0,Healthy,No,Medium
7107,3.1,8.0,5.7,5,1,4.0,Unhealthy,Yes,Medium
7108,6.7,8.3,4.4,4,4,6.0,Healthy,No,Medium
7109,2.3,12.2,6.4,0,0,2.0,Healthy,No,Low
7110,7.7,2.5,4.4,1,4,5.0,Healthy,No,Medium
7111,5.0,7.5,6.1,1,0,8.0,Unhealthy,Yes,High
7112,7.3,3.7,5.5,3,5,2.0,Unhealthy,No,Low
7113,9.6,8.1,5.7,5,2,5.0,Healthy,No,Medium
7114,5.1,7.6,10.1,5,3,7.0,Healthy,No,High
7115,9.1,9.2,5.3,3,3,5.0,Healthy,No,Medium
7116,6.1,7.2,2.1,0,3,10.0,Unhealthy,No,High
7117,10.5,6.7,8.0,2,0,9.0,Healthy,No,High
7118,6.3,10.9,8.0,2,3,9.0,Unhealthy,No,High
7119,5.3,10.4,2.0,3,3,8.0,Unhealthy,No,High
7120,8.4,10.7,4.6,3,4,9.0,Unhealthy,No,High
7121,6.1,8.5,6.9,0,5,2.0,Unhealthy,Yes,Low
7122,5.3,7.3,7.0,0,3,3.0,Unhealthy,Yes,Low
7123,6.0,8.6,6.0,4,0,4.0,Unhealthy,Yes,Medium
7124,6.9,10.5,6.0,2,4,5.0,Healthy,No,Medium
7125,9.7,2.5,4.1,4,0,10.0,Unhealthy,No,High
7126,3.1,10.2,1.2,1,1,2.0,Unhealthy,No,Low
7127,7.0,9.9,10.1,5,3,10.0,Unhealthy,Yes,High
7128,8.2,9.2,4.1,5,0,4.0,Healthy,Yes,Medium
7129,7.4,8.6,,0,0,4.0,Unhealthy,Yes,Medium
7130,9.6,1.3,5.7,2,4,5.0,Unhealthy,Yes,Medium
7131,6.9,7.7,7.8,2,1,6.0,Unhealthy,No,Medium
7132,6.6,14.4,6.2,4,1,1.0,Unhealthy,No,Low
7133,8.2,9.0,6.3,3,3,6.0,Healthy,Yes,Medium
7134,7.2,8.1,,3,5,9.0,Unhealthy,No,High
7135,6.2,9.1,4.3,0,2,3.0,Unhealthy,Yes,Low
7136,8.0,10.1,7.5,5,2,2.0,Unhealthy,No,Low
7137,5.7,11.0,7.3,3,4,8.0,Healthy,No,High
7138,5.8,8.3,4.1,1,3,2.0,Healthy,Yes,Low
7139,5.9,10.3,2.8,2,4,8.0,Unhealthy,No,High
7140,9.7,14.0,6.3,3,5,10.0,Healthy,Yes,High
7141,0.6,12.0,0.2,0,3,4.0,Healthy,Yes,Medium
7142,,16.0,3.7,1,1,9.0,Unhealthy,Yes,High
7143,7.1,7.0,9.5,5,2,4.0,Unhealthy,Yes,Medium
7144,3.6,14.0,8.9,5,0,1.0,Unhealthy,no,Low
7145,7.6,6.6,7.0,4,2,8.0,Healthy,No,High
7146,8.0,10.1,6.6,4,3,1.0,Healthy,Yes,Low
7147,8.2,11.2,2.1,1,5,5.0,Healthy,No,Medium
7148,1.7,7.5,4.5,0,2,,Healthy,No,High
7149,9.7,9.3,5.4,4,0,3.0,Unhealthy,Yes,Low
7150,5.5,11.7,,2,1,6.0,Unhealthy,Yes,Medium
7151,8.4,6.9,5.3,5,1,1.0,Healthy,Yes,Low
7152,8.5,14.0,8.6,5,3,6.0,Unhealthy,No,Medium
7153,5.2,4.8,4.9,2,2,5.0,Unhealthy,No,Medium
7154,8.3,24.0,5.3,5,3,2.0,Unhealthy,Yes,Low
7155,6.2,12.0,7.5,5,2,4.0,Healthy,Yes,Medium
7156,2.9,8.7,3.2,5,4,7.0,Unhealthy,No,High
7157,9.3,7.8,,0,3,6.0,Unhealthy,Yes,Medium
7158,5.4,7.5,4.5,0,2,10.0,Healthy,Yes,High
7159,5.3,8.6,6.1,2,4,6.0,Unhealthy,No,Medium
7160,6.2,8.9,5.3,0,3,9.0,Unhealthy,No,High
7161,7.5,12.8,5.4,1,1,2.0,Healthy,Yes,Low
7162,6.9,14.9,4.7,0,5,1.0,Unhealthy,Yes,Low
7163,8.1,9.6,3.9,5,4,2.0,Unhealthy,No,Low
7164,4.3,6.5,7.2,2,3,3.0,Healthy,Yes,Low
7165,5.5,7.4,5.3,3,0,9.0,Unhealthy,Yes,High
7166,6.8,8.5,7.2,0,5,10.0,Unhealthy,Yes,High
7167,10.8,5.9,3.8,4,1,9.0,Healthy,Yes,High
7168,6.8,5.5,4.7,1,5,5.0,Healthy,Yes,Medium
7169,9.2,15.3,5.6,1,5,7.0,Healthy,Yes,High
7170,7.1,9.9,5.7,1,4,3.0,Healthy,No,Low
7171,6.0,6.5,7.5,4,2,10.0,Healthy,Yes,High
7172,6.5,11.4,5.1,4,0,2.0,Healthy,No,Low
7173,6.7,5.5,7.5,1,2,6.0,Healthy,No,Medium
7174,8.2,5.7,6.7,1,5,6.0,Healthy,Yes,Medium
7175,,6.6,5.8,1,0,5.0,Unhealthy,Yes,Medium
7176,7.7,14.0,4.1,0,3,1.0,Healthy,No,Low
7177,9.4,8.2,7.5,5,3,10.0,Healthy,No,High
7178,5.1,1.7,4.1,4,2,2.0,Unhealthy,Yes,Low
7179,6.2,12.6,6.0,2,5,7.0,Healthy,Yes,High
7180,5.6,8.1,5.9,5,2,10.0,Healthy,Yes,High
7181,7.6,3.5,5.6,0,2,2.0,Healthy,No,Low
7182,6.3,8.0,5.2,2,4,5.0,Healthy,Yes,Medium
7183,8.5,10.6,4.4,0,5,10.0,Unhealthy,Yes,High
7184,5.1,10.2,2.8,0,1,4.0,Healthy,Yes,Medium
7185,7.1,14.4,8.8,2,2,10.0,Healthy,No,High
7186,8.4,6.4,5.0,1,3,1.0,Healthy,No,Low
7187,2.9,9.1,5.7,5,5,5.0,Healthy,No,Medium
7188,11.2,6.9,5.7,2,5,1.0,Unhealthy,Yes,Low
7189,6.4,4.4,8.2,3,5,3.0,Healthy,Yes,Low
7190,2.9,11.7,9.9,4,3,9.0,Unhealthy,Yes,High
7191,7.3,10.4,6.3,3,2,7.0,Healthy,No,High
7192,7.1,9.9,5.7,5,5,2.0,Unhealthy,Yes,Low
7193,6.8,10.3,3.8,0,5,5.0,Healthy,No,Medium
7194,9.0,6.9,3.1,2,2,4.0,Healthy,Yes,Medium
7195,8.5,6.0,2.5,1,3,7.0,Unhealthy,Yes,High
7196,7.6,9.1,4.4,5,4,4.0,Healthy,Yes,Medium
7197,7.9,12.5,1.8,1,5,9.0,Healthy,No,High
7198,6.8,13.8,8.2,3,0,3.0,Unhealthy,Yes,Low
7199,10.6,11.4,6.8,3,3,6.0,Healthy,Yes,Medium
7200,4.0,9.1,5.5,0,0,5.0,Healthy,No,Medium
7201,7.3,9.8,8.2,4,2,10.0,Healthy,No,High
7202,7.1,9.0,3.9,0,1,8.0,Unhealthy,No,High
7203,8.6,5.9,4.4,5,2,1.0,Unhealthy,No,Low
7204,5.3,9.1,2.1,1,2,10.0,Healthy,No,High
7205,3.5,5.0,7.5,5,2,2.0,Unhealthy,Yes,Low
7206,7.3,8.6,4.4,2,5,7.0,Unhealthy,Yes,High
7207,7.6,13.9,6.0,3,3,1.0,healthy,Yes,Low
7208,10.0,11.5,8.0,1,3,5.0,Unhealthy,No,Medium
7209,4.5,6.2,8.7,0,1,8.0,Healthy,No,High
7210,9.3,8.8,5.9,4,0,10.0,Healthy,No,High
7211,11.7,6.5,6.8,2,0,5.0,Unhealthy,Yes,Medium
7212,6.2,8.8,4.2,4,0,5.0,Unhealthy,No,Medium
7213,4.4,12.1,9.4,0,2,,Healthy,Yes,High
7214,6.2,11.0,5.7,0,1,5.0,Unhealthy,No,Medium
7215,7.0,16.5,6.2,1,2,1.0,Healthy,Yes,Low
7216,8.1,12.6,5.2,2,1,3.0,Healthy,Yes,Low
7217,5.8,9.6,8.4,5,4,5.0,Healthy,No,Medium
7218,10.1,11.0,6.4,0,3,8.0,Healthy,No,High
7219,4.8,8.4,7.5,1,5,10.0,Healthy,No,High
7220,3.5,5.6,6.7,0,5,2.0,Healthy,Yes,Low
7221,9.2,12.9,5.6,1,5,4.0,Healthy,No,Medium
7222,2.5,12.0,7.9,4,2,4.0,Healthy,Yes,Medium
7223,6.6,8.3,6.7,1,4,3.0,Unhealthy,No,Low
7224,13.2,9.8,4.1,5,0,6.0,Healthy,No,Medium
7225,7.0,12.7,4.0,4,5,10.0,Unhealthy,Yes,High
7226,4.8,11.5,6.3,3,4,2.0,Unhealthy,No,Low
7227,6.9,4.6,7.8,0,5,3.0,Unhealthy,no,Low
7228,6.9,9.7,9.3,3,3,2.0,Unhealthy,Yes,Low
7229,7.3,8.5,2.4,2,5,,Unhealthy,No,High
7230,8.3,12.3,6.1,3,3,8.0,Healthy,Yes,High
7231,4.9,12.1,7.0,1,5,2.0,Healthy,No,Low
7232,10.4,13.0,6.6,1,5,5.0,Healthy,No,Medium
7233,7.5,5.6,8.0,2,3,4.0,Unhealthy,Yes,Medium
7234,8.5,6.6,7.3,2,5,1.0,Healthy,Yes,Low
7235,5.7,12.3,4.0,0,4,7.0,Unhealthy,Yes,High
7236,,7.2,4.0,1,0,6.0,Healthy,Yes,Medium
7237,6.5,4.4,6.6,2,2,10.0,Unhealthy,Yes,High
7238,7.6,10.6,8.0,5,5,1.0,Unhealthy,No,Low
7239,5.1,7.4,6.3,3,0,9.0,Unhealthy,Yes,High
7240,5.0,14.4,2.8,1,1,4.0,Healthy,Yes,Medium
7241,8.4,9.9,3.9,5,1,1.0,Unhealthy,Yes,Low
7242,6.1,9.5,7.4,2,2,8.0,Healthy,No,High
7243,5.3,7.9,5.3,0,5,1.0,Healthy,No,Low
7244,5.7,13.8,6.2,5,5,2.0,Unhealthy,Yes,Low
7245,8.4,10.1,8.1,4,3,5.0,Unhealthy,Yes,Medium
7246,5.7,7.8,3.6,1,2,,Healthy,Yes,Low
7247,6.8,6.6,5.2,1,4,1.0,Unhealthy,Yes,Low
7248,7.0,8.8,5.0,1,5,6.0,Healthy,Yes,Medium
7249,3.2,24.0,6.7,1,3,1.0,Healthy,No,Low
7250,4.1,12.1,7.5,4,2,5.0,Healthy,Yes,Medium
7251,7.7,3.6,3.0,4,2,10.0,Healthy,No,High
7252,5.5,8.6,6.0,5,4,5.0,Unhealthy,No,Medium
7253,9.1,10.8,7.7,5,4,2.0,Unhealthy,Yes,Low
7254,8.9,10.0,2.3,0,0,3.0,Healthy,no,Low
7255,8.4,6.8,5.9,1,1,3.0,Unhealthy,Yes,Low
7256,10.6,11.0,3.6,2,2,3.0,Unhealthy,No,Low
7257,6.8,6.3,4.7,3,0,3.0,Unhealthy,No,Low
7258,8.3,8.9,1.0,1,3,4.0,Healthy,No,Medium
7259,5.8,11.0,8.8,5,3,10.0,Healthy,Yes,High
7260,11.9,10.4,5.3,4,1,1.0,Healthy,No,Low
7261,11.0,7.0,4.4,0,3,4.0,Healthy,Yes,Medium
7262,7.0,12.6,6.7,1,1,4.0,Unhealthy,Yes,Medium
7263,7.8,9.3,3.9,0,3,8.0,Healthy,No,High
7264,9.7,11.2,3.7,2,3,4.0,Healthy,No,Medium
7265,6.7,13.6,9.0,2,2,5.0,Unhealthy,No,Medium
7266,5.7,12.4,9.6,2,4,4.0,Healthy,No,Medium
7267,8.7,12.4,4.8,2,2,5.0,Healthy,No,Medium
7268,7.2,9.6,8.1,3,0,3.0,Healthy,Yes,Low
7269,7.4,11.4,6.7,0,4,3.0,Healthy,No,Low
7270,5.3,9.6,3.2,1,2,8.0,Healthy,Yes,High
7271,3.6,5.4,4.1,3,4,1.0,Unhealthy,Yes,Low
7272,7.5,9.9,9.1,1,4,3.0,Unhealthy,Yes,Low
7273,8.8,9.8,3.1,4,4,2.0,Healthy,No,Low
7274,6.5,10.8,10.6,5,3,10.0,Unhealthy,Yes,High
7275,9.9,8.6,4.9,3,4,6.0,Unhealthy,No,Medium
7276,5.6,6.7,9.2,5,3,8.0,Unhealthy,Yes,High
7277,4.9,11.0,5.4,3,5,6.0,Healthy,No,Medium
7278,6.9,5.1,,5,4,4.0,Unhealthy,No,Medium
7279,6.8,13.4,8.8,5,3,3.0,Unhealthy,Yes,Low
7280,8.5,8.3,8.8,4,4,4.0,Unhealthy,Yes,Medium
7281,5.5,9.7,4.8,5,0,8.0,Unhealthy,Yes,High
7282,9.7,10.7,4.3,3,2,9.0,Healthy,No,High
7283,10.9,10.8,5.8,5,5,8.0,Healthy,No,High
7284,6.9,4.8,3.4,0,4,9.0,Unhealthy,No,High
7285,9.5,11.5,6.5,5,0,8.0,Unhealthy,No,High
7286,4.9,9.9,4.4,2,2,5.0,Healthy,No,Medium
7287,9.2,7.1,8.2,5,1,5.0,Healthy,Yes,Medium
7288,9.1,6.8,4.9,1,5,1.0,Unhealthy,Yes,Low
7289,8.7,8.0,20.0,4,5,8.0,Unhealthy,No,High
7290,7.0,5.1,8.8,2,4,2.0,Unhealthy,Yes,Low
7291,1.1,14.2,,3,1,6.0,Unhealthy,Yes,Medium
7292,5.7,13.5,6.1,0,2,6.0,Unhealthy,No,Medium
7293,5.7,10.4,8.2,5,2,10.0,Healthy,No,High
7294,5.0,8.3,7.7,5,4,4.0,Healthy,No,Medium
7295,7.2,8.4,4.5,3,0,,Unhealthy,Yes,High
7296,6.2,11.3,5.1,4,4,3.0,Unhealthy,No,Low
7297,5.4,14.3,,3,0,,Healthy,No,High
7298,4.9,7.3,3.1,0,4,2.0,Unhealthy,Yes,Low
7299,5.6,5.6,7.2,5,0,5.0,Healthy,No,Medium
7300,9.2,13.6,6.8,3,3,6.0,Unhealthy,Yes,Medium
7301,5.7,3.6,7.5,3,0,2.0,Unhealthy,No,Low
7302,6.0,6.0,8.6,5,0,7.0,Healthy,No,High
7303,6.1,8.3,7.5,3,2,5.0,Healthy,No,Medium
7304,7.7,4.3,7.7,5,1,10.0,Unhealthy,No,High
7305,7.9,12.3,1.8,3,4,4.0,Healthy,No,Medium
7306,0.9,11.6,5.4,0,2,4.0,Healthy,No,Medium
7307,9.0,7.3,7.9,1,1,2.0,Healthy,No,Low
7308,9.9,12.8,3.7,2,2,,Unhealthy,Yes,High
7309,4.9,13.3,6.2,4,5,1.0,Unhealthy,Yes,Low
7310,5.1,8.7,7.0,1,2,1.0,Healthy,Yes,Low
7311,6.1,7.6,6.9,0,4,4.0,Unhealthy,No,Medium
7312,5.5,15.8,6.7,4,5,3.0,Healthy,Yes,Low
7313,7.4,11.2,7.2,4,3,9.0,Healthy,Yes,High
7314,3.1,9.8,6.4,5,2,7.0,Healthy,Yes,High
7315,4.8,13.1,3.1,5,4,2.0,Healthy,Yes,Low
7316,10.1,9.9,7.0,3,0,4.0,Healthy,Yes,Medium
7317,5.1,7.5,6.6,2,1,5.0,Unhealthy,No,Medium
7318,9.5,24.0,3.1,5,4,10.0,Unhealthy,Yes,High
7319,7.7,12.1,8.8,2,3,4.0,Unhealthy,Yes,Medium
7320,3.4,3.0,7.1,0,4,4.0,Unhealthy,Yes,Medium
7321,8.3,8.1,3.2,5,4,4.0,Healthy,No,Medium
7322,6.8,13.1,4.4,1,0,8.0,Unhealthy,No,High
7323,6.1,7.5,4.9,3,1,7.0,Healthy,Yes,High
7324,7.5,13.6,4.9,2,5,4.0,Healthy,No,Medium
7325,7.9,13.2,6.6,3,1,1.0,Healthy,No,Low
7326,8.4,8.8,4.0,1,3,6.0,Unhealthy,Yes,Medium
7327,9.4,7.3,,4,5,5.0,Unhealthy,No,Medium
7328,,8.1,8.1,1,5,5.0,Healthy,Yes,Medium
7329,4.2,17.0,7.2,4,1,6.0,Unhealthy,No,Medium
7330,6.1,14.6,6.1,1,0,8.0,Unhealthy,No,High
7331,12.9,9.4,7.9,3,3,6.0,Healthy,No,Medium
7332,8.4,7.2,5.4,1,0,6.0,Unhealthy,Yes,Medium
7333,11.7,9.4,4.6,5,0,7.0,Unhealthy,No,High
7334,9.8,9.7,8.4,2,5,8.0,Unhealthy,No,High
7335,7.5,5.3,6.6,2,4,4.0,Healthy,No,Medium
7336,7.6,9.2,4.6,0,4,7.0,Healthy,No,High
7337,6.9,13.0,,5,4,8.0,Unhealthy,No,High
7338,3.5,3.6,4.5,2,5,6.0,Unhealthy,Yes,Medium
7339,7.0,11.5,10.0,2,2,9.0,healthy,No,High
7340,9.4,13.1,6.0,4,0,6.0,Unhealthy,No,Medium
7341,5.8,7.3,6.3,5,1,4.0,Unhealthy,Yes,Medium
7342,7.8,14.1,7.4,3,3,6.0,Unhealthy,Yes,Medium
7343,8.7,6.9,3.6,3,2,2.0,Healthy,Yes,Low
7344,5.2,10.3,8.2,4,4,8.0,Unhealthy,no,High
7345,6.1,8.1,4.8,2,5,6.0,Healthy,Yes,Medium
7346,5.0,8.1,9.7,1,2,4.0,Unhealthy,No,Medium
7347,5.4,7.1,5.4,4,5,7.0,Healthy,No,High
7348,4.4,11.1,8.1,3,2,8.0,Healthy,Yes,High
7349,5.2,11.5,1.0,0,0,3.0,Healthy,Yes,Low
7350,9.8,8.8,3.6,3,0,10.0,Unhealthy,Yes,High
7351,5.2,4.9,5.4,1,5,3.0,Healthy,No,Low
7352,7.3,10.2,1.9,3,1,10.0,Healthy,No,High
7353,6.0,10.3,7.2,4,3,3.0,Healthy,no,Low
7354,9.4,8.3,6.6,0,3,3.0,Healthy,No,Low
7355,9.6,14.6,4.0,3,4,2.0,Unhealthy,Yes,Low
7356,8.7,4.3,6.0,4,1,5.0,Healthy,No,Medium
7357,7.6,2.3,7.6,4,3,6.0,Healthy,No,Medium
7358,6.5,6.8,1.8,4,2,1.0,Healthy,Yes,Low
7359,4.6,11.1,3.5,0,2,6.0,Healthy,Yes,Medium
7360,10.9,5.8,5.3,4,3,7.0,Healthy,No,High
7361,5.5,6.1,6.0,0,2,2.0,Unhealthy,No,Low
7362,8.3,11.9,5.9,5,5,1.0,Healthy,No,Low
7363,9.1,10.4,7.8,1,2,7.0,Unhealthy,Yes,High
7364,5.9,10.1,7.0,1,5,6.0,Unhealthy,No,Medium
7365,9.1,11.3,7.4,1,4,3.0,Healthy,No,Low
7366,8.5,7.7,3.2,5,2,2.0,Unhealthy,Yes,Low
7367,10.5,7.9,6.3,4,5,2.0,Unhealthy,Yes,Low
7368,6.1,11.4,5.4,0,3,2.0,Healthy,Yes,Low
7369,4.4,5.0,8.9,5,0,8.0,Healthy,No,High
7370,6.0,2.6,6.3,1,2,1.0,Healthy,Yes,Low
7371,7.4,7.7,4.7,2,3,3.0,Unhealthy,Yes,Low
7372,7.1,11.8,7.7,1,2,8.0,Healthy,Yes,High
7373,6.2,9.8,7.1,4,1,6.0,Unhealthy,No,Medium
7374,3.2,11.6,4.4,5,5,7.0,Healthy,Yes,High
7375,7.9,3.0,5.3,2,4,2.0,Healthy,Yes,Low
7376,10.9,9.9,5.3,5,0,9.0,Unhealthy,Yes,High
7377,7.9,11.0,8.5,3,5,7.0,Healthy,no,High
7378,8.2,4.9,6.4,2,2,3.0,Unhealthy,Yes,Low
7379,8.1,11.6,7.5,3,3,9.0,Unhealthy,Yes,High
7380,7.8,8.7,5.0,2,0,3.0,Healthy,No,Low
7381,8.9,18.2,6.7,0,2,10.0,Unhealthy,No,High
7382,7.8,2.5,8.6,2,1,8.0,Healthy,Yes,High
7383,6.4,13.1,5.3,1,3,7.0,Healthy,No,High
7384,5.4,7.8,6.2,3,4,3.0,Healthy,Yes,Low
7385,6.5,4.1,3.3,3,2,5.0,Unhealthy,No,Medium
7386,7.6,7.4,4.5,5,3,7.0,Unhealthy,No,High
7387,6.4,9.8,5.3,1,2,3.0,Unhealthy,No,Low
7388,7.6,12.1,3.9,0,4,2.0,Healthy,Yes,Low
7389,7.9,14.2,8.6,2,1,9.0,Healthy,No,High
7390,8.7,13.3,4.3,0,5,2.0,Healthy,Yes,Low
7391,9.6,6.1,7.6,1,4,3.0,Unhealthy,No,Low
7392,,12.4,6.4,2,4,1.0,Unhealthy,Yes,Low
7393,4.4,10.2,6.1,1,4,1.0,Healthy,No,Low
7394,6.3,7.0,9.0,3,5,1.0,Healthy,Yes,Low
7395,7.1,8.4,1.5,3,0,10.0,Unhealthy,Yes,High
7396,3.3,6.9,5.6,3,3,3.0,Unhealthy,Yes,Low
7397,9.8,9.1,3.8,4,2,6.0,Unhealthy,Yes,Medium
7398,7.3,6.8,2.1,4,5,10.0,Unhealthy,Yes,High
7399,7.8,5.9,3.6,3,1,3.0,Healthy,No,Low
7400,9.7,10.4,6.0,4,2,4.0,Unhealthy,Yes,Medium
7401,5.7,10.9,4.5,4,0,2.0,Unhealthy,No,Low
7402,,8.4,7.8,5,1,7.0,Healthy,No,High
7403,6.8,13.1,5.6,1,0,4.0,Healthy,No,Medium
7404,6.6,8.2,5.4,5,2,1.0,Healthy,No,Low
7405,5.5,8.1,5.4,2,1,4.0,Healthy,No,Medium
7406,10.3,11.0,5.8,3,5,4.0,Unhealthy,Yes,Medium
7407,6.2,8.6,5.2,5,2,3.0,Healthy,No,Low
7408,8.4,9.3,4.3,5,3,8.0,Unhealthy,Yes,High
7409,3.2,1.4,,4,0,7.0,Unhealthy,Yes,High
7410,9.4,9.1,4.8,1,3,10.0,Unhealthy,No,High
7411,9.1,3.5,5.2,1,3,10.0,Healthy,no,High
7412,7.2,5.3,6.9,5,2,3.0,Healthy,No,Low
7413,6.5,5.0,6.6,2,2,4.0,Unhealthy,Yes,Medium
7414,7.8,5.9,4.2,1,4,8.0,Unhealthy,Yes,High
7415,11.6,7.4,7.5,0,4,10.0,Healthy,No,High
7416,3.5,7.5,7.1,0,1,3.0,Healthy,Yes,Low
7417,8.6,11.0,6.4,3,2,5.0,Unhealthy,Yes,Medium
7418,5.2,9.7,5.1,5,0,5.0,Healthy,Yes,Medium
7419,7.0,3.3,5.2,2,2,5.0,Healthy,No,Medium
7420,6.5,9.2,5.6,5,2,5.0,Unhealthy,No,Medium
7421,6.1,10.0,3.5,0,5,9.0,Healthy,Yes,High
7422,7.0,8.0,5.9,2,3,10.0,Unhealthy,Yes,High
7423,4.7,8.8,7.8,3,3,5.0,Healthy,No,Medium
7424,9.1,9.6,7.8,1,4,9.0,Unhealthy,Yes,High
7425,3.4,11.3,5.2,1,5,9.0,Unhealthy,No,High
7426,8.1,4.3,8.1,1,1,10.0,Healthy,No,High
7427,6.3,8.3,9.8,0,1,4.0,Healthy,Yes,Medium
7428,4.7,13.5,5.4,2,2,9.0,Healthy,No,High
7429,7.4,13.2,7.4,0,5,2.0,Unhealthy,No,Low
7430,3.9,11.6,1.5,4,0,3.0,Healthy,Yes,Low
7431,7.1,10.6,3.5,2,3,1.0,Unhealthy,No,Low
7432,4.2,14.0,6.2,3,0,7.0,Unhealthy,Yes,High
7433,7.9,14.8,4.0,0,5,10.0,Healthy,Yes,High
7434,5.2,8.6,10.1,1,3,9.0,Unhealthy,No,High
7435,6.1,6.1,7.2,1,5,3.0,Unhealthy,No,Low
7436,7.6,8.2,7.9,1,5,8.0,healthy,Yes,High
7437,5.5,18.3,5.9,0,2,1.0,Healthy,No,Low
7438,6.9,4.3,4.0,0,1,6.0,Healthy,Yes,Medium
7439,4.0,7.6,5.0,1,5,6.0,Healthy,Yes,Medium
7440,8.3,4.8,6.5,1,2,5.0,Healthy,Yes,Medium
7441,10.5,9.4,4.7,1,3,4.0,Healthy,Yes,Medium
7442,12.6,5.4,7.3,4,5,3.0,Healthy,No,Low
7443,7.2,8.7,7.4,0,1,4.0,Healthy,Yes,Medium
7444,8.6,3.1,6.0,1,0,7.0,Healthy,No,High
7445,3.4,10.9,2.3,3,0,7.0,Unhealthy,Yes,High
7446,10.0,12.7,9.4,1,4,3.0,Unhealthy,Yes,Low
7447,8.6,7.8,5.6,0,0,10.0,Healthy,Yes,High
7448,6.0,8.6,11.4,3,4,3.0,Unhealthy,Yes,Low
7449,9.5,8.5,7.3,5,1,3.0,Unhealthy,No,Low
7450,6.5,9.5,5.6,5,2,5.0,Healthy,Yes,Medium
7451,6.1,8.9,6.9,5,5,1.0,Healthy,Yes,Low
7452,8.0,11.3,2.0,0,5,10.0,Healthy,No,High
7453,4.9,12.7,8.1,0,2,7.0,Healthy,Yes,High
7454,9.0,6.6,11.1,0,5,8.0,Healthy,No,High
7455,4.9,8.1,1.8,2,1,7.0,Healthy,Yes,High
7456,4.9,11.7,5.4,3,5,8.0,Healthy,Yes,High
7457,5.2,4.7,,4,5,9.0,Unhealthy,Yes,High
7458,8.5,3.1,7.8,4,1,4.0,Healthy,Yes,Medium
7459,5.8,9.7,10.2,2,3,3.0,Unhealthy,Yes,Low
7460,4.3,10.5,6.8,0,0,7.0,Unhealthy,Yes,High
7461,5.8,6.8,10.3,4,0,9.0,Healthy,Yes,High
7462,6.9,7.3,6.3,3,0,9.0,Healthy,Yes,High
7463,4.6,6.7,6.9,1,4,8.0,Unhealthy,Yes,High
7464,4.7,6.4,6.7,3,0,3.0,Healthy,No,Low
7465,11.2,11.1,,0,5,6.0,Unhealthy,Yes,Medium
7466,5.3,5.5,5.2,3,5,2.0,Unhealthy,No,Low
7467,6.4,8.2,20.0,5,3,6.0,Unhealthy,No,Medium
7468,6.3,6.3,3.5,0,2,5.0,Unhealthy,No,Medium
7469,6.2,4.6,5.4,3,2,4.0,Unhealthy,No,Medium
7470,8.2,11.6,4.7,2,5,,Healthy,Yes,Low
7471,,7.4,6.2,3,4,8.0,Unhealthy,Yes,High
7472,6.4,9.6,5.4,5,3,10.0,Unhealthy,Yes,High
7473,4.5,4.5,8.3,4,1,6.0,Healthy,Yes,Medium
7474,9.5,6.8,4.2,1,5,9.0,Unhealthy,Yes,High
7475,6.8,11.3,2.5,2,2,3.0,Healthy,No,Low
7476,10.5,16.8,3.3,3,3,5.0,Healthy,No,Medium
7477,2.5,3.1,8.0,0,1,4.0,Unhealthy,No,Medium
7478,7.4,8.4,4.1,2,4,6.0,Healthy,Yes,Medium
7479,10.8,10.2,6.8,4,5,2.0,Unhealthy,Yes,Low
7480,6.3,7.2,5.4,1,0,6.0,Unhealthy,No,Medium
7481,6.5,11.5,7.6,5,5,3.0,Unhealthy,No,Low
7482,7.6,6.4,5.5,1,3,8.0,Unhealthy,No,High
7483,5.9,9.5,11.5,3,5,10.0,Unhealthy,No,High
7484,6.4,7.4,9.8,5,2,10.0,Healthy,Yes,High
7485,6.3,12.7,5.4,4,4,6.0,Healthy,No,Medium
7486,5.7,7.0,5.1,4,5,8.0,Unhealthy,No,High
7487,9.5,7.9,12.3,1,3,7.0,Unhealthy,No,High
7488,7.9,11.8,3.8,1,4,6.0,Unhealthy,No,Medium
7489,7.5,5.9,5.9,4,1,9.0,Unhealthy,No,High
7490,8.6,9.2,6.0,1,3,,Healthy,Yes,High
7491,6.5,3.5,6.0,0,5,10.0,Unhealthy,No,High
7492,5.5,5.7,2.5,1,5,10.0,Unhealthy,No,High
7493,5.8,10.1,7.0,0,0,4.0,Healthy,No,Medium
7494,7.0,6.0,4.1,5,1,8.0,Healthy,No,High
7495,4.9,7.4,8.9,1,0,3.0,Healthy,Yes,Low
7496,6.0,10.5,3.1,2,4,,Healthy,No,Medium
7497,6.0,7.3,6.1,2,0,3.0,Healthy,No,Low
7498,11.2,11.5,1.6,5,1,10.0,Unhealthy,Yes,High
7499,1.5,9.6,1.7,5,1,4.0,Unhealthy,Yes,Medium
7500,6.6,10.3,4.3,2,1,5.0,Unhealthy,No,Medium
7501,10.5,12.7,4.6,5,5,8.0,Unhealthy,Yes,High
7502,7.2,10.0,8.9,0,4,10.0,healthy,Yes,High
7503,8.5,13.6,,0,2,8.0,Healthy,Yes,High
7504,7.2,11.7,8.6,3,4,3.0,Healthy,Yes,Low
7505,5.7,7.4,5.2,3,1,8.0,Healthy,Yes,High
7506,2.5,12.9,7.2,1,4,10.0,Healthy,No,High
7507,7.4,9.8,4.5,0,3,4.0,Unhealthy,Yes,Medium
7508,5.4,7.8,4.4,2,3,2.0,Unhealthy,Yes,Low
7509,5.4,9.8,2.4,2,2,3.0,Unhealthy,Yes,Low
7510,6.0,12.3,6.7,2,4,8.0,Healthy,No,High
7511,10.5,10.4,6.5,1,5,5.0,Unhealthy,Yes,Medium
7512,11.8,14.5,20.0,0,4,2.0,Unhealthy,No,Low
7513,7.4,12.3,6.4,5,3,7.0,Unhealthy,Yes,High
7514,6.1,10.6,10.1,1,1,5.0,Healthy,No,Medium
7515,4.6,5.9,6.4,5,0,6.0,Healthy,No,Medium
7516,7.9,8.5,8.0,4,1,2.0,Healthy,no,Low
7517,10.6,9.2,5.4,4,2,7.0,Unhealthy,Yes,High
7518,,11.1,4.2,3,0,1.0,Unhealthy,No,Low
7519,2.2,10.9,7.4,5,1,10.0,Healthy,No,High
7520,8.3,9.5,5.8,0,4,10.0,Unhealthy,No,High
7521,9.0,9.4,7.7,5,5,5.0,Unhealthy,Yes,Medium
7522,3.8,11.2,6.7,5,4,9.0,Unhealthy,No,High
7523,7.4,6.4,4.4,2,3,7.0,Unhealthy,Yes,High
7524,7.9,14.1,8.1,0,4,9.0,Healthy,No,High
7525,6.9,2.9,4.3,5,4,9.0,Unhealthy,Yes,High
7526,5.4,13.4,7.3,5,2,1.0,Healthy,Yes,Low
7527,9.0,8.9,8.6,5,5,8.0,Healthy,No,High
7528,6.2,12.0,5.2,3,0,7.0,Unhealthy,Yes,High
7529,4.0,10.1,8.3,2,1,2.0,Healthy,No,Low
7530,2.9,10.0,6.8,1,1,3.0,Healthy,Yes,Low
7531,9.5,10.7,7.7,2,2,6.0,Unhealthy,Yes,Medium
7532,8.2,11.4,4.3,5,0,3.0,Healthy,No,Low
7533,7.2,8.0,6.4,5,4,8.0,Unhealthy,Yes,High
7534,6.1,12.1,3.2,4,5,4.0,Unhealthy,Yes,Medium
7535,5.9,5.7,9.4,1,2,7.0,Unhealthy,Yes,High
7536,4.8,9.0,2.0,5,4,4.0,Unhealthy,Yes,Medium
7537,6.1,11.5,5.3,2,1,2.0,Unhealthy,Yes,Low
7538,2.8,12.0,4.1,1,2,7.0,Healthy,Yes,High
7539,5.5,10.4,7.3,4,5,8.0,Healthy,No,High
7540,6.4,7.8,9.8,4,2,1.0,Healthy,No,Low
7541,8.2,11.7,7.3,0,2,5.0,Healthy,No,Medium
7542,6.9,7.0,11.9,5,1,10.0,Unhealthy,No,High
7543,8.6,14.3,3.2,4,5,8.0,Healthy,Yes,High
7544,9.7,8.7,3.4,4,1,1.0,Healthy,No,Low
7545,9.1,4.4,4.2,4,3,3.0,Unhealthy,Yes,Low
7546,7.9,5.4,6.2,5,5,2.0,Unhealthy,No,Low
7547,7.0,9.1,3.9,3,1,3.0,Healthy,Yes,Low
7548,5.0,9.4,4.5,4,5,3.0,Unhealthy,Yes,Low
7549,8.5,14.9,7.2,0,1,3.0,Unhealthy,No,Low
7550,10.4,5.9,3.5,1,4,1.0,Healthy,Yes,Low
7551,7.7,9.1,3.7,3,1,3.0,Healthy,Yes,Low
7552,10.8,5.8,5.2,1,5,2.0,Healthy,No,Low
7553,3.9,7.5,5.4,1,0,9.0,Unhealthy,Yes,High
7554,4.7,14.1,8.0,0,4,10.0,Healthy,Yes,High
7555,8.7,5.6,4.2,3,5,8.0,Healthy,No,High
7556,7.5,10.8,4.6,5,5,6.0,Healthy,Yes,Medium
7557,9.6,10.2,7.2,2,5,7.0,Healthy,No,High
7558,7.0,8.9,7.6,4,3,1.0,Healthy,Yes,Low
7559,5.3,10.6,8.9,1,0,7.0,Healthy,no,High
7560,6.6,5.5,6.9,1,3,8.0,Healthy,No,High
7561,3.9,14.0,6.3,0,2,8.0,Healthy,No,High
7562,4.7,14.8,7.2,5,2,6.0,Unhealthy,No,Medium
7563,8.9,9.1,5.5,0,2,7.0,Unhealthy,Yes,High
7564,8.7,16.3,5.5,0,1,2.0,Unhealthy,Yes,Low
7565,7.7,7.8,2.5,3,1,4.0,Unhealthy,No,Medium
7566,3.6,10.2,7.8,5,4,8.0,Unhealthy,Yes,High
7567,6.3,13.3,6.4,4,0,4.0,Healthy,No,Medium
7568,4.6,7.6,7.6,3,0,8.0,Healthy,No,High
7569,9.4,4.9,0.4,0,5,10.0,Healthy,No,High
7570,,4.2,5.9,0,2,4.0,Unhealthy,Yes,Medium
7571,4.8,15.2,4.3,5,2,9.0,Unhealthy,No,High
7572,7.1,7.4,9.0,5,5,1.0,Healthy,Yes,Low
7573,5.7,8.4,7.2,1,1,6.0,healthy,Yes,Medium
7574,10.0,5.7,6.5,3,3,1.0,Healthy,Yes,Low
7575,5.5,11.8,5.1,3,5,6.0,Healthy,No,Medium
7576,4.2,6.7,6.8,5,0,4.0,Unhealthy,Yes,Medium
7577,2.7,7.5,4.1,4,0,8.0,Healthy,Yes,High
7578,6.9,9.9,5.8,3,3,8.0,Unhealthy,Yes,High
7579,5.9,5.8,4.8,5,0,9.0,Healthy,No,High
7580,4.1,8.5,10.5,4,0,7.0,Healthy,Yes,High
7581,9.4,13.2,8.9,2,1,8.0,Unhealthy,no,High
7582,8.3,10.3,8.1,5,0,3.0,Unhealthy,No,Low
7583,6.9,9.4,3.0,4,2,10.0,Unhealthy,No,High
7584,9.7,9.6,7.7,0,2,4.0,Unhealthy,Yes,Medium
7585,8.3,7.8,6.4,2,4,4.0,Healthy,no,Medium
7586,5.4,15.0,8.4,1,1,6.0,Healthy,Yes,Medium
7587,4.9,6.6,6.6,1,1,7.0,Healthy,Yes,High
7588,8.6,9.6,6.0,1,2,9.0,Unhealthy,No,High
7589,7.8,9.3,6.5,0,1,10.0,Healthy,Yes,High
7590,7.3,12.0,2.4,5,1,6.0,Unhealthy,Yes,Medium
7591,5.3,12.3,4.5,1,4,2.0,Healthy,No,Low
7592,8.2,8.9,6.7,4,3,10.0,Unhealthy,Yes,High
7593,5.5,9.9,8.3,5,5,10.0,Healthy,Yes,High
7594,6.8,10.0,4.9,0,0,7.0,Healthy,No,High
7595,9.9,2.2,5.9,3,4,10.0,Healthy,Yes,High
7596,5.7,4.2,2.8,0,3,9.0,Unhealthy,Yes,High
7597,3.9,7.2,8.9,0,0,8.0,Unhealthy,No,High
7598,4.9,7.3,8.2,3,2,4.0,Healthy,No,Medium
7599,9.0,5.4,,4,3,2.0,Healthy,No,Low
7600,7.5,11.2,6.8,2,0,8.0,Healthy,No,High
7601,6.7,9.0,9.1,3,4,6.0,Unhealthy,no,Medium
7602,6.0,8.4,4.4,0,0,8.0,Healthy,Yes,High
7603,8.0,5.2,4.2,1,1,9.0,Healthy,Yes,High
7604,5.3,8.9,8.1,3,5,3.0,Unhealthy,No,Low
7605,7.6,1.1,8.0,3,0,8.0,Healthy,No,High
7606,5.5,8.5,3.6,2,2,10.0,Unhealthy,Yes,High
7607,,9.2,4.9,0,4,,Unhealthy,No,High
7608,5.7,9.7,9.4,1,3,5.0,Healthy,No,Medium
7609,6.2,4.3,6.8,1,0,6.0,Healthy,No,Medium
7610,6.9,9.7,7.6,2,4,5.0,Unhealthy,Yes,Medium
7611,7.5,5.9,3.7,5,2,6.0,Healthy,Yes,Medium
7612,-0.4,6.6,7.3,1,5,1.0,Unhealthy,No,Low
7613,5.4,11.2,3.2,4,3,10.0,healthy,Yes,High
7614,6.2,15.0,2.0,3,0,10.0,Healthy,No,High
7615,10.0,9.2,20.0,3,2,10.0,Healthy,No,High
7616,4.8,6.5,8.9,1,1,2.0,Healthy,Yes,Low
7617,7.3,9.6,5.5,1,4,8.0,Unhealthy,No,High
7618,10.0,11.8,4.9,1,4,1.0,Healthy,Yes,Low
7619,4.4,10.9,9.4,3,0,9.0,Unhealthy,No,High
7620,7.8,17.2,5.6,1,2,7.0,Unhealthy,No,High
7621,5.4,6.9,5.9,4,3,1.0,Unhealthy,Yes,Low
7622,6.0,9.8,9.4,4,3,5.0,Unhealthy,no,Medium
7623,5.4,13.6,5.3,3,3,2.0,Healthy,No,Low
7624,5.5,13.5,4.7,5,3,1.0,Unhealthy,No,Low
7625,12.4,3.1,7.6,0,0,1.0,Unhealthy,Yes,Low
7626,8.7,9.0,4.6,0,0,5.0,Unhealthy,No,Medium
7627,9.2,13.5,,0,4,4.0,Healthy,Yes,Medium
7628,8.0,17.7,3.4,4,2,5.0,Unhealthy,No,Medium
7629,3.8,11.1,6.4,2,1,6.0,Healthy,Yes,Medium
7630,7.8,7.9,6.1,0,0,1.0,Healthy,No,Low
7631,9.1,6.0,7.9,2,3,2.0,Unhealthy,No,Low
7632,5.3,15.7,7.7,3,1,2.0,Unhealthy,No,Low
7633,8.9,11.2,7.1,4,4,5.0,Healthy,Yes,Medium
7634,8.4,6.5,6.8,5,3,10.0,Unhealthy,No,High
7635,10.7,8.4,5.9,0,5,9.0,Unhealthy,No,High
7636,6.2,9.9,7.2,4,2,7.0,Healthy,Yes,High
7637,4.8,10.6,3.8,3,1,10.0,Healthy,No,High
7638,6.3,6.3,1.3,4,4,4.0,Healthy,No,Medium
7639,9.9,7.2,8.3,1,0,5.0,Healthy,Yes,Medium
7640,3.3,4.0,7.3,0,2,,Unhealthy,Yes,High
7641,2.9,12.1,5.7,4,3,10.0,Healthy,No,High
7642,7.2,8.0,8.1,5,1,9.0,Healthy,No,High
7643,6.1,10.4,4.5,4,4,10.0,Unhealthy,No,High
7644,7.0,13.3,4.6,4,1,7.0,Healthy,No,High
7645,8.9,9.7,4.3,3,2,2.0,Unhealthy,No,Low
7646,5.9,8.7,7.1,0,0,4.0,Healthy,No,Medium
7647,3.3,9.6,2.8,5,0,10.0,Healthy,Yes,High
7648,11.1,9.2,4.5,0,5,4.0,Unhealthy,No,Medium
7649,5.0,12.7,6.6,1,2,9.0,Unhealthy,No,High
7650,4.9,9.9,3.6,1,3,8.0,Healthy,Yes,High
7651,9.2,7.4,4.7,4,1,6.0,Healthy,Yes,Medium
7652,6.2,12.1,1.6,0,3,8.0,Healthy,No,High
7653,6.9,12.7,7.2,0,4,7.0,Healthy,Yes,High
7654,8.0,5.0,4.6,4,3,8.0,Healthy,Yes,High
7655,9.2,13.6,3.8,2,5,7.0,Unhealthy,Yes,High
7656,6.3,10.1,3.4,0,2,2.0,Healthy,Yes,Low
7657,10.0,9.8,5.2,4,5,6.0,Unhealthy,Yes,Medium
7658,2.7,12.0,2.8,4,0,4.0,Healthy,Yes,Medium
7659,8.5,7.3,,2,5,4.0,Unhealthy,Yes,Medium
7660,5.3,11.9,1.2,1,2,10.0,Healthy,Yes,High
7661,9.7,7.9,5.1,5,2,6.0,Unhealthy,No,Medium
7662,7.3,4.6,6.2,4,1,8.0,Healthy,Yes,High
7663,5.7,6.0,4.4,0,2,5.0,Healthy,Yes,Medium
7664,8.3,10.7,6.4,1,4,3.0,Unhealthy,No,Low
7665,8.8,6.2,4.4,1,1,1.0,Unhealthy,No,Low
7666,8.3,13.8,9.1,1,1,5.0,Healthy,Yes,Medium
7667,4.9,24.0,3.8,4,3,3.0,Unhealthy,No,Low
7668,6.0,13.0,1.3,0,5,3.0,Unhealthy,No,Low
7669,7.0,9.4,3.4,5,2,4.0,Healthy,Yes,Medium
7670,6.9,9.8,6.8,2,3,9.0,Unhealthy,Yes,High
7671,8.5,5.4,5.8,3,3,4.0,Unhealthy,No,Medium
7672,3.0,12.0,7.5,3,5,5.0,Healthy,Yes,Medium
7673,7.7,10.1,7.0,1,1,10.0,Unhealthy,No,High
7674,6.4,10.7,,3,3,5.0,Healthy,Yes,Medium
7675,5.3,14.1,5.0,3,3,1.0,Healthy,Yes,Low
7676,5.5,7.2,5.2,4,1,7.0,Unhealthy,Yes,High
7677,6.6,8.6,9.8,2,1,,Unhealthy,No,Low
7678,-0.2,10.0,7.4,3,0,6.0,Unhealthy,Yes,Medium
7679,,6.2,9.8,5,2,4.0,Unhealthy,No,Medium
7680,5.2,8.4,7.7,5,0,5.0,Unhealthy,No,Medium
7681,8.1,10.5,5.9,2,5,5.0,Healthy,No,Medium
7682,5.4,8.0,4.0,3,1,4.0,Unhealthy,Yes,Medium
7683,6.6,12.9,6.4,5,4,2.0,Unhealthy,No,Low
7684,,4.5,5.9,1,3,8.0,Healthy,Yes,High
7685,9.0,12.4,5.8,1,3,1.0,Unhealthy,Yes,Low
7686,8.8,11.0,5.6,5,1,9.0,Unhealthy,No,High
7687,6.0,7.3,1.9,2,3,6.0,Healthy,No,Medium
7688,8.1,6.2,8.5,2,0,4.0,Unhealthy,Yes,Medium
7689,6.5,2.8,5.9,2,3,6.0,Healthy,No,Medium
7690,6.6,6.6,3.2,2,4,9.0,Unhealthy,No,High
7691,7.8,12.1,7.0,0,2,9.0,Unhealthy,Yes,High
7692,5.8,8.8,4.3,1,5,3.0,Unhealthy,No,Low
7693,10.0,12.5,7.1,3,5,8.0,Healthy,Yes,High
7694,6.7,7.1,7.8,0,5,1.0,Healthy,Yes,Low
7695,8.2,11.1,8.0,2,0,9.0,Healthy,Yes,High
7696,9.9,6.8,5.7,3,2,7.0,Unhealthy,Yes,High
7697,9.1,6.1,5.2,1,2,10.0,Healthy,Yes,High
7698,4.2,8.7,4.7,2,4,7.0,Healthy,Yes,High
7699,7.9,7.0,4.6,4,5,6.0,Unhealthy,Yes,Medium
7700,8.7,4.4,6.0,2,4,1.0,Unhealthy,Yes,Low
7701,8.8,8.5,5.6,3,4,2.0,Healthy,Yes,Low
7702,4.8,9.3,4.3,1,4,3.0,Unhealthy,Yes,Low
7703,5.7,12.8,3.7,2,5,1.0,Unhealthy,No,Low
7704,9.0,11.8,5.8,1,0,5.0,Healthy,No,Medium
7705,5.5,12.7,5.1,0,4,5.0,Unhealthy,No,Medium
7706,6.4,11.2,3.7,4,0,6.0,Unhealthy,Yes,Medium
7707,10.2,10.0,7.7,5,3,7.0,Unhealthy,Yes,High
7708,6.9,5.3,9.5,5,2,10.0,Healthy,No,High
7709,5.5,9.4,7.9,0,5,9.0,Unhealthy,Yes,High
7710,5.2,10.8,4.6,5,3,,Unhealthy,Yes,High
7711,7.7,13.4,5.9,4,3,,Healthy,No,Medium
7712,4.3,11.1,9.1,0,1,9.0,Unhealthy,Yes,High
7713,6.5,12.7,3.7,1,5,2.0,Unhealthy,No,Low
7714,7.7,5.9,7.6,1,3,6.0,Unhealthy,No,Medium
7715,9.6,8.0,3.1,0,3,5.0,Healthy,No,Medium
7716,8.3,10.3,9.4,3,1,6.0,Unhealthy,Yes,Medium
7717,5.6,12.5,5.1,0,5,10.0,Healthy,Yes,High
7718,9.4,8.6,10.5,2,3,1.0,Unhealthy,No,Low
7719,6.4,8.8,9.5,3,1,5.0,Unhealthy,No,Medium
7720,4.5,11.1,5.8,1,0,8.0,Healthy,Yes,High
7721,6.7,5.6,4.6,0,2,3.0,Healthy,No,Low
7722,9.9,13.8,6.4,3,4,3.0,Healthy,No,Low
7723,7.3,6.4,5.6,2,3,7.0,Healthy,Yes,High
7724,7.0,3.2,5.2,4,0,7.0,Healthy,no,High
7725,10.3,9.0,2.7,1,2,2.0,Unhealthy,No,Low
7726,4.1,14.1,5.0,3,0,8.0,Unhealthy,Yes,High
7727,4.4,10.8,3.8,5,1,5.0,Unhealthy,Yes,Medium
7728,3.8,11.3,7.1,3,0,9.0,Healthy,No,High
7729,7.7,9.1,8.0,5,3,1.0,Healthy,No,Low
7730,7.3,8.5,7.5,3,3,4.0,Unhealthy,Yes,Medium
7731,10.1,4.4,6.7,0,5,8.0,Healthy,Yes,High
7732,7.5,2.2,4.3,1,4,9.0,Healthy,Yes,High
7733,6.2,9.6,6.4,1,4,9.0,Healthy,Yes,High
7734,7.0,12.9,7.6,0,3,10.0,Healthy,Yes,High
7735,7.2,10.0,4.8,0,0,,Healthy,Yes,Low
7736,3.7,10.9,6.2,5,5,1.0,Unhealthy,Yes,Low
7737,12.4,13.8,5.7,5,5,7.0,Unhealthy,No,High
7738,8.0,10.0,,5,3,6.0,Healthy,No,Medium
7739,7.4,8.6,7.7,0,0,7.0,Healthy,Yes,High
7740,8.2,6.5,7.2,2,3,8.0,Unhealthy,No,High
7741,8.4,15.1,2.6,3,2,6.0,Unhealthy,Yes,Medium
7742,6.7,10.6,6.3,2,0,10.0,Unhealthy,Yes,High
7743,5.7,6.2,5.7,1,1,10.0,Healthy,Yes,High
7744,8.2,5.5,5.7,0,1,10.0,Healthy,No,High
7745,7.8,12.8,2.9,3,4,7.0,Unhealthy,No,High
7746,5.4,5.9,3.8,5,2,7.0,Unhealthy,No,High
7747,9.8,14.6,5.9,4,1,7.0,Healthy,Yes,High
7748,7.6,0.7,8.2,3,3,2.0,Unhealthy,Yes,Low
7749,8.5,13.3,4.8,4,1,,Unhealthy,No,Low
7750,9.8,10.5,5.2,3,3,10.0,Unhealthy,Yes,High
7751,7.0,9.4,9.6,0,2,9.0,Healthy,Yes,High
7752,7.6,8.5,5.4,4,5,1.0,Unhealthy,Yes,Low
7753,8.6,14.7,5.7,4,5,8.0,Unhealthy,Yes,High
7754,5.6,11.1,5.8,1,5,7.0,Healthy,No,High
7755,7.1,6.3,3.3,3,4,6.0,Healthy,No,Medium
7756,7.3,3.8,7.1,2,5,1.0,Healthy,No,Low
7757,5.1,9.5,4.7,5,1,9.0,Healthy,Yes,High
7758,11.6,9.0,5.9,2,4,2.0,Healthy,No,Low
7759,4.2,4.4,,1,5,10.0,Unhealthy,No,High
7760,4.4,8.8,9.9,1,5,5.0,Unhealthy,No,Medium
7761,9.6,7.3,3.4,1,2,9.0,Healthy,No,High
7762,8.4,9.0,7.7,0,0,8.0,Healthy,Yes,High
7763,,11.2,7.7,0,5,10.0,Unhealthy,Yes,High
7764,8.2,13.5,4.7,0,2,4.0,Unhealthy,No,Medium
7765,9.9,11.7,7.2,0,2,8.0,Healthy,No,High
7766,6.9,6.8,9.3,1,2,9.0,Healthy,Yes,High
7767,,10.1,4.5,1,0,5.0,Unhealthy,No,Medium
7768,3.6,9.2,6.5,0,0,1.0,Healthy,No,Low
7769,8.4,5.0,6.8,0,2,6.0,Healthy,No,Medium
7770,9.3,10.2,7.1,4,0,4.0,Healthy,No,Medium
7771,8.8,14.6,7.5,3,3,6.0,Healthy,Yes,Medium
7772,6.6,9.1,6.3,4,2,1.0,Unhealthy,No,Low
7773,6.4,4.2,7.0,3,5,4.0,Unhealthy,Yes,Medium
7774,7.9,9.1,4.2,0,1,5.0,Healthy,Yes,Medium
7775,8.6,5.4,6.3,0,3,6.0,Healthy,Yes,Medium
7776,8.2,11.6,5.0,5,2,5.0,Healthy,Yes,Medium
7777,,10.6,3.5,0,1,2.0,Unhealthy,Yes,Low
7778,5.0,8.5,5.0,4,5,3.0,Unhealthy,Yes,Low
7779,6.5,8.0,6.5,1,1,5.0,healthy,Yes,Medium
7780,5.1,8.4,6.9,3,4,7.0,Healthy,No,High
7781,6.2,9.0,3.5,5,4,4.0,Healthy,No,Medium
7782,9.0,6.7,4.1,4,1,,Healthy,Yes,Medium
7783,7.2,4.8,7.4,5,2,9.0,Unhealthy,No,High
7784,12.2,12.4,7.0,0,2,10.0,Unhealthy,Yes,High
7785,7.4,7.8,7.8,1,2,7.0,Healthy,Yes,High
7786,7.1,9.5,8.7,4,2,3.0,Healthy,Yes,Low
7787,7.2,9.9,7.1,3,1,5.0,Unhealthy,No,Medium
7788,5.7,10.0,5.2,5,5,9.0,Healthy,No,High
7789,6.9,5.5,6.2,5,0,5.0,Healthy,No,Medium
7790,9.3,4.0,9.3,5,0,3.0,Unhealthy,Yes,Low
7791,7.2,7.2,11.5,0,5,8.0,Unhealthy,Yes,High
7792,5.4,10.2,6.9,3,5,7.0,Unhealthy,No,High
7793,5.1,6.8,7.1,5,2,5.0,Unhealthy,Yes,Medium
7794,6.1,7.9,7.5,0,4,5.0,Healthy,Yes,Medium
7795,7.1,15.4,6.0,0,1,1.0,Unhealthy,Yes,Low
7796,9.4,3.5,8.3,2,0,8.0,Healthy,Yes,High
7797,4.3,6.7,8.0,3,5,6.0,Unhealthy,No,Medium
7798,6.4,14.7,6.7,1,1,5.0,Healthy,Yes,Medium
7799,7.3,8.9,5.4,0,4,7.0,Healthy,Yes,High
7800,3.3,6.9,3.0,1,5,2.0,Unhealthy,No,Low
7801,5.3,12.5,7.5,4,1,3.0,Unhealthy,No,Low
7802,5.6,9.2,6.4,0,4,9.0,Unhealthy,Yes,High
7803,5.4,8.0,4.5,5,5,5.0,Unhealthy,No,Medium
7804,7.4,9.6,3.7,0,4,6.0,Unhealthy,No,Medium
7805,6.7,7.0,7.3,5,3,8.0,Healthy,No,High
7806,5.9,5.9,2.8,0,5,3.0,Unhealthy,No,Low
7807,7.9,8.7,6.6,5,4,1.0,Unhealthy,No,Low
7808,10.4,6.0,7.7,1,3,4.0,Healthy,Yes,Medium
7809,10.3,9.0,7.1,2,5,2.0,Unhealthy,No,Low
7810,3.2,10.1,5.2,3,5,9.0,Healthy,No,High
7811,8.2,11.6,3.5,0,4,4.0,Healthy,No,Medium
7812,6.6,12.4,7.2,3,4,9.0,Unhealthy,Yes,High
7813,7.3,7.8,8.4,5,1,7.0,Healthy,No,High
7814,6.2,10.5,4.9,3,3,7.0,Unhealthy,Yes,High
7815,7.2,10.5,7.0,5,5,1.0,Unhealthy,No,Low
7816,7.3,10.0,9.2,3,0,2.0,Healthy,No,Low
7817,5.8,7.6,6.7,5,0,7.0,healthy,Yes,High
7818,5.2,5.9,5.2,1,1,5.0,Unhealthy,Yes,Medium
7819,6.1,10.5,8.1,5,0,7.0,Unhealthy,Yes,High
7820,7.5,3.9,4.5,3,0,3.0,Healthy,No,Low
7821,8.2,8.2,3.4,4,4,8.0,Unhealthy,Yes,High
7822,8.7,1.3,7.6,5,2,4.0,Healthy,Yes,Medium
7823,6.0,5.0,5.2,1,2,8.0,Unhealthy,Yes,High
7824,7.6,6.4,5.4,1,0,6.0,Healthy,Yes,Medium
7825,8.9,12.3,4.7,4,1,9.0,Unhealthy,Yes,High
7826,9.3,11.1,5.1,2,1,6.0,Healthy,Yes,Medium
7827,6.9,7.3,8.8,2,3,4.0,Healthy,No,Medium
7828,6.6,11.2,9.3,5,1,3.0,Unhealthy,Yes,Low
7829,7.4,11.7,9.6,0,1,4.0,Healthy,Yes,Medium
7830,4.7,8.5,8.2,2,4,7.0,Unhealthy,Yes,High
7831,6.6,4.8,6.9,0,4,8.0,Unhealthy,Yes,High
7832,,8.4,3.1,3,5,2.0,Unhealthy,No,Low
7833,8.3,8.7,5.6,0,0,9.0,Unhealthy,Yes,High
7834,6.5,5.3,10.3,2,5,7.0,Unhealthy,No,High
7835,7.4,10.1,5.1,0,1,7.0,Unhealthy,No,High
7836,5.4,9.8,9.0,1,2,10.0,Healthy,Yes,High
7837,8.4,10.3,6.1,2,1,4.0,Unhealthy,Yes,Medium
7838,6.8,9.8,0.6,0,1,7.0,Unhealthy,No,High
7839,6.4,11.2,7.3,2,0,2.0,Unhealthy,Yes,Low
7840,6.3,8.5,8.5,4,2,10.0,Healthy,Yes,High
7841,6.9,9.6,5.9,2,0,3.0,Unhealthy,No,Low
7842,6.1,7.8,8.5,4,1,2.0,Healthy,Yes,Low
7843,8.3,7.2,2.7,0,2,5.0,Unhealthy,No,Medium
7844,6.2,13.0,3.2,4,1,1.0,Healthy,Yes,Low
7845,10.2,2.9,6.4,2,5,2.0,Unhealthy,No,Low
7846,9.9,11.6,7.0,1,0,6.0,Healthy,Yes,Medium
7847,5.2,7.1,8.7,4,0,6.0,Healthy,Yes,Medium
7848,7.1,6.7,7.3,2,4,8.0,Healthy,No,High
7849,5.7,9.8,3.6,1,2,9.0,Healthy,Yes,High
7850,6.3,4.5,6.4,3,4,9.0,Unhealthy,Yes,High
7851,11.0,6.6,7.2,5,5,7.0,Healthy,Yes,High
7852,6.4,6.5,2.3,4,2,10.0,Unhealthy,Yes,High
7853,7.7,8.3,5.9,4,3,1.0,Unhealthy,Yes,Low
7854,8.1,6.6,5.3,0,2,4.0,Healthy,No,Medium
7855,5.0,13.8,4.7,3,1,7.0,Unhealthy,Yes,High
7856,5.3,14.4,7.0,0,2,2.0,Healthy,Yes,Low
7857,4.6,2.9,3.7,0,4,9.0,Healthy,Yes,High
7858,5.2,10.6,6.8,2,0,1.0,Unhealthy,Yes,Low
7859,1.3,11.6,7.1,0,0,9.0,Unhealthy,Yes,High
7860,8.1,10.6,8.2,4,2,7.0,Unhealthy,Yes,High
7861,11.1,7.0,3.8,0,3,10.0,Healthy,No,High
7862,7.3,8.3,3.0,1,0,6.0,Unhealthy,Yes,Medium
7863,4.2,6.8,6.6,4,5,7.0,healthy,Yes,High
7864,5.7,7.7,5.4,5,0,2.0,Healthy,No,Low
7865,6.1,5.4,11.8,2,5,10.0,Healthy,No,High
7866,5.0,8.7,6.9,0,5,2.0,Unhealthy,Yes,Low
7867,8.7,4.5,6.1,1,5,3.0,Unhealthy,No,Low
7868,8.6,8.4,5.7,5,0,6.0,Unhealthy,Yes,Medium
7869,4.7,5.3,3.6,1,3,1.0,Unhealthy,Yes,Low
7870,8.5,9.6,7.1,4,4,4.0,Unhealthy,Yes,Medium
7871,10.1,7.0,5.8,0,2,8.0,Healthy,Yes,High
7872,10.8,9.9,5.8,1,5,8.0,Healthy,No,High
7873,12.7,12.2,6.2,0,3,5.0,Unhealthy,Yes,Medium
7874,5.2,13.8,6.4,4,2,7.0,Healthy,Yes,High
7875,12.6,1.4,2.5,3,1,5.0,Healthy,No,Medium
7876,6.3,6.5,7.7,1,5,4.0,Healthy,No,Medium
7877,5.8,8.1,4.3,2,2,6.0,Unhealthy,No,Medium
7878,7.7,10.4,5.7,0,5,8.0,Unhealthy,Yes,High
7879,5.8,4.0,8.6,5,0,10.0,Healthy,No,High
7880,7.8,6.1,9.6,4,3,1.0,Healthy,No,Low
7881,4.4,9.4,2.6,4,5,3.0,Healthy,Yes,Low
7882,6.5,9.3,6.1,5,3,4.0,Healthy,Yes,Medium
7883,9.6,10.1,6.5,2,4,5.0,Unhealthy,No,Medium
7884,6.9,10.3,3.0,3,1,1.0,Unhealthy,Yes,Low
7885,7.3,10.0,7.6,0,4,9.0,Healthy,Yes,High
7886,8.0,9.6,6.2,3,4,8.0,Healthy,Yes,High
7887,9.3,9.2,6.4,4,1,2.0,Unhealthy,No,Low
7888,3.7,11.0,4.2,1,0,5.0,Unhealthy,No,Medium
7889,8.2,2.3,6.8,3,3,9.0,Unhealthy,No,High
7890,6.5,13.6,7.7,1,2,3.0,Healthy,No,Low
7891,7.3,2.4,6.3,2,1,5.0,Healthy,Yes,Medium
7892,9.1,5.8,5.0,4,4,9.0,Unhealthy,Yes,High
7893,4.6,8.3,5.1,1,2,6.0,Unhealthy,Yes,Medium
7894,5.0,11.0,6.4,0,5,5.0,Unhealthy,Yes,Medium
7895,3.1,0.0,6.1,4,1,8.0,Healthy,Yes,High
7896,5.9,8.9,7.8,2,5,5.0,Healthy,No,Medium
7897,9.7,11.4,5.0,0,1,9.0,Unhealthy,Yes,High
7898,6.8,12.0,3.6,4,0,3.0,Unhealthy,No,Low
7899,4.3,6.9,6.7,3,5,1.0,Healthy,No,Low
7900,6.0,8.1,,5,0,4.0,Healthy,Yes,Medium
7901,4.0,7.2,7.6,4,3,7.0,Healthy,no,High
7902,4.7,7.8,6.0,0,3,3.0,Healthy,Yes,Low
7903,7.8,5.9,7.3,1,2,10.0,Healthy,No,High
7904,4.7,6.3,4.0,1,3,8.0,Unhealthy,Yes,High
7905,9.2,10.3,6.3,4,5,2.0,Healthy,no,Low
7906,6.9,9.4,4.6,4,5,9.0,Unhealthy,No,High
7907,7.2,10.5,3.6,2,1,3.0,Healthy,Yes,Low
7908,6.4,9.6,4.3,3,1,6.0,Unhealthy,No,Medium
7909,8.5,11.1,4.9,2,1,7.0,Unhealthy,No,High
7910,8.6,11.6,8.5,5,5,5.0,Unhealthy,Yes,Medium
7911,7.7,3.8,4.9,2,1,10.0,Healthy,Yes,High
7912,8.1,6.4,3.5,1,0,5.0,Unhealthy,No,Medium
7913,6.6,8.3,6.3,1,1,1.0,Unhealthy,No,Low
7914,8.1,8.9,6.1,0,1,4.0,Unhealthy,Yes,Medium
7915,6.3,7.0,5.0,5,1,1.0,Healthy,Yes,Low
7916,7.0,11.7,5.7,5,4,9.0,Healthy,Yes,High
7917,6.5,14.9,8.0,2,5,9.0,Healthy,Yes,High
7918,6.1,9.6,7.3,0,5,5.0,Unhealthy,Yes,Medium
7919,5.6,9.3,7.2,4,2,5.0,Unhealthy,No,Medium
7920,7.9,11.5,3.6,0,5,5.0,Unhealthy,No,Medium
7921,9.6,3.4,11.8,1,2,7.0,Unhealthy,No,High
7922,9.3,9.1,8.1,2,1,6.0,Healthy,Yes,Medium
7923,4.5,11.9,7.0,1,5,2.0,Unhealthy,No,Low
7924,9.6,7.1,3.7,4,1,10.0,Unhealthy,Yes,High
7925,6.4,5.3,7.9,3,2,3.0,Unhealthy,Yes,Low
7926,8.2,8.4,5.0,5,3,5.0,Unhealthy,Yes,Medium
7927,5.2,8.8,5.6,2,4,7.0,Healthy,No,High
7928,7.3,6.3,20.0,1,4,2.0,Healthy,No,Low
7929,7.6,15.3,3.5,3,5,4.0,Healthy,Yes,Medium
7930,4.0,7.6,6.9,4,3,1.0,Healthy,No,Low
7931,8.2,5.5,8.0,3,1,7.0,Unhealthy,Yes,High
7932,9.7,8.7,7.4,1,2,2.0,Healthy,Yes,Low
7933,6.7,11.7,7.3,1,4,8.0,Healthy,Yes,High
7934,9.7,9.1,5.9,4,3,10.0,Healthy,No,High
7935,6.6,10.5,5.2,4,3,1.0,Healthy,Yes,Low
7936,8.7,6.4,6.6,3,0,2.0,Unhealthy,No,Low
7937,2.6,13.5,7.6,3,5,8.0,Unhealthy,No,High
7938,11.8,10.7,6.0,5,3,5.0,Unhealthy,Yes,Medium
7939,,12.1,8.4,5,0,5.0,Unhealthy,No,Medium
7940,6.4,10.1,5.6,1,0,7.0,Healthy,Yes,High
7941,3.1,11.5,4.0,4,5,4.0,Healthy,No,Medium
7942,7.6,6.4,20.0,0,4,9.0,Unhealthy,Yes,High
7943,4.1,7.5,6.2,4,1,3.0,Healthy,Yes,Low
7944,7.9,13.0,5.8,2,1,8.0,Unhealthy,Yes,High
7945,7.8,13.7,8.6,2,3,3.0,Healthy,No,Low
7946,5.1,5.6,7.6,4,2,8.0,Unhealthy,Yes,High
7947,9.2,9.7,3.1,3,2,1.0,Unhealthy,Yes,Low
7948,8.6,7.7,9.1,2,0,10.0,Unhealthy,Yes,High
7949,9.0,6.9,0.5,5,5,10.0,Healthy,Yes,High
7950,7.0,9.9,10.3,1,3,7.0,Unhealthy,No,High
7951,4.2,12.4,5.4,1,3,1.0,Unhealthy,No,Low
7952,9.0,10.4,5.6,1,1,2.0,Unhealthy,No,Low
7953,6.5,8.0,5.9,5,2,1.0,Unhealthy,No,Low
7954,4.2,10.5,6.8,4,4,,Healthy,Yes,High
7955,9.7,7.9,6.0,2,5,3.0,Healthy,Yes,Low
7956,11.2,10.2,5.7,3,3,9.0,Healthy,No,High
7957,6.9,13.2,8.6,5,3,1.0,Unhealthy,Yes,Low
7958,11.3,2.8,7.1,5,1,3.0,Unhealthy,No,Low
7959,7.2,11.4,4.1,1,4,2.0,Unhealthy,Yes,Low
7960,6.2,4.4,7.5,5,4,5.0,Unhealthy,Yes,Medium
7961,5.7,12.7,7.0,5,4,7.0,Unhealthy,No,High
7962,10.3,7.1,4.9,3,5,6.0,Healthy,Yes,Medium
7963,5.4,5.3,7.6,5,4,10.0,Healthy,Yes,High
7964,8.5,11.1,5.7,1,2,5.0,Unhealthy,Yes,Medium
7965,5.9,10.1,,5,5,3.0,Unhealthy,No,Low
7966,6.1,6.0,5.5,4,0,7.0,Unhealthy,Yes,High
7967,9.1,5.2,1.1,1,4,9.0,Unhealthy,Yes,High
7968,6.2,8.4,4.9,4,0,2.0,Unhealthy,No,Low
7969,6.2,5.4,7.4,2,0,6.0,Unhealthy,Yes,Medium
7970,9.3,5.8,6.0,2,1,5.0,Healthy,Yes,Medium
7971,10.2,9.3,3.4,3,4,9.0,Unhealthy,Yes,High
7972,8.3,6.1,7.9,5,2,8.0,Healthy,No,High
7973,5.7,10.3,5.4,1,1,9.0,Healthy,No,High
7974,6.0,13.5,3.6,2,1,7.0,Unhealthy,Yes,High
7975,7.2,8.6,10.4,5,0,5.0,Healthy,No,Medium
7976,7.6,9.4,3.9,0,3,4.0,Unhealthy,No,Medium
7977,5.0,15.1,7.8,0,2,8.0,Unhealthy,Yes,High
7978,8.4,5.4,4.5,3,5,2.0,Unhealthy,No,Low
7979,7.2,12.6,6.3,5,4,1.0,Unhealthy,No,Low
7980,3.6,12.2,4.2,2,4,3.0,Healthy,Yes,Low
7981,5.1,11.6,3.5,4,2,7.0,Unhealthy,No,High
7982,6.0,12.9,7.0,5,4,1.0,Healthy,No,Low
7983,6.9,9.8,6.8,0,3,5.0,Healthy,No,Medium
7984,10.8,7.3,8.3,5,5,5.0,Unhealthy,Yes,Medium
7985,7.5,12.3,5.9,2,3,3.0,Unhealthy,Yes,Low
7986,5.3,12.4,10.4,4,4,1.0,Unhealthy,Yes,Low
7987,7.4,12.3,6.5,1,1,5.0,healthy,Yes,Medium
7988,6.3,9.1,7.1,5,5,8.0,Unhealthy,No,High
7989,7.6,6.9,3.3,2,5,9.0,Unhealthy,No,High
7990,8.2,9.6,4.8,1,4,6.0,Unhealthy,No,Medium
7991,9.4,11.8,7.0,0,4,1.0,Healthy,Yes,Low
7992,7.0,12.1,5.8,1,2,5.0,Healthy,No,Medium
7993,10.3,7.7,6.4,0,3,2.0,Unhealthy,No,Low
7994,8.8,9.9,4.4,3,5,1.0,Unhealthy,Yes,Low
7995,5.6,5.1,6.2,3,1,3.0,Unhealthy,No,Low
7996,11.4,12.0,6.2,0,2,10.0,Unhealthy,Yes,High
7997,7.7,6.7,3.6,4,2,5.0,Healthy,Yes,Medium
7998,5.3,11.4,7.3,3,1,9.0,Healthy,Yes,High
7999,10.3,5.6,2.6,4,1,7.0,Unhealthy,No,High
8000,11.2,12.1,6.4,4,2,6.0,Healthy,Yes,Medium
8001,6.9,10.0,9.5,4,4,9.0,Healthy,No,High
8002,6.0,6.7,7.4,2,1,6.0,Unhealthy,No,Medium
8003,6.7,11.1,7.3,5,5,4.0,Healthy,No,Medium
8004,8.4,7.2,4.2,2,0,7.0,Unhealthy,No,High
8005,9.6,11.2,9.5,5,1,2.0,Healthy,Yes,Low
8006,8.1,8.2,8.8,5,5,2.0,Unhealthy,Yes,Low
8007,7.2,3.8,4.3,4,2,6.0,Healthy,Yes,Medium
8008,10.0,6.1,5.1,0,0,5.0,Unhealthy,No,Medium
8009,6.4,7.7,8.5,5,2,6.0,Healthy,Yes,Medium
8010,9.1,13.1,9.6,3,3,2.0,Healthy,No,Low
8011,6.4,11.7,3.5,1,3,2.0,Healthy,No,Low
8012,7.9,13.9,4.0,2,4,1.0,Unhealthy,No,Low
8013,6.8,14.0,5.7,2,1,2.0,Healthy,No,Low
8014,6.9,7.4,1.7,1,2,10.0,Healthy,Yes,High
8015,6.2,8.4,6.0,4,0,7.0,Healthy,Yes,High
8016,9.7,7.8,8.4,5,5,2.0,Healthy,No,Low
8017,5.5,7.0,3.1,1,1,3.0,Healthy,Yes,Low
8018,5.5,3.5,6.3,4,4,6.0,Healthy,Yes,Medium
8019,11.2,9.0,4.8,2,2,6.0,Healthy,Yes,Medium
8020,9.0,5.1,9.3,1,5,10.0,Unhealthy,Yes,High
8021,2.2,8.9,4.9,5,5,9.0,Healthy,No,High
8022,5.9,15.3,9.0,0,2,2.0,Healthy,No,Low
8023,3.4,7.5,4.8,3,3,7.0,Unhealthy,Yes,High
8024,5.1,9.6,7.5,3,4,,Unhealthy,No,Low
8025,0.7,11.7,6.5,3,5,6.0,Unhealthy,Yes,Medium
8026,6.7,9.8,5.7,1,2,9.0,Unhealthy,Yes,High
8027,4.7,9.9,4.4,5,3,8.0,Unhealthy,No,High
8028,7.1,7.9,6.6,4,3,6.0,Unhealthy,No,Medium
8029,3.7,8.3,5.1,5,0,6.0,Unhealthy,Yes,Medium
8030,7.2,6.1,4.6,5,5,6.0,Unhealthy,Yes,Medium
8031,6.2,11.5,8.9,2,4,8.0,Healthy,no,High
8032,10.0,3.8,7.1,3,4,2.0,Unhealthy,No,Low
8033,9.8,11.9,7.3,1,2,9.0,Healthy,No,High
8034,8.6,4.8,5.2,3,0,,Unhealthy,No,High
8035,6.3,11.9,5.6,5,1,8.0,Healthy,No,High
8036,11.0,7.9,5.5,4,2,2.0,Healthy,Yes,Low
8037,3.9,5.3,6.7,0,3,8.0,Unhealthy,Yes,High
8038,4.2,10.7,7.3,0,1,1.0,Unhealthy,No,Low
8039,6.8,11.8,5.9,5,1,6.0,Unhealthy,No,Medium
8040,11.5,7.7,4.4,2,5,6.0,Unhealthy,Yes,Medium
8041,6.6,11.2,7.5,0,2,9.0,Unhealthy,Yes,High
8042,6.6,2.1,,0,5,9.0,Unhealthy,No,High
8043,4.1,5.0,3.1,1,0,5.0,Healthy,Yes,Medium
8044,8.9,12.9,1.7,1,4,1.0,Healthy,Yes,Low
8045,8.9,8.3,6.6,2,0,1.0,Healthy,Yes,Low
8046,8.6,3.4,4.3,5,2,7.0,Healthy,Yes,High
8047,,6.9,6.9,2,4,4.0,Unhealthy,Yes,Medium
8048,5.6,6.2,4.4,5,1,9.0,Unhealthy,Yes,High
8049,4.4,8.5,6.3,1,3,3.0,Unhealthy,Yes,Low
8050,7.2,7.9,5.2,0,5,6.0,Healthy,Yes,Medium
8051,4.8,9.5,9.5,5,0,,Unhealthy,Yes,High
8052,4.6,8.8,7.9,4,5,4.0,Unhealthy,No,Medium
8053,6.2,13.1,8.7,0,5,5.0,Healthy,No,Medium
8054,6.0,10.3,6.0,0,4,5.0,Unhealthy,Yes,Medium
8055,5.9,10.4,7.6,4,0,5.0,Unhealthy,No,Medium
8056,7.9,12.5,6.2,2,4,2.0,Unhealthy,Yes,Low
8057,7.2,7.8,8.9,1,3,2.0,Healthy,Yes,Low
8058,6.4,5.2,5.9,2,5,1.0,Healthy,Yes,Low
8059,7.4,12.6,3.2,2,2,1.0,Unhealthy,Yes,Low
8060,5.0,9.4,2.0,2,2,4.0,Healthy,No,Medium
8061,7.2,9.4,9.3,1,4,3.0,Unhealthy,Yes,Low
8062,7.3,7.1,7.0,2,4,4.0,Healthy,Yes,Medium
8063,4.0,7.1,7.1,2,2,6.0,Healthy,No,Medium
8064,9.0,11.5,9.0,3,1,1.0,Healthy,No,Low
8065,5.2,12.0,2.7,0,1,8.0,Unhealthy,Yes,High
8066,7.2,11.4,5.3,3,1,8.0,Healthy,No,High
8067,9.3,11.4,5.5,1,3,7.0,Healthy,Yes,High
8068,8.9,10.7,7.5,5,4,4.0,Healthy,No,Medium
8069,7.1,9.4,4.6,5,0,8.0,Healthy,Yes,High
8070,6.3,8.5,3.6,4,0,9.0,Healthy,Yes,High
8071,8.9,12.6,3.6,5,4,5.0,Unhealthy,Yes,Medium
8072,8.3,7.9,8.3,4,2,6.0,Unhealthy,Yes,Medium
8073,5.8,10.1,4.5,5,4,10.0,Healthy,Yes,High
8074,5.4,6.6,4.9,3,1,8.0,Unhealthy,Yes,High
8075,2.9,7.0,7.3,3,1,5.0,Healthy,Yes,Medium
8076,7.3,8.3,4.6,3,0,4.0,Unhealthy,No,Medium
8077,6.8,6.6,2.6,0,4,8.0,Healthy,No,High
8078,9.3,11.4,2.8,1,0,3.0,Healthy,No,Low
8079,7.7,5.0,5.9,5,2,6.0,Healthy,Yes,Medium
8080,9.7,9.3,7.0,5,5,9.0,Healthy,No,High
8081,5.6,9.4,5.6,5,5,6.0,Healthy,No,Medium
8082,9.3,3.6,6.9,2,5,9.0,Healthy,Yes,High
8083,5.9,7.7,2.8,3,3,8.0,Healthy,Yes,High
8084,8.6,9.8,2.9,0,3,9.0,Unhealthy,No,High
8085,4.1,10.3,10.5,4,2,10.0,Unhealthy,No,High
8086,7.5,8.4,8.5,4,1,9.0,Unhealthy,No,High
8087,3.0,11.0,7.5,4,1,8.0,Healthy,No,High
8088,6.5,8.7,4.7,3,1,9.0,Healthy,No,High
8089,7.9,9.0,5.5,4,0,7.0,Unhealthy,Yes,High
8090,6.0,9.8,6.0,4,5,7.0,Unhealthy,No,High
8091,4.9,11.8,8.6,4,0,4.0,Unhealthy,No,Medium
8092,8.7,7.0,6.8,2,3,1.0,Healthy,No,Low
8093,6.8,7.5,7.1,4,1,7.0,Unhealthy,Yes,High
8094,6.0,7.0,5.7,0,1,8.0,Healthy,Yes,High
8095,7.1,8.0,7.6,3,5,9.0,Unhealthy,No,High
8096,12.3,13.3,6.6,5,2,1.0,Unhealthy,Yes,Low
8097,9.3,10.7,6.1,2,3,9.0,Unhealthy,No,High
8098,9.3,5.6,4.5,2,5,7.0,Unhealthy,Yes,High
8099,7.9,7.2,5.8,3,0,7.0,Healthy,Yes,High
8100,7.3,10.1,3.8,4,3,3.0,Unhealthy,Yes,Low
8101,2.2,6.3,,5,5,1.0,Healthy,Yes,Low
8102,5.6,6.8,6.2,5,1,7.0,Healthy,No,High
8103,6.0,13.0,1.2,4,1,10.0,Healthy,No,High
8104,3.3,7.2,5.5,1,0,8.0,Healthy,Yes,High
8105,4.7,11.9,3.6,4,0,6.0,Healthy,Yes,Medium
8106,3.0,12.8,7.0,5,3,7.0,Unhealthy,Yes,High
8107,6.9,6.8,7.3,0,4,9.0,Unhealthy,Yes,High
8108,8.6,6.3,,4,1,8.0,Unhealthy,Yes,High
8109,9.2,8.2,7.1,3,1,5.0,Unhealthy,No,Medium
8110,7.8,5.7,7.2,4,4,4.0,Healthy,No,Medium
8111,5.1,9.4,5.5,3,3,4.0,Unhealthy,Yes,Medium
8112,3.1,8.4,9.1,2,2,4.0,Unhealthy,No,Medium
8113,3.5,10.1,4.5,1,2,2.0,Unhealthy,Yes,Low
8114,4.5,13.2,8.9,2,1,10.0,Healthy,Yes,High
8115,5.2,11.5,5.5,3,2,10.0,Unhealthy,Yes,High
8116,6.7,10.5,4.3,1,3,7.0,Healthy,Yes,High
8117,5.0,3.1,5.3,2,2,8.0,Healthy,No,High
8118,7.7,10.3,,4,0,7.0,Unhealthy,No,High
8119,6.5,14.2,7.6,5,3,10.0,Healthy,Yes,High
8120,7.0,-0.0,2.8,5,4,8.0,Unhealthy,No,High
8121,9.3,11.1,8.8,4,1,9.0,Unhealthy,No,High
8122,4.6,8.5,4.1,1,3,8.0,Unhealthy,Yes,High
8123,7.8,6.5,7.7,2,2,5.0,Healthy,Yes,Medium
8124,7.0,11.4,6.0,0,3,,Unhealthy,Yes,Medium
8125,6.3,14.1,6.5,0,5,5.0,Unhealthy,No,Medium
8126,8.8,11.3,4.8,0,4,1.0,Unhealthy,No,Low
8127,8.8,7.9,6.7,2,5,5.0,Unhealthy,No,Medium
8128,5.1,6.2,6.3,5,3,6.0,Unhealthy,Yes,Medium
8129,6.6,9.4,3.1,2,4,9.0,Unhealthy,No,High
8130,7.6,11.6,4.1,2,4,9.0,Healthy,Yes,High
8131,6.5,7.8,4.9,3,3,10.0,Healthy,Yes,High
8132,8.2,8.1,4.5,5,1,3.0,Healthy,Yes,Low
8133,7.6,17.5,8.5,0,1,8.0,Unhealthy,No,High
8134,10.7,12.2,6.0,0,2,8.0,Healthy,No,High
8135,3.9,12.5,4.4,0,5,9.0,Unhealthy,Yes,High
8136,6.8,4.6,5.0,5,3,1.0,Healthy,No,Low
8137,5.2,6.9,5.0,3,5,5.0,Healthy,Yes,Medium
8138,8.2,9.2,5.4,3,5,5.0,Healthy,No,Medium
8139,3.8,6.0,3.8,2,3,7.0,Unhealthy,Yes,High
8140,7.7,13.8,4.4,5,0,8.0,Healthy,No,High
8141,5.7,13.2,7.5,5,1,7.0,Healthy,No,High
8142,5.5,7.4,6.4,0,4,6.0,Unhealthy,No,Medium
8143,4.1,14.4,5.7,0,0,4.0,Unhealthy,No,Medium
8144,6.1,9.0,6.0,5,3,9.0,Healthy,Yes,High
8145,9.2,16.8,5.9,4,0,2.0,Unhealthy,No,Low
8146,6.9,9.4,5.6,5,1,6.0,Healthy,No,Medium
8147,8.3,10.7,7.0,4,3,10.0,Healthy,No,High
8148,10.3,13.2,6.9,4,5,6.0,Unhealthy,Yes,Medium
8149,7.5,12.8,2.9,3,5,4.0,Healthy,Yes,Medium
8150,5.9,10.5,5.7,2,1,,Unhealthy,No,Low
8151,,8.6,3.0,1,0,3.0,Healthy,Yes,Low
8152,5.9,10.5,7.3,0,2,2.0,healthy,No,Low
8153,6.0,6.6,,4,4,3.0,Unhealthy,Yes,Low
8154,4.0,9.5,4.8,0,4,4.0,Healthy,Yes,Medium
8155,8.9,5.7,5.8,0,2,10.0,Healthy,No,High
8156,6.2,3.7,1.8,0,2,4.0,Unhealthy,No,Medium
8157,7.4,9.2,7.9,5,2,10.0,Unhealthy,No,High
8158,4.9,12.8,7.4,2,1,7.0,Unhealthy,Yes,High
8159,7.9,11.8,8.3,0,3,4.0,Healthy,No,Medium
8160,5.5,8.8,9.0,2,2,9.0,Unhealthy,No,High
8161,6.7,14.2,3.6,1,1,8.0,Unhealthy,Yes,High
8162,8.8,7.3,7.8,1,5,1.0,Unhealthy,Yes,Low
8163,8.6,3.2,,3,0,10.0,Unhealthy,Yes,High
8164,7.0,2.5,3.0,0,0,1.0,Unhealthy,No,Low
8165,3.5,5.5,5.7,4,2,6.0,Healthy,No,Medium
8166,13.0,11.4,5.3,3,0,4.0,Healthy,Yes,Medium
8167,10.5,7.1,7.7,5,2,10.0,Healthy,No,High
8168,8.4,10.4,1.2,3,0,6.0,Healthy,Yes,Medium
8169,5.5,24.0,9.6,1,0,9.0,Healthy,No,High
8170,40.0,5.7,5.8,4,3,10.0,Healthy,No,High
8171,5.9,10.4,7.8,0,3,5.0,Unhealthy,No,Medium
8172,9.5,10.6,5.9,0,0,8.0,Healthy,No,High
8173,7.5,6.4,7.0,1,3,2.0,Unhealthy,No,Low
8174,5.4,13.1,1.4,5,2,8.0,Unhealthy,Yes,High
8175,6.1,8.1,5.2,2,4,8.0,Unhealthy,No,High
8176,,7.8,7.7,1,2,2.0,Unhealthy,No,Low
8177,10.2,15.3,6.6,4,3,7.0,Healthy,No,High
8178,10.1,10.6,2.7,2,1,8.0,Healthy,No,High
8179,8.5,11.8,6.1,4,0,7.0,Healthy,No,High
8180,6.5,13.1,4.4,0,3,6.0,Healthy,No,Medium
8181,0.5,7.0,4.2,2,5,3.0,Unhealthy,No,Low
8182,7.6,12.7,3.0,4,5,3.0,Healthy,No,Low
8183,7.0,7.5,7.2,0,3,8.0,Unhealthy,No,High
8184,7.3,7.4,8.2,4,3,4.0,Healthy,No,Medium
8185,7.1,8.2,10.2,2,5,10.0,Unhealthy,Yes,High
8186,4.3,7.1,3.1,0,2,8.0,Healthy,Yes,High
8187,8.1,11.5,7.5,4,0,10.0,Healthy,No,High
8188,8.3,9.8,7.7,3,4,6.0,Unhealthy,Yes,Medium
8189,8.4,7.5,4.8,2,5,3.0,Healthy,No,Low
8190,8.9,11.0,4.2,2,5,10.0,Healthy,Yes,High
8191,8.2,8.2,3.8,2,5,2.0,Healthy,No,Low
8192,6.2,8.0,4.9,5,3,1.0,Unhealthy,Yes,Low
8193,6.9,9.1,6.4,0,1,4.0,Healthy,Yes,Medium
8194,7.2,10.4,8.7,2,5,,Unhealthy,Yes,High
8195,7.2,10.2,8.2,4,0,4.0,Unhealthy,No,Medium
8196,9.0,7.9,2.8,3,4,8.0,Healthy,Yes,High
8197,,11.5,4.4,4,5,8.0,Healthy,Yes,High
8198,11.2,8.3,8.6,4,1,1.0,Unhealthy,No,Low
8199,11.4,7.0,4.5,2,5,6.0,Healthy,Yes,Medium
8200,7.2,4.6,5.9,3,4,10.0,Unhealthy,Yes,High
8201,-0.7,11.9,2.6,3,4,8.0,Unhealthy,No,High
8202,9.5,9.0,8.3,3,5,8.0,Unhealthy,No,High
8203,5.9,9.6,2.2,3,0,1.0,Unhealthy,No,Low
8204,5.4,12.1,2.7,1,2,8.0,Healthy,Yes,High
8205,6.2,7.6,8.1,3,1,9.0,Healthy,Yes,High
8206,6.1,4.9,9.8,2,5,6.0,Healthy,Yes,Medium
8207,8.2,9.2,5.4,5,3,7.0,healthy,Yes,High
8208,3.9,9.9,5.9,3,4,6.0,Unhealthy,Yes,Medium
8209,4.8,8.2,7.8,4,1,5.0,Healthy,No,Medium
8210,7.7,13.4,6.6,1,0,1.0,Unhealthy,Yes,Low
8211,8.2,1.5,5.3,4,1,2.0,Healthy,No,Low
8212,8.3,12.4,5.0,2,3,10.0,Healthy,Yes,High
8213,5.4,11.4,2.9,2,3,2.0,Unhealthy,No,Low
8214,5.0,10.4,6.5,5,0,9.0,Healthy,Yes,High
8215,6.0,-1.0,5.8,5,1,6.0,Healthy,Yes,Medium
8216,7.5,12.9,5.1,3,5,3.0,Unhealthy,Yes,Low
8217,10.0,5.9,4.0,5,2,3.0,Unhealthy,No,Low
8218,2.9,7.5,4.2,2,2,10.0,Unhealthy,No,High
8219,6.6,8.5,7.2,1,5,10.0,Unhealthy,No,High
8220,4.3,10.2,7.8,5,4,2.0,Unhealthy,No,Low
8221,3.7,10.9,5.3,4,5,7.0,Unhealthy,No,High
8222,8.9,11.7,5.1,2,4,1.0,Unhealthy,Yes,Low
8223,8.1,11.4,4.3,5,1,1.0,Unhealthy,No,Low
8224,7.9,9.8,7.9,5,5,10.0,Unhealthy,Yes,High
8225,8.8,10.2,6.1,2,4,3.0,Unhealthy,No,Low
8226,6.0,5.7,6.7,1,3,1.0,Unhealthy,No,Low
8227,6.1,6.7,6.7,0,0,3.0,Healthy,No,Low
8228,11.4,11.7,5.4,0,4,9.0,Healthy,Yes,High
8229,6.5,11.5,3.7,1,5,7.0,Unhealthy,No,High
8230,8.5,11.2,4.0,2,2,9.0,Healthy,Yes,High
8231,7.0,7.5,8.3,1,5,7.0,Unhealthy,Yes,High
8232,3.3,11.7,4.5,1,3,,Unhealthy,Yes,High
8233,2.9,5.5,5.2,0,2,3.0,Unhealthy,No,Low
8234,5.8,12.2,3.7,3,4,7.0,Healthy,No,High
8235,9.1,8.2,3.6,5,5,6.0,Unhealthy,No,Medium
8236,8.6,14.1,4.5,2,4,2.0,Healthy,Yes,Low
8237,8.8,4.4,9.4,4,3,6.0,Unhealthy,No,Medium
8238,5.0,14.3,7.3,1,2,3.0,Healthy,No,Low
8239,10.2,7.9,4.9,0,0,2.0,Healthy,no,Low
8240,5.1,7.9,8.2,3,0,5.0,Unhealthy,No,Medium
8241,7.4,9.6,5.7,2,3,5.0,Healthy,No,Medium
8242,7.0,6.9,8.7,1,5,2.0,Healthy,No,Low
8243,6.7,8.8,10.4,0,4,3.0,Unhealthy,Yes,Low
8244,9.7,6.8,8.1,1,5,8.0,Healthy,No,High
8245,5.6,6.9,6.2,4,3,5.0,Healthy,Yes,Medium
8246,4.3,10.5,7.4,2,2,8.0,Healthy,No,High
8247,7.0,6.3,6.0,5,0,10.0,Healthy,No,High
8248,6.2,6.7,2.3,2,4,4.0,Unhealthy,No,Medium
8249,13.8,4.9,4.7,2,2,4.0,Healthy,Yes,Medium
8250,8.4,7.5,4.1,2,0,6.0,healthy,Yes,Medium
8251,6.2,12.9,4.6,0,0,10.0,Unhealthy,No,High
8252,4.9,6.5,9.6,4,1,5.0,Healthy,Yes,Medium
8253,3.2,6.8,8.2,1,4,5.0,Healthy,No,Medium
8254,4.9,9.6,6.9,0,3,9.0,Healthy,No,High
8255,7.2,7.9,7.6,3,1,6.0,Unhealthy,No,Medium
8256,9.9,15.7,2.2,2,0,3.0,Unhealthy,Yes,Low
8257,9.2,8.5,7.5,2,4,4.0,Healthy,Yes,Medium
8258,40.0,10.0,,1,4,9.0,Unhealthy,Yes,High
8259,6.4,11.8,1.5,2,1,6.0,Unhealthy,Yes,Medium
8260,7.5,11.8,7.5,2,2,8.0,Healthy,Yes,High
8261,6.0,9.7,3.2,1,2,7.0,Healthy,No,High
8262,10.4,8.5,2.1,4,3,1.0,Unhealthy,Yes,Low
8263,6.6,15.1,8.7,0,4,1.0,Healthy,No,Low
8264,6.8,8.7,4.0,4,5,10.0,Unhealthy,Yes,High
8265,2.6,7.7,4.6,1,1,7.0,Unhealthy,Yes,High
8266,6.6,7.1,8.0,5,0,2.0,Unhealthy,Yes,Low
8267,8.7,3.8,5.4,5,2,9.0,Healthy,No,High
8268,4.9,11.5,5.6,5,1,10.0,Unhealthy,No,High
8269,5.5,2.0,5.6,2,3,9.0,Healthy,No,High
8270,8.6,9.0,6.7,2,3,2.0,Healthy,Yes,Low
8271,4.0,8.4,5.5,4,5,9.0,Unhealthy,Yes,High
8272,9.1,15.7,6.2,3,4,9.0,Healthy,Yes,High
8273,5.9,3.5,5.0,0,3,10.0,Healthy,No,High
8274,6.2,6.3,,2,3,6.0,Unhealthy,No,Medium
8275,4.8,8.6,6.6,1,5,5.0,Unhealthy,No,Medium
8276,7.8,8.4,9.8,4,5,10.0,Healthy,Yes,High
8277,11.9,7.4,5.2,0,2,2.0,Healthy,Yes,Low
8278,8.6,8.8,5.6,5,2,6.0,Unhealthy,Yes,Medium
8279,5.3,5.2,6.5,3,3,9.0,Unhealthy,Yes,High
8280,9.3,10.1,7.9,5,5,3.0,Healthy,Yes,Low
8281,6.4,2.0,3.8,5,4,3.0,Healthy,No,Low
8282,9.7,8.9,6.2,2,2,4.0,Unhealthy,Yes,Medium
8283,8.6,7.2,1.0,4,2,10.0,Unhealthy,No,High
8284,1.1,12.0,5.5,2,5,4.0,Unhealthy,No,Medium
8285,5.0,14.3,8.1,4,3,1.0,Healthy,No,Low
8286,8.9,8.0,4.5,3,4,2.0,Healthy,No,Low
8287,7.3,13.2,6.4,1,3,6.0,Healthy,Yes,Medium
8288,5.0,8.1,4.9,1,0,5.0,Healthy,Yes,Medium
8289,5.7,6.1,4.3,0,0,10.0,Healthy,No,High
8290,3.2,14.2,7.9,2,5,4.0,Healthy,No,Medium
8291,6.8,10.6,3.9,2,4,10.0,Unhealthy,no,High
8292,11.4,9.0,6.6,2,0,9.0,Unhealthy,No,High
8293,8.6,11.1,6.6,1,5,2.0,Healthy,Yes,Low
8294,11.4,9.8,4.3,0,4,8.0,Healthy,Yes,High
8295,8.8,8.8,6.3,1,0,4.0,Unhealthy,Yes,Medium
8296,9.1,5.0,4.1,5,1,9.0,Unhealthy,Yes,High
8297,10.9,8.2,7.0,4,2,4.0,Unhealthy,No,Medium
8298,7.8,10.9,3.4,2,5,2.0,Healthy,Yes,Low
8299,6.6,8.6,5.3,4,3,6.0,Healthy,No,Medium
8300,9.1,11.7,5.5,5,4,9.0,Healthy,No,High
8301,9.9,10.2,8.2,3,0,7.0,Unhealthy,Yes,High
8302,6.0,6.4,6.3,4,1,1.0,Unhealthy,Yes,Low
8303,,5.0,7.9,4,0,9.0,Unhealthy,No,High
8304,7.3,8.5,7.1,4,1,6.0,Healthy,Yes,Medium
8305,8.7,7.4,7.1,1,3,9.0,healthy,No,High
8306,8.6,10.0,5.3,4,2,2.0,Healthy,Yes,Low
8307,4.2,6.8,8.0,5,2,7.0,Healthy,No,High
8308,10.8,7.2,5.3,2,1,8.0,Healthy,Yes,High
8309,5.7,12.2,2.5,0,5,8.0,Unhealthy,Yes,High
8310,6.5,9.4,5.6,3,0,5.0,Healthy,No,Medium
8311,5.2,6.9,6.9,2,2,7.0,Healthy,Yes,High
8312,12.4,9.1,2.8,0,0,7.0,Healthy,No,High
8313,7.5,13.1,4.2,2,4,3.0,Healthy,No,Low
8314,,9.9,3.5,4,0,2.0,Unhealthy,Yes,Low
8315,8.7,10.8,7.6,3,5,5.0,Healthy,Yes,Medium
8316,8.5,6.7,9.3,2,4,4.0,Healthy,No,Medium
8317,6.6,12.1,5.6,3,4,8.0,Healthy,Yes,High
8318,8.7,16.0,7.1,1,2,5.0,Unhealthy,No,Medium
8319,5.3,24.0,7.0,1,4,9.0,Unhealthy,No,High
8320,6.0,5.5,9.1,4,0,7.0,Healthy,Yes,High
8321,3.0,9.5,4.7,4,3,1.0,Unhealthy,No,Low
8322,4.4,11.6,5.6,1,5,2.0,Healthy,Yes,Low
8323,10.6,8.7,5.3,2,0,8.0,Unhealthy,No,High
8324,10.3,5.8,6.2,0,1,10.0,Unhealthy,Yes,High
8325,7.1,8.7,11.0,0,1,8.0,Unhealthy,Yes,High
8326,10.3,10.8,6.1,1,0,2.0,Healthy,Yes,Low
8327,6.7,7.8,4.3,0,1,7.0,Unhealthy,Yes,High
8328,6.5,10.8,3.7,2,3,8.0,Unhealthy,Yes,High
8329,7.1,12.5,8.5,0,1,4.0,Healthy,Yes,Medium
8330,6.8,9.7,4.3,5,2,3.0,Healthy,No,Low
8331,6.6,8.9,7.3,0,3,10.0,healthy,Yes,High
8332,9.3,11.5,4.6,5,2,9.0,Unhealthy,Yes,High
8333,7.3,6.4,3.5,1,2,2.0,Unhealthy,Yes,Low
8334,8.4,6.1,7.2,3,3,3.0,Unhealthy,No,Low
8335,9.1,8.2,4.7,3,5,8.0,Unhealthy,No,High
8336,7.8,7.5,6.9,2,2,2.0,Healthy,Yes,Low
8337,5.1,6.6,7.0,3,1,5.0,Unhealthy,No,Medium
8338,4.3,14.5,7.1,4,0,10.0,Healthy,No,High
8339,7.3,15.5,5.5,1,3,8.0,Unhealthy,Yes,High
8340,6.7,7.9,7.4,5,0,7.0,Unhealthy,Yes,High
8341,7.2,9.3,4.2,5,3,4.0,Unhealthy,No,Medium
8342,7.0,8.4,1.1,3,3,10.0,Healthy,Yes,High
8343,12.2,12.3,7.4,0,2,9.0,Healthy,Yes,High
8344,4.3,12.9,6.3,3,0,2.0,Unhealthy,Yes,Low
8345,3.0,3.7,4.8,1,5,7.0,Unhealthy,Yes,High
8346,7.7,10.4,3.1,0,1,7.0,Healthy,Yes,High
8347,6.2,5.1,1.9,0,0,7.0,Healthy,No,High
8348,7.6,14.3,,5,3,7.0,Healthy,Yes,High
8349,8.2,10.3,9.3,1,1,5.0,Unhealthy,No,Medium
8350,9.6,6.5,5.7,2,2,1.0,Healthy,No,Low
8351,4.0,8.3,5.3,2,1,4.0,Unhealthy,Yes,Medium
8352,5.9,8.1,6.0,1,1,5.0,Healthy,No,Medium
8353,7.9,10.6,10.4,5,0,10.0,Healthy,No,High
8354,8.5,12.1,7.5,1,3,4.0,Healthy,Yes,Medium
8355,,5.6,4.1,1,3,7.0,Unhealthy,Yes,High
8356,8.9,14.5,6.1,0,3,2.0,Healthy,Yes,Low
8357,6.9,13.8,6.7,0,4,2.0,Unhealthy,No,Low
8358,5.2,6.4,3.9,1,2,2.0,Unhealthy,Yes,Low
8359,5.9,9.2,7.5,5,0,10.0,Unhealthy,No,High
8360,5.8,14.1,4.4,0,3,3.0,Unhealthy,No,Low
8361,8.3,12.7,3.0,4,1,5.0,Healthy,No,Medium
8362,7.5,8.0,6.2,1,4,10.0,Healthy,No,High
8363,4.4,11.4,5.8,0,2,9.0,Healthy,Yes,High
8364,6.1,18.0,6.0,2,3,3.0,Healthy,Yes,Low
8365,8.8,9.3,4.5,1,4,6.0,Unhealthy,Yes,Medium
8366,7.7,7.1,4.7,1,2,6.0,Unhealthy,Yes,Medium
8367,8.1,9.5,8.3,1,5,6.0,Unhealthy,Yes,Medium
8368,7.8,9.7,6.9,3,5,5.0,Unhealthy,Yes,Medium
8369,10.3,7.4,4.1,1,1,2.0,Unhealthy,No,Low
8370,7.5,10.3,2.1,2,4,1.0,Unhealthy,No,Low
8371,6.2,5.2,4.2,0,0,5.0,Unhealthy,Yes,Medium
8372,5.2,7.0,6.3,1,2,8.0,Healthy,Yes,High
8373,7.5,11.3,4.7,5,4,10.0,Unhealthy,Yes,High
8374,2.1,3.7,4.6,4,4,5.0,healthy,No,Medium
8375,6.6,11.7,4.8,5,2,3.0,Unhealthy,No,Low
8376,6.6,3.0,5.9,5,4,3.0,Unhealthy,No,Low
8377,4.3,3.8,7.6,0,4,2.0,Unhealthy,Yes,Low
8378,5.1,7.5,6.0,2,2,7.0,Unhealthy,Yes,High
8379,8.6,9.9,6.1,3,1,2.0,Healthy,No,Low
8380,7.5,13.0,5.6,2,5,6.0,Healthy,Yes,Medium
8381,7.2,9.2,5.0,5,0,8.0,Healthy,Yes,High
8382,7.6,8.3,7.8,3,2,8.0,Unhealthy,no,High
8383,7.2,10.7,7.5,0,3,2.0,Healthy,Yes,Low
8384,9.5,6.4,10.1,3,4,6.0,Healthy,No,Medium
8385,7.2,9.4,7.2,0,0,3.0,Unhealthy,No,Low
8386,4.1,5.4,5.0,2,0,9.0,Healthy,No,High
8387,10.3,9.2,4.2,5,2,3.0,Unhealthy,Yes,Low
8388,7.7,8.6,7.9,2,3,1.0,Healthy,No,Low
8389,5.8,6.6,4.4,3,3,9.0,Healthy,Yes,High
8390,4.5,9.5,7.6,4,1,8.0,Unhealthy,Yes,High
8391,7.8,9.5,4.5,5,3,2.0,Healthy,Yes,Low
8392,6.8,12.5,6.7,5,5,10.0,Unhealthy,Yes,High
8393,10.1,4.2,3.9,2,2,10.0,Healthy,Yes,High
8394,6.3,8.8,7.6,3,0,3.0,Healthy,No,Low
8395,5.3,6.7,3.5,1,0,7.0,Unhealthy,Yes,High
8396,8.8,11.6,6.5,0,3,6.0,Healthy,No,Medium
8397,8.9,11.3,5.6,1,4,8.0,Unhealthy,Yes,High
8398,7.3,10.5,6.2,1,5,10.0,Unhealthy,Yes,High
8399,8.4,6.9,5.2,1,1,5.0,Healthy,No,Medium
8400,6.9,11.7,5.2,3,3,5.0,Unhealthy,Yes,Medium
8401,7.5,4.4,6.3,2,5,2.0,Healthy,no,Low
8402,9.3,3.8,4.0,5,2,6.0,Healthy,Yes,Medium
8403,8.3,5.2,4.0,1,1,5.0,Unhealthy,No,Medium
8404,6.7,8.9,5.3,3,5,9.0,Unhealthy,no,High
8405,9.7,11.0,5.2,2,3,3.0,Unhealthy,Yes,Low
8406,2.3,0.1,4.0,0,1,5.0,Healthy,No,Medium
8407,11.1,13.0,7.8,2,4,3.0,Healthy,Yes,Low
8408,3.6,9.4,5.3,2,2,9.0,Unhealthy,No,High
8409,5.7,4.3,5.5,1,3,9.0,Healthy,No,High
8410,6.9,9.3,3.3,3,0,10.0,Unhealthy,Yes,High
8411,,12.3,10.1,5,2,7.0,Unhealthy,No,High
8412,9.0,10.8,10.9,4,4,1.0,Healthy,Yes,Low
8413,,12.3,4.4,0,5,9.0,Healthy,Yes,High
8414,7.5,4.9,8.5,3,4,9.0,Unhealthy,Yes,High
8415,5.8,7.8,5.8,5,0,10.0,Healthy,Yes,High
8416,7.6,6.2,9.2,1,2,5.0,Healthy,No,Medium
8417,6.9,14.2,6.7,3,3,2.0,Healthy,No,Low
8418,7.2,10.9,6.2,5,0,1.0,Unhealthy,No,Low
8419,5.9,17.5,1.0,4,3,2.0,Unhealthy,No,Low
8420,6.0,7.6,4.2,0,1,4.0,Unhealthy,Yes,Medium
8421,7.6,6.8,6.0,2,3,4.0,Healthy,No,Medium
8422,8.9,8.6,6.4,5,1,1.0,Healthy,No,Low
8423,,13.1,3.6,0,3,8.0,Unhealthy,No,High
8424,5.3,7.9,4.5,4,1,10.0,Healthy,Yes,High
8425,8.2,9.4,7.1,0,2,8.0,Healthy,No,High
8426,6.9,9.3,3.2,5,4,8.0,Unhealthy,No,High
8427,8.7,9.1,6.3,0,2,5.0,Healthy,No,Medium
8428,5.2,7.0,8.5,1,0,10.0,Healthy,Yes,High
8429,3.4,8.6,6.8,2,2,2.0,Healthy,No,Low
8430,5.9,8.5,6.7,4,2,4.0,Unhealthy,No,Medium
8431,5.5,9.0,2.0,1,4,1.0,Unhealthy,No,Low
8432,6.8,11.8,4.4,0,5,10.0,Unhealthy,Yes,High
8433,5.7,14.3,10.1,0,2,1.0,Healthy,Yes,Low
8434,8.5,6.5,4.8,3,0,10.0,Healthy,Yes,High
8435,6.4,7.8,8.5,1,2,3.0,Healthy,Yes,Low
8436,7.3,6.5,4.8,4,2,4.0,Healthy,Yes,Medium
8437,7.3,9.6,5.4,4,2,3.0,Healthy,Yes,Low
8438,7.4,24.0,7.0,4,2,3.0,Healthy,Yes,Low
8439,7.0,9.7,6.2,5,4,8.0,Healthy,No,High
8440,8.0,12.3,6.8,5,4,4.0,Healthy,Yes,Medium
8441,5.4,1.4,4.4,5,0,3.0,Healthy,No,Low
8442,9.8,10.5,3.7,4,5,9.0,Healthy,Yes,High
8443,6.5,7.6,4.2,0,0,1.0,Healthy,no,Low
8444,4.4,10.4,4.9,5,0,8.0,Healthy,No,High
8445,7.4,6.3,5.5,0,5,5.0,Healthy,Yes,Medium
8446,5.3,12.6,8.1,1,2,8.0,Unhealthy,Yes,High
8447,8.3,11.7,6.2,2,5,10.0,Unhealthy,Yes,High
8448,11.4,24.0,7.0,4,3,3.0,Unhealthy,Yes,Low
8449,5.4,11.4,6.3,0,2,6.0,Unhealthy,No,Medium
8450,7.7,6.8,3.8,1,3,7.0,Healthy,Yes,High
8451,3.5,7.1,6.0,4,0,8.0,Unhealthy,Yes,High
8452,7.9,11.3,6.3,2,2,7.0,Unhealthy,No,High
8453,5.2,6.7,,4,5,7.0,Unhealthy,No,High
8454,5.8,13.3,3.9,5,5,2.0,Healthy,Yes,Low
8455,4.8,8.0,1.9,3,5,3.0,Unhealthy,Yes,Low
8456,8.5,10.5,6.4,4,5,6.0,Healthy,Yes,Medium
8457,9.0,15.3,6.7,3,0,3.0,Unhealthy,No,Low
8458,7.0,6.9,5.6,2,4,9.0,Healthy,No,High
8459,5.3,9.2,,3,0,9.0,Unhealthy,No,High
8460,10.2,12.2,7.8,2,2,6.0,Healthy,No,Medium
8461,,11.9,5.1,1,4,1.0,Unhealthy,Yes,Low
8462,2.7,8.0,5.4,3,5,1.0,Healthy,No,Low
8463,7.9,7.4,6.2,5,4,4.0,Unhealthy,No,Medium
8464,4.8,8.3,3.6,4,3,10.0,Unhealthy,Yes,High
8465,9.0,13.3,5.7,4,1,8.0,Unhealthy,Yes,High
8466,6.2,8.2,5.9,1,4,3.0,Healthy,Yes,Low
8467,8.2,9.2,9.3,0,1,,Healthy,No,Medium
8468,9.8,7.7,5.4,5,0,6.0,Healthy,Yes,Medium
8469,4.6,11.1,6.4,5,0,9.0,Healthy,Yes,High
8470,5.9,9.5,7.8,2,4,4.0,Unhealthy,No,Medium
8471,6.8,6.0,,5,3,3.0,Healthy,No,Low
8472,10.1,6.1,8.8,0,0,10.0,Unhealthy,No,High
8473,5.7,3.0,9.5,0,1,10.0,Healthy,Yes,High
8474,5.8,6.5,5.9,1,4,9.0,Unhealthy,Yes,High
8475,8.0,11.4,4.9,1,4,7.0,Healthy,No,High
8476,5.8,13.0,9.3,3,3,9.0,Healthy,Yes,High
8477,7.3,11.1,7.6,5,4,10.0,Healthy,Yes,High
8478,3.9,10.7,6.2,3,2,6.0,Unhealthy,No,Medium
8479,11.4,8.6,8.9,3,1,4.0,Unhealthy,Yes,Medium
8480,4.3,11.3,8.6,3,5,5.0,Unhealthy,Yes,Medium
8481,6.4,9.9,5.3,3,2,10.0,healthy,No,High
8482,6.9,14.4,6.5,4,2,2.0,Healthy,Yes,Low
8483,10.8,8.7,7.2,1,1,3.0,Unhealthy,No,Low
8484,4.4,13.0,6.1,2,4,,Unhealthy,Yes,Medium
8485,11.0,11.6,3.2,2,4,3.0,Healthy,Yes,Low
8486,8.5,11.2,4.1,2,2,3.0,Healthy,Yes,Low
8487,7.8,3.0,3.3,2,5,9.0,Unhealthy,Yes,High
8488,5.0,11.8,7.0,2,1,4.0,Unhealthy,Yes,Medium
8489,8.1,8.6,3.6,4,0,4.0,Healthy,Yes,Medium
8490,5.6,7.7,6.4,1,1,1.0,Healthy,No,Low
8491,9.5,4.6,9.7,5,5,,Unhealthy,Yes,High
8492,5.1,9.0,8.9,3,2,10.0,Unhealthy,Yes,High
8493,6.8,9.1,2.3,3,1,9.0,Unhealthy,No,High
8494,5.9,5.1,3.4,3,1,8.0,Healthy,No,High
8495,5.0,4.6,4.4,1,0,2.0,Healthy,Yes,Low
8496,8.5,10.5,3.7,1,3,6.0,Unhealthy,No,Medium
8497,8.1,11.6,2.7,5,3,10.0,Healthy,No,High
8498,9.4,9.6,6.0,4,0,10.0,Healthy,No,High
8499,,12.5,7.4,4,1,5.0,Unhealthy,No,Medium
8500,9.1,8.7,7.9,5,2,8.0,Healthy,No,High
8501,12.0,8.8,5.1,3,0,1.0,Healthy,No,Low
8502,6.1,6.2,5.5,5,3,9.0,Unhealthy,Yes,High
8503,10.8,4.3,6.7,1,5,9.0,Unhealthy,No,High
8504,6.5,14.6,5.8,3,3,7.0,healthy,Yes,High
8505,4.3,12.4,7.6,4,0,8.0,Healthy,Yes,High
8506,6.4,4.8,6.9,5,1,9.0,Healthy,No,High
8507,9.1,9.5,5.2,3,4,5.0,Healthy,Yes,Medium
8508,5.3,8.7,2.3,4,2,2.0,Unhealthy,Yes,Low
8509,5.8,8.2,9.0,0,4,1.0,healthy,No,Low
8510,8.2,7.8,4.6,2,2,5.0,Healthy,No,Medium
8511,7.0,10.1,6.7,0,4,8.0,Healthy,No,High
8512,8.2,11.5,2.2,5,4,10.0,Unhealthy,No,High
8513,7.5,10.2,6.0,3,2,4.0,Unhealthy,Yes,Medium
8514,8.0,8.6,6.2,3,5,4.0,Unhealthy,No,Medium
8515,6.1,8.5,6.3,1,2,4.0,Unhealthy,No,Medium
8516,7.5,11.8,12.0,2,3,8.0,Healthy,Yes,High
8517,5.1,10.4,4.7,4,1,7.0,Unhealthy,Yes,High
8518,9.6,9.2,7.6,3,1,1.0,Healthy,No,Low
8519,5.7,8.9,7.0,4,3,10.0,healthy,Yes,High
8520,9.3,10.0,4.6,4,5,6.0,Unhealthy,No,Medium
8521,6.5,7.6,7.6,4,4,4.0,Healthy,No,Medium
8522,7.4,11.5,5.7,0,5,2.0,Unhealthy,Yes,Low
8523,6.0,5.8,7.8,4,5,3.0,Unhealthy,No,Low
8524,5.0,7.8,9.9,1,2,4.0,Unhealthy,No,Medium
8525,3.5,10.8,6.3,0,0,10.0,Healthy,No,High
8526,4.9,5.6,5.4,0,4,7.0,Unhealthy,No,High
8527,6.4,4.3,8.1,3,1,1.0,Healthy,No,Low
8528,7.4,9.2,8.8,2,2,1.0,Healthy,Yes,Low
8529,9.0,3.9,4.2,2,3,3.0,Unhealthy,Yes,Low
8530,6.1,5.1,5.1,5,5,2.0,Healthy,No,Low
8531,5.2,11.3,7.4,3,4,3.0,Unhealthy,No,Low
8532,4.1,8.4,5.7,2,0,3.0,Unhealthy,Yes,Low
8533,8.0,12.9,4.1,4,4,1.0,Healthy,No,Low
8534,9.8,5.4,7.1,1,3,6.0,Healthy,Yes,Medium
8535,9.5,8.7,7.3,4,0,8.0,Healthy,No,High
8536,8.4,10.2,5.3,2,4,5.0,Unhealthy,No,Medium
8537,8.3,5.5,6.1,2,3,1.0,Unhealthy,Yes,Low
8538,10.4,12.1,4.8,1,4,10.0,Unhealthy,No,High
8539,7.7,10.5,3.8,0,2,7.0,Healthy,No,High
8540,8.3,4.2,5.0,0,4,10.0,Unhealthy,No,High
8541,6.4,8.9,6.1,1,5,,Healthy,Yes,High
8542,4.3,10.2,3.0,0,3,7.0,Healthy,No,High
8543,5.6,7.2,5.2,2,1,9.0,Unhealthy,Yes,High
8544,7.0,4.6,6.2,0,3,10.0,Unhealthy,Yes,High
8545,7.1,9.8,8.4,2,4,9.0,Unhealthy,No,High
8546,10.9,15.6,5.4,3,2,2.0,Healthy,No,Low
8547,7.2,7.8,3.5,4,1,8.0,Healthy,Yes,High
8548,9.4,13.7,5.6,0,5,7.0,Unhealthy,No,High
8549,6.1,6.7,4.9,3,3,7.0,Healthy,No,High
8550,6.4,9.6,7.1,5,1,2.0,Healthy,No,Low
8551,4.3,11.3,5.3,0,2,1.0,Unhealthy,Yes,Low
8552,5.5,9.0,0.6,3,5,4.0,Unhealthy,No,Medium
8553,8.1,8.1,13.4,1,0,7.0,Healthy,Yes,High
8554,7.0,11.2,6.3,3,1,6.0,Unhealthy,Yes,Medium
8555,8.9,14.7,6.2,2,3,10.0,Healthy,Yes,High
8556,7.4,9.9,2.9,1,2,2.0,Unhealthy,Yes,Low
8557,6.3,24.0,3.1,1,3,7.0,Unhealthy,No,High
8558,11.3,8.4,5.8,2,2,10.0,Unhealthy,Yes,High
8559,6.8,16.6,6.7,0,3,9.0,Unhealthy,No,High
8560,9.3,9.4,7.4,1,2,2.0,Healthy,no,Low
8561,6.2,7.2,6.5,0,4,10.0,Unhealthy,Yes,High
8562,8.4,5.6,3.6,4,3,5.0,Unhealthy,Yes,Medium
8563,8.9,3.5,1.0,3,2,2.0,Healthy,No,Low
8564,7.4,10.1,5.8,3,0,1.0,Unhealthy,No,Low
8565,2.3,11.0,4.9,2,2,7.0,Healthy,Yes,High
8566,7.0,7.8,3.5,2,0,2.0,Healthy,Yes,Low
8567,9.5,9.0,7.7,5,5,6.0,Unhealthy,Yes,Medium
8568,8.1,5.5,2.8,3,1,7.0,healthy,Yes,High
8569,7.9,9.4,7.2,4,2,1.0,Healthy,Yes,Low
8570,3.6,10.4,3.2,2,1,9.0,Unhealthy,No,High
8571,5.6,7.4,6.3,4,1,6.0,Unhealthy,No,Medium
8572,7.8,14.1,7.9,5,4,2.0,Healthy,Yes,Low
8573,7.8,6.5,5.3,2,5,1.0,Healthy,No,Low
8574,9.4,9.9,9.4,1,2,1.0,Healthy,No,Low
8575,6.7,11.5,9.8,5,4,2.0,Unhealthy,Yes,Low
8576,7.8,8.8,6.5,0,5,9.0,Healthy,No,High
8577,7.0,8.4,7.1,3,4,2.0,Unhealthy,No,Low
8578,5.0,4.7,8.1,0,1,1.0,Unhealthy,No,Low
8579,2.5,13.1,7.1,5,3,4.0,Healthy,No,Medium
8580,7.9,8.5,6.9,3,1,9.0,Unhealthy,Yes,High
8581,7.3,10.6,5.0,5,5,8.0,Healthy,Yes,High
8582,5.8,11.0,2.6,2,5,7.0,Healthy,No,High
8583,3.8,7.1,3.2,0,1,8.0,Unhealthy,No,High
8584,8.3,8.4,10.8,5,5,2.0,Healthy,Yes,Low
8585,6.5,13.0,6.6,5,0,5.0,Unhealthy,Yes,Medium
8586,8.1,5.6,5.5,4,3,7.0,Unhealthy,No,High
8587,10.7,15.4,8.5,5,1,1.0,Healthy,No,Low
8588,2.7,6.8,4.5,2,3,6.0,Healthy,Yes,Medium
8589,5.6,5.5,7.2,5,0,7.0,Unhealthy,Yes,High
8590,6.6,9.4,6.2,1,3,8.0,Unhealthy,Yes,High
8591,9.9,15.6,6.9,0,2,5.0,Healthy,No,Medium
8592,3.7,3.3,5.3,0,0,8.0,Unhealthy,Yes,High
8593,10.9,8.6,4.1,1,3,,Unhealthy,Yes,High
8594,7.3,10.4,4.4,3,4,1.0,Unhealthy,No,Low
8595,6.8,9.1,4.4,2,3,4.0,Healthy,Yes,Medium
8596,6.6,10.1,6.0,1,0,6.0,Unhealthy,No,Medium
8597,6.1,6.8,2.9,5,4,4.0,Healthy,No,Medium
8598,9.1,7.2,3.5,4,5,5.0,Healthy,Yes,Medium
8599,,8.6,6.3,2,3,,Healthy,Yes,Low
8600,7.7,5.6,5.7,1,3,7.0,Unhealthy,No,High
8601,6.2,8.9,6.4,1,0,9.0,Unhealthy,Yes,High
8602,5.5,7.8,5.9,0,4,7.0,Unhealthy,No,High
8603,12.2,7.6,11.0,0,4,1.0,Healthy,No,Low
8604,7.8,10.0,6.3,0,3,2.0,Unhealthy,Yes,Low
8605,8.2,3.5,5.2,2,5,8.0,Healthy,Yes,High
8606,9.3,8.3,6.2,5,2,1.0,Unhealthy,No,Low
8607,4.2,16.0,8.0,3,0,2.0,Unhealthy,no,Low
8608,10.5,5.7,5.9,2,0,5.0,Healthy,No,Medium
8609,2.0,12.9,7.4,0,1,6.0,Unhealthy,Yes,Medium
8610,5.5,9.2,6.8,0,4,1.0,Healthy,No,Low
8611,6.1,7.2,5.4,2,4,1.0,Unhealthy,Yes,Low
8612,8.2,5.0,6.2,5,1,2.0,Healthy,Yes,Low
8613,7.4,9.4,9.2,5,3,3.0,Unhealthy,No,Low
8614,6.7,13.4,6.5,1,3,9.0,Unhealthy,Yes,High
8615,7.0,7.8,4.0,1,0,3.0,Healthy,Yes,Low
8616,5.0,8.8,5.4,0,3,8.0,Unhealthy,Yes,High
8617,4.0,12.0,1.8,0,2,6.0,Healthy,No,Medium
8618,40.0,10.0,6.3,3,2,10.0,Unhealthy,Yes,High
8619,8.4,4.3,8.6,5,2,5.0,Healthy,Yes,Medium
8620,10.2,9.3,3.3,1,1,9.0,Unhealthy,Yes,High
8621,5.4,13.5,6.3,3,5,8.0,Unhealthy,Yes,High
8622,8.4,8.9,8.0,0,2,3.0,Unhealthy,No,Low
8623,6.4,0.8,8.2,5,1,7.0,Unhealthy,Yes,High
8624,9.4,10.2,8.6,0,0,4.0,Unhealthy,Yes,Medium
8625,9.0,8.4,2.3,3,0,8.0,Unhealthy,No,High
8626,7.4,3.5,7.0,3,5,7.0,Healthy,Yes,High
8627,6.3,4.0,3.0,0,2,3.0,Unhealthy,No,Low
8628,8.9,11.9,4.0,4,1,7.0,Unhealthy,Yes,High
8629,8.3,6.8,7.6,0,2,6.0,Unhealthy,Yes,Medium
8630,5.6,6.3,6.3,1,5,6.0,Healthy,Yes,Medium
8631,4.3,8.9,7.5,5,5,10.0,Unhealthy,Yes,High
8632,6.4,7.1,4.1,5,3,3.0,Healthy,No,Low
8633,10.0,9.3,8.9,0,1,4.0,Healthy,Yes,Medium
8634,9.3,8.4,7.4,2,1,4.0,Healthy,No,Medium
8635,4.8,5.4,7.8,0,1,6.0,Healthy,Yes,Medium
8636,4.7,7.5,3.8,4,1,9.0,Healthy,Yes,High
8637,9.5,10.3,8.3,1,3,5.0,Unhealthy,Yes,Medium
8638,4.7,9.1,5.4,0,2,8.0,Unhealthy,Yes,High
8639,8.0,8.8,4.8,3,0,5.0,Healthy,No,Medium
8640,5.8,14.8,7.3,1,5,6.0,Unhealthy,Yes,Medium
8641,10.2,11.2,7.2,1,4,6.0,Unhealthy,No,Medium
8642,5.5,11.6,4.3,4,4,4.0,Unhealthy,No,Medium
8643,9.3,8.5,10.1,5,1,10.0,healthy,Yes,High
8644,7.4,9.7,9.6,3,1,10.0,Unhealthy,Yes,High
8645,7.5,7.7,7.2,2,0,5.0,Healthy,No,Medium
8646,,11.3,6.9,0,4,4.0,Healthy,Yes,Medium
8647,2.6,8.7,6.7,2,1,2.0,Healthy,No,Low
8648,6.6,9.7,2.9,5,5,2.0,Healthy,Yes,Low
8649,7.5,9.5,6.2,3,5,8.0,Unhealthy,Yes,High
8650,4.7,8.9,6.2,1,3,4.0,Unhealthy,Yes,Medium
8651,4.8,17.8,4.8,4,4,9.0,Healthy,No,High
8652,8.1,7.0,5.4,4,3,6.0,Healthy,Yes,Medium
8653,8.1,7.0,1.2,1,0,5.0,Unhealthy,Yes,Medium
8654,6.7,11.1,3.8,4,0,7.0,Healthy,Yes,High
8655,8.6,7.2,7.8,2,4,6.0,Unhealthy,No,Medium
8656,4.7,8.1,9.5,5,5,4.0,Healthy,Yes,Medium
8657,6.3,5.7,4.1,1,2,10.0,Unhealthy,No,High
8658,10.3,10.5,6.4,0,4,9.0,Unhealthy,Yes,High
8659,7.1,10.5,8.2,0,3,6.0,Healthy,No,Medium
8660,7.3,8.1,5.0,3,2,3.0,Healthy,Yes,Low
8661,11.6,11.1,7.4,5,3,4.0,Unhealthy,Yes,Medium
8662,4.2,3.4,5.9,5,3,4.0,Healthy,Yes,Medium
8663,8.6,6.9,8.4,1,3,8.0,Healthy,No,High
8664,10.3,8.5,3.4,5,1,5.0,Unhealthy,No,Medium
8665,6.4,5.5,3.8,2,2,8.0,Healthy,Yes,High
8666,8.7,3.8,6.6,5,1,8.0,Healthy,Yes,High
8667,,8.1,6.2,1,1,6.0,Unhealthy,No,Medium
8668,,11.1,5.9,1,3,5.0,Healthy,Yes,Medium
8669,7.8,12.8,7.2,2,0,2.0,Unhealthy,Yes,Low
8670,8.6,7.4,4.1,4,5,1.0,Unhealthy,No,Low
8671,9.2,11.2,3.3,2,4,7.0,Unhealthy,No,High
8672,10.1,10.9,5.0,1,0,10.0,Unhealthy,Yes,High
8673,6.9,12.7,5.2,1,3,10.0,Unhealthy,No,High
8674,,7.9,5.4,1,4,7.0,Healthy,Yes,High
8675,6.3,3.6,8.5,1,5,2.0,Unhealthy,Yes,Low
8676,8.8,9.2,7.5,3,4,3.0,Healthy,Yes,Low
8677,7.4,6.0,7.1,4,5,8.0,Unhealthy,No,High
8678,7.9,6.8,6.4,1,3,4.0,Unhealthy,Yes,Medium
8679,7.8,24.0,5.1,3,1,5.0,Unhealthy,Yes,Medium
8680,3.8,8.0,4.3,5,4,7.0,Healthy,No,High
8681,4.8,9.4,3.6,1,5,8.0,Unhealthy,No,High
8682,7.2,11.1,4.6,4,4,1.0,Healthy,No,Low
8683,3.6,7.9,5.9,4,4,7.0,Healthy,No,High
8684,8.7,10.2,3.7,2,4,3.0,Unhealthy,No,Low
8685,8.7,9.0,6.3,3,2,5.0,Healthy,No,Medium
8686,7.7,11.8,5.6,5,1,1.0,Unhealthy,No,Low
8687,4.8,8.4,5.2,4,2,3.0,Healthy,No,Low
8688,9.8,8.8,8.3,0,2,5.0,Unhealthy,Yes,Medium
8689,11.1,7.9,1.1,1,5,1.0,Unhealthy,Yes,Low
8690,7.3,8.5,5.2,4,3,2.0,Healthy,No,Low
8691,8.0,6.6,1.3,5,1,3.0,Unhealthy,Yes,Low
8692,7.4,6.4,6.5,5,0,8.0,Unhealthy,Yes,High
8693,8.1,11.3,7.5,3,1,5.0,Healthy,Yes,Medium
8694,6.8,5.8,3.3,3,0,5.0,Unhealthy,no,Medium
8695,,8.0,3.6,3,5,3.0,Unhealthy,No,Low
8696,40.0,12.0,2.6,2,5,9.0,Unhealthy,No,High
8697,11.7,7.9,6.1,5,4,9.0,Unhealthy,No,High
8698,4.2,11.5,5.3,1,5,2.0,Unhealthy,No,Low
8699,6.8,7.2,5.4,0,0,8.0,Unhealthy,Yes,High
8700,4.6,5.8,5.3,3,0,1.0,Healthy,No,Low
8701,10.2,4.2,4.1,1,5,5.0,Unhealthy,Yes,Medium
8702,5.8,12.9,8.3,3,0,7.0,Healthy,No,High
8703,4.1,5.6,6.5,3,4,8.0,Healthy,No,High
8704,8.3,11.2,3.6,5,4,8.0,Unhealthy,Yes,High
8705,,6.0,4.6,0,2,6.0,Unhealthy,Yes,Medium
8706,8.3,13.0,4.3,1,0,7.0,Unhealthy,Yes,High
8707,7.4,15.6,8.8,3,1,4.0,Unhealthy,No,Medium
8708,7.8,3.9,7.4,5,3,10.0,Healthy,No,High
8709,9.8,5.7,5.7,2,2,7.0,Healthy,Yes,High
8710,5.3,11.3,9.4,3,0,7.0,Healthy,No,High
8711,6.8,10.5,8.9,5,2,9.0,Unhealthy,Yes,High
8712,6.1,11.3,5.5,1,5,2.0,Healthy,Yes,Low
8713,4.7,7.3,5.2,4,5,8.0,Unhealthy,No,High
8714,6.3,15.0,5.3,3,5,9.0,Unhealthy,No,High
8715,9.2,9.4,4.1,2,0,3.0,Unhealthy,Yes,Low
8716,8.1,5.3,9.5,2,0,8.0,Unhealthy,No,High
8717,8.3,8.2,4.0,3,2,1.0,Healthy,No,Low
8718,7.3,5.4,7.7,1,0,10.0,Unhealthy,Yes,High
8719,8.0,13.8,7.4,3,0,5.0,Healthy,Yes,Medium
8720,5.4,7.0,5.4,2,3,1.0,Unhealthy,Yes,Low
8721,6.4,10.5,9.6,3,1,1.0,Unhealthy,No,Low
8722,7.4,7.6,2.9,2,4,6.0,Unhealthy,No,Medium
8723,7.6,7.2,5.8,4,3,5.0,Unhealthy,Yes,Medium
8724,7.6,3.3,5.0,3,4,5.0,Healthy,No,Medium
8725,6.7,10.8,7.9,0,4,2.0,Healthy,No,Low
8726,6.2,12.9,6.7,3,1,10.0,Healthy,No,High
8727,13.3,6.3,2.5,2,3,9.0,Healthy,Yes,High
8728,8.8,4.4,8.5,1,0,5.0,Unhealthy,Yes,Medium
8729,7.8,11.4,7.0,2,1,3.0,Healthy,No,Low
8730,6.5,4.1,3.9,4,0,7.0,Unhealthy,Yes,High
8731,6.1,12.7,5.3,1,0,,Healthy,No,Medium
8732,6.7,6.3,3.4,0,5,6.0,Healthy,Yes,Medium
8733,7.6,5.7,5.7,0,0,5.0,Healthy,No,Medium
8734,3.2,9.7,,4,0,4.0,Healthy,Yes,Medium
8735,3.9,5.9,5.3,4,3,6.0,Healthy,No,Medium
8736,5.7,6.9,5.1,4,4,7.0,Healthy,Yes,High
8737,7.4,10.1,2.8,5,4,8.0,Unhealthy,No,High
8738,6.5,1.7,6.7,4,3,2.0,Healthy,No,Low
8739,10.0,13.9,2.2,3,4,4.0,Unhealthy,Yes,Medium
8740,4.0,9.1,6.1,2,5,7.0,Healthy,No,High
8741,5.5,5.1,2.4,5,1,3.0,Unhealthy,Yes,Low
8742,10.0,5.9,6.1,3,0,5.0,Unhealthy,No,Medium
8743,7.3,12.0,6.0,1,0,10.0,Healthy,No,High
8744,8.8,10.8,6.8,0,5,7.0,Unhealthy,No,High
8745,11.1,13.2,7.7,0,0,9.0,Healthy,Yes,High
8746,5.6,7.0,8.1,1,2,6.0,Healthy,No,Medium
8747,6.8,9.9,2.8,0,1,2.0,Unhealthy,No,Low
8748,6.5,10.3,5.9,4,2,9.0,Unhealthy,Yes,High
8749,3.1,11.1,10.0,4,3,6.0,Healthy,No,Medium
8750,6.4,12.4,6.2,5,2,10.0,Unhealthy,Yes,High
8751,8.8,6.8,4.3,4,4,2.0,Healthy,Yes,Low
8752,8.1,8.7,5.8,1,4,1.0,Unhealthy,No,Low
8753,,7.2,5.2,2,1,4.0,Unhealthy,No,Medium
8754,6.2,8.8,3.6,1,2,2.0,Healthy,No,Low
8755,5.7,11.1,7.7,2,2,7.0,Unhealthy,No,High
8756,9.5,4.0,7.2,0,0,7.0,Healthy,Yes,High
8757,6.0,24.0,3.3,5,1,3.0,Healthy,No,Low
8758,7.6,5.6,5.8,0,0,10.0,Healthy,No,High
8759,7.3,8.1,4.9,0,1,1.0,Healthy,Yes,Low
8760,9.9,12.7,2.8,2,1,2.0,Healthy,Yes,Low
8761,8.9,10.0,3.2,0,2,8.0,Unhealthy,Yes,High
8762,4.4,10.0,,1,5,4.0,Healthy,No,Medium
8763,4.6,5.5,5.9,2,0,3.0,Healthy,No,Low
8764,8.2,5.9,5.1,4,3,10.0,Unhealthy,No,High
8765,6.9,11.8,4.1,2,0,7.0,Unhealthy,No,High
8766,6.1,7.2,5.2,1,3,10.0,Unhealthy,Yes,High
8767,9.0,7.5,7.5,5,4,4.0,Healthy,No,Medium
8768,7.4,11.9,6.7,1,1,2.0,Unhealthy,Yes,Low
8769,7.1,5.9,8.0,1,0,3.0,Unhealthy,No,Low
8770,8.6,9.8,5.5,0,1,4.0,Healthy,No,Medium
8771,6.2,9.1,9.2,5,5,1.0,Healthy,No,Low
8772,10.1,9.0,6.7,4,0,8.0,Unhealthy,Yes,High
8773,5.4,7.4,5.0,5,4,8.0,Unhealthy,Yes,High
8774,8.3,7.3,6.2,4,0,5.0,Unhealthy,No,Medium
8775,9.9,5.8,3.5,3,4,6.0,Unhealthy,No,Medium
8776,4.2,10.4,5.4,5,1,4.0,Healthy,Yes,Medium
8777,6.3,7.0,6.9,5,2,3.0,Unhealthy,Yes,Low
8778,9.3,11.9,7.2,1,5,3.0,Unhealthy,No,Low
8779,9.3,8.3,5.2,5,3,4.0,Healthy,No,Medium
8780,6.7,5.8,11.5,0,1,6.0,Healthy,No,Medium
8781,5.5,8.3,20.0,2,5,2.0,Unhealthy,No,Low
8782,8.9,7.8,2.6,0,5,6.0,Unhealthy,No,Medium
8783,9.4,12.0,8.4,1,2,8.0,Unhealthy,No,High
8784,40.0,7.9,7.2,0,1,9.0,Healthy,No,High
8785,4.6,8.2,6.5,5,1,4.0,Healthy,No,Medium
8786,7.5,13.2,5.1,1,0,5.0,Unhealthy,No,Medium
8787,8.3,10.5,6.8,5,4,8.0,Healthy,no,High
8788,6.4,14.0,9.2,2,4,10.0,Unhealthy,Yes,High
8789,8.4,12.8,6.4,2,0,2.0,Unhealthy,Yes,Low
8790,5.6,6.3,3.1,4,0,10.0,Unhealthy,No,High
8791,2.8,12.0,-0.9,5,1,2.0,Healthy,Yes,Low
8792,6.2,13.6,6.8,3,4,9.0,Unhealthy,Yes,High
8793,7.1,13.6,4.0,0,1,6.0,Healthy,Yes,Medium
8794,6.4,12.0,5.8,3,2,10.0,Healthy,Yes,High
8795,4.7,11.9,4.4,0,2,9.0,Healthy,No,High
8796,3.4,8.1,,4,0,10.0,Unhealthy,Yes,High
8797,6.0,6.5,4.5,4,4,7.0,Healthy,Yes,High
8798,8.8,7.9,4.7,2,2,5.0,Unhealthy,No,Medium
8799,9.5,4.0,7.6,2,4,9.0,Healthy,Yes,High
8800,9.4,13.0,7.1,5,4,9.0,Unhealthy,No,High
8801,5.4,8.2,3.6,2,3,2.0,Healthy,No,Low
8802,4.7,12.9,3.9,5,2,8.0,Healthy,Yes,High
8803,8.0,5.3,6.8,0,2,8.0,Healthy,Yes,High
8804,8.3,12.2,8.1,5,1,2.0,Healthy,No,Low
8805,7.8,7.5,8.1,3,1,10.0,Unhealthy,No,High
8806,3.0,5.1,4.0,3,5,7.0,Healthy,Yes,High
8807,40.0,13.9,8.0,2,4,1.0,Unhealthy,No,Low
8808,6.9,12.3,2.4,4,0,5.0,Healthy,No,Medium
8809,8.0,9.6,5.6,3,1,5.0,Unhealthy,No,Medium
8810,8.5,9.1,7.0,4,1,10.0,Unhealthy,No,High
8811,7.3,10.3,1.8,2,5,5.0,Healthy,Yes,Medium
8812,7.7,9.6,10.2,0,5,2.0,Healthy,Yes,Low
8813,7.2,6.6,8.7,5,4,3.0,Healthy,Yes,Low
8814,8.4,7.8,7.3,1,5,6.0,Unhealthy,No,Medium
8815,7.6,14.9,4.1,3,2,1.0,Unhealthy,Yes,Low
8816,7.1,17.0,5.9,5,1,6.0,Healthy,Yes,Medium
8817,6.5,13.7,7.6,5,0,6.0,Healthy,Yes,Medium
8818,7.2,10.4,3.8,2,4,7.0,Unhealthy,Yes,High
8819,8.0,8.0,5.6,2,2,9.0,Unhealthy,No,High
8820,7.5,6.6,7.8,5,3,9.0,Healthy,Yes,High
8821,7.8,6.8,3.0,3,0,4.0,Healthy,No,Medium
8822,9.7,7.3,6.7,1,5,2.0,Healthy,No,Low
8823,7.5,15.5,2.5,0,2,5.0,Unhealthy,Yes,Medium
8824,5.7,14.4,4.1,3,4,1.0,Unhealthy,No,Low
8825,,11.2,5.0,5,3,5.0,Unhealthy,No,Medium
8826,4.3,6.1,7.0,0,5,10.0,Healthy,Yes,High
8827,4.8,11.7,4.6,2,5,3.0,Unhealthy,Yes,Low
8828,,8.3,6.3,5,0,7.0,Healthy,No,High
8829,8.0,2.5,4.6,5,1,7.0,Healthy,Yes,High
8830,4.5,9.9,4.9,3,1,3.0,Healthy,No,Low
8831,6.2,6.5,8.5,0,0,5.0,Healthy,Yes,Medium
8832,,6.6,,4,1,9.0,Unhealthy,No,High
8833,6.0,8.2,7.5,4,4,4.0,Unhealthy,Yes,Medium
8834,8.9,7.5,6.0,4,0,2.0,Healthy,Yes,Low
8835,8.4,8.9,4.8,5,0,3.0,Unhealthy,No,Low
8836,7.0,8.8,3.6,0,5,1.0,Unhealthy,Yes,Low
8837,5.9,3.4,3.7,4,1,5.0,Healthy,Yes,Medium
8838,4.3,13.6,4.5,2,5,9.0,Unhealthy,Yes,High
8839,9.8,6.0,5.7,5,0,2.0,Unhealthy,Yes,Low
8840,8.2,6.1,7.2,0,3,3.0,Unhealthy,Yes,Low
8841,5.6,8.0,5.4,2,0,3.0,Healthy,No,Low
8842,8.4,8.7,5.5,1,1,7.0,Healthy,No,High
8843,,13.4,5.8,0,1,10.0,Unhealthy,Yes,High
8844,6.4,9.8,7.0,4,1,7.0,Healthy,No,High
8845,7.9,10.7,7.3,4,1,1.0,Unhealthy,Yes,Low
8846,5.5,9.8,3.2,5,4,3.0,Healthy,No,Low
8847,6.3,9.7,5.4,1,1,1.0,Unhealthy,Yes,Low
8848,7.2,9.9,8.5,5,3,9.0,Healthy,Yes,High
8849,6.0,3.2,3.4,3,0,7.0,Unhealthy,Yes,High
8850,8.3,8.3,6.1,1,2,5.0,Healthy,No,Medium
8851,10.7,12.5,5.7,4,2,7.0,Healthy,No,High
8852,5.5,20.8,4.9,4,4,3.0,Healthy,No,Low
8853,3.7,5.4,9.2,3,2,3.0,healthy,Yes,Low
8854,3.0,10.3,6.1,1,1,1.0,Unhealthy,Yes,Low
8855,6.7,7.3,9.0,2,2,5.0,Healthy,Yes,Medium
8856,5.7,15.1,6.0,1,3,7.0,Unhealthy,Yes,High
8857,7.4,4.9,6.9,2,5,3.0,Unhealthy,No,Low
8858,7.3,10.9,4.8,4,1,5.0,Healthy,Yes,Medium
8859,3.8,4.8,4.9,4,2,10.0,Unhealthy,No,High
8860,3.4,8.0,6.8,1,1,1.0,Healthy,Yes,Low
8861,7.6,8.9,6.9,4,4,7.0,Unhealthy,No,High
8862,7.3,12.2,7.2,5,3,8.0,Unhealthy,Yes,High
8863,6.1,5.8,6.8,5,0,8.0,Healthy,Yes,High
8864,3.7,11.0,3.3,5,5,1.0,Unhealthy,Yes,Low
8865,7.9,9.1,4.4,3,1,4.0,Healthy,No,Medium
8866,9.5,9.8,7.7,0,3,9.0,Unhealthy,Yes,High
8867,7.6,11.9,2.1,2,4,2.0,Unhealthy,Yes,Low
8868,5.3,5.2,6.6,4,4,1.0,Unhealthy,Yes,Low
8869,7.1,11.4,5.8,2,3,6.0,Unhealthy,Yes,Medium
8870,4.3,7.3,7.7,1,2,1.0,Healthy,Yes,Low
8871,9.1,12.3,6.8,3,3,6.0,Healthy,Yes,Medium
8872,7.2,10.0,4.7,2,2,1.0,Unhealthy,No,Low
8873,3.5,8.4,4.6,4,2,6.0,Unhealthy,No,Medium
8874,6.4,7.2,5.0,0,3,9.0,Healthy,No,High
8875,7.9,11.5,,5,4,5.0,Unhealthy,Yes,Medium
8876,6.3,12.8,1.4,3,0,4.0,Healthy,Yes,Medium
8877,6.4,7.4,6.3,1,0,8.0,Healthy,No,High
8878,4.6,5.6,4.2,4,3,4.0,Unhealthy,Yes,Medium
8879,8.1,11.1,6.4,3,1,4.0,Healthy,No,Medium
8880,,4.7,6.7,4,3,9.0,Unhealthy,No,High
8881,2.7,5.1,2.7,1,0,1.0,Healthy,No,Low
8882,6.3,5.8,20.0,1,5,3.0,Unhealthy,No,Low
8883,9.0,7.8,6.3,0,3,4.0,Unhealthy,Yes,Medium
8884,6.2,5.0,6.2,3,5,8.0,Healthy,No,High
8885,10.5,3.2,5.8,0,5,1.0,Healthy,Yes,Low
8886,7.9,5.6,3.6,0,5,3.0,Healthy,No,Low
8887,7.7,10.9,3.9,0,4,2.0,Healthy,No,Low
8888,6.7,5.2,,5,0,6.0,Unhealthy,Yes,Medium
8889,6.9,8.0,7.1,2,0,9.0,Unhealthy,Yes,High
8890,6.5,14.8,5.8,1,0,10.0,Healthy,Yes,High
8891,6.4,8.9,5.9,0,4,9.0,Healthy,Yes,High
8892,8.1,10.0,2.6,2,0,10.0,Unhealthy,No,High
8893,5.1,6.2,5.9,2,1,5.0,Unhealthy,Yes,Medium
8894,4.8,15.5,7.3,2,0,3.0,Healthy,Yes,Low
8895,4.8,7.4,2.3,0,3,8.0,Unhealthy,Yes,High
8896,11.1,8.3,4.9,2,1,9.0,Healthy,No,High
8897,8.1,13.0,2.9,0,2,9.0,Unhealthy,Yes,High
8898,7.6,8.5,5.2,3,0,1.0,Unhealthy,No,Low
8899,4.9,9.1,,1,2,10.0,Unhealthy,Yes,High
8900,8.2,8.2,6.8,4,2,5.0,Unhealthy,Yes,Medium
8901,6.8,8.2,6.3,0,4,10.0,Unhealthy,Yes,High
8902,7.4,10.1,8.6,1,3,9.0,Unhealthy,No,High
8903,5.0,10.7,5.9,0,5,3.0,Unhealthy,No,Low
8904,7.3,7.1,6.7,5,3,7.0,Healthy,Yes,High
8905,6.2,6.7,4.9,3,2,9.0,Unhealthy,Yes,High
8906,5.5,7.2,3.8,1,4,2.0,Unhealthy,Yes,Low
8907,8.5,4.8,7.7,1,1,2.0,Healthy,No,Low
8908,3.9,4.2,8.5,2,0,,Healthy,No,Medium
8909,8.1,9.9,7.4,0,5,8.0,Healthy,Yes,High
8910,8.4,11.8,6.3,0,1,10.0,Unhealthy,No,High
8911,5.2,11.6,4.1,4,0,5.0,Healthy,Yes,Medium
8912,5.4,1.9,8.3,2,2,8.0,Unhealthy,No,High
8913,6.6,8.3,7.2,2,4,4.0,Healthy,No,Medium
8914,7.6,5.7,10.0,4,4,9.0,Healthy,No,High
8915,6.7,9.4,3.7,2,5,4.0,Unhealthy,No,Medium
8916,7.9,7.7,7.7,2,5,5.0,Healthy,No,Medium
8917,10.5,10.8,7.1,3,3,7.0,Unhealthy,Yes,High
8918,6.0,8.9,5.3,5,5,9.0,Unhealthy,Yes,High
8919,3.6,3.3,8.7,1,3,5.0,Unhealthy,No,Medium
8920,8.7,6.1,6.8,4,1,7.0,Unhealthy,No,High
8921,,9.0,4.1,3,5,4.0,Unhealthy,Yes,Medium
8922,7.8,9.3,5.8,5,3,2.0,Healthy,Yes,Low
8923,4.8,4.8,4.1,3,0,2.0,Healthy,No,Low
8924,6.8,4.4,5.1,3,4,5.0,Healthy,No,Medium
8925,4.8,9.2,7.4,2,4,2.0,Healthy,No,Low
8926,8.3,4.8,8.0,5,2,2.0,Healthy,Yes,Low
8927,4.3,4.0,6.4,5,2,2.0,Unhealthy,Yes,Low
8928,6.4,7.7,4.5,4,5,4.0,Unhealthy,no,Medium
8929,5.0,7.5,6.8,2,5,8.0,Unhealthy,No,High
8930,7.3,6.4,7.4,2,1,7.0,Unhealthy,No,High
8931,6.3,6.9,2.1,3,2,5.0,Unhealthy,No,Medium
8932,7.4,9.0,6.2,0,0,7.0,Healthy,No,High
8933,7.0,6.8,5.6,4,3,6.0,Unhealthy,No,Medium
8934,5.0,9.2,7.9,4,3,8.0,Unhealthy,No,High
8935,8.3,7.9,6.8,3,1,8.0,Unhealthy,Yes,High
8936,6.9,9.5,7.0,3,3,7.0,Unhealthy,Yes,High
8937,5.0,11.6,5.0,1,4,5.0,Healthy,No,Medium
8938,11.5,11.5,6.0,3,3,6.0,Healthy,No,Medium
8939,8.0,12.9,7.9,2,2,10.0,Healthy,No,High
8940,6.7,11.5,5.9,3,4,8.0,Unhealthy,Yes,High
8941,9.8,9.7,6.3,4,2,7.0,Healthy,No,High
8942,10.7,7.7,2.9,0,2,5.0,Unhealthy,Yes,Medium
8943,6.7,7.8,5.9,0,1,10.0,Unhealthy,No,High
8944,7.7,6.4,2.0,2,1,8.0,Healthy,Yes,High
8945,5.0,9.0,5.0,0,4,4.0,Unhealthy,No,Medium
8946,6.7,11.1,6.1,3,3,6.0,Unhealthy,Yes,Medium
8947,6.6,6.8,7.5,0,5,4.0,Healthy,No,Medium
8948,7.4,8.9,4.0,3,5,5.0,Healthy,Yes,Medium
8949,7.7,7.0,6.7,5,0,10.0,Healthy,Yes,High
8950,8.1,9.6,8.9,1,3,3.0,Healthy,No,Low
8951,7.5,7.4,4.7,4,4,2.0,healthy,No,Low
8952,4.6,6.8,2.9,5,0,1.0,Healthy,No,Low
8953,5.1,7.0,6.6,2,2,3.0,Healthy,Yes,Low
8954,5.9,10.5,3.6,1,2,1.0,Healthy,Yes,Low
8955,6.4,8.7,4.4,0,0,6.0,Unhealthy,Yes,Medium
8956,9.1,7.7,7.8,2,2,2.0,Unhealthy,No,Low
8957,4.7,9.8,9.8,3,3,3.0,Healthy,No,Low
8958,6.3,7.8,4.0,1,1,8.0,Healthy,Yes,High
8959,8.9,12.4,4.5,4,5,5.0,Unhealthy,Yes,Medium
8960,6.4,6.1,5.1,4,3,2.0,Healthy,No,Low
8961,,8.4,4.9,1,2,2.0,Healthy,Yes,Low
8962,6.7,4.8,9.9,1,1,3.0,Unhealthy,No,Low
8963,7.5,8.0,4.9,1,3,3.0,Healthy,Yes,Low
8964,6.5,4.0,5.2,0,5,8.0,Unhealthy,Yes,High
8965,8.3,11.2,9.2,5,2,5.0,Unhealthy,No,Medium
8966,3.9,11.3,7.2,5,3,,Unhealthy,No,High
8967,6.3,11.4,8.0,5,2,4.0,Unhealthy,Yes,Medium
8968,7.6,9.1,4.2,4,4,9.0,Healthy,Yes,High
8969,8.1,6.4,4.9,4,0,3.0,Unhealthy,Yes,Low
8970,10.0,6.6,3.9,0,2,2.0,Healthy,Yes,Low
8971,6.2,13.6,7.6,2,5,6.0,Healthy,Yes,Medium
8972,10.0,13.3,8.5,4,3,4.0,healthy,No,Medium
8973,5.7,9.4,4.8,2,5,2.0,Healthy,Yes,Low
8974,9.7,7.5,5.3,2,2,6.0,Unhealthy,Yes,Medium
8975,8.6,13.1,5.4,2,2,4.0,Unhealthy,Yes,Medium
8976,5.2,6.9,2.9,4,5,10.0,Unhealthy,No,High
8977,7.6,9.7,4.7,3,3,4.0,Healthy,Yes,Medium
8978,6.9,13.1,7.5,2,3,10.0,Unhealthy,No,High
8979,8.3,6.5,4.2,5,1,4.0,Unhealthy,Yes,Medium
8980,6.6,11.5,6.2,3,5,4.0,Healthy,No,Medium
8981,6.4,10.6,3.4,0,5,8.0,Unhealthy,No,High
8982,,8.9,5.7,5,2,1.0,Unhealthy,No,Low
8983,6.8,6.0,,3,4,9.0,Healthy,Yes,High
8984,8.7,6.8,3.6,3,0,3.0,Healthy,No,Low
8985,6.5,9.9,7.6,1,5,5.0,Unhealthy,No,Medium
8986,10.3,4.7,7.7,2,2,5.0,Healthy,No,Medium
8987,5.6,9.4,4.1,4,3,4.0,Unhealthy,Yes,Medium
8988,5.8,10.6,5.6,1,1,4.0,Healthy,No,Medium
8989,10.0,12.0,6.1,5,2,7.0,Unhealthy,Yes,High
8990,6.1,4.8,2.4,3,4,4.0,Healthy,Yes,Medium
8991,10.2,12.9,3.2,0,3,10.0,Unhealthy,No,High
8992,8.8,14.1,8.6,4,4,3.0,Healthy,Yes,Low
8993,6.7,10.2,3.9,0,4,9.0,Healthy,No,High
8994,3.4,5.9,8.5,3,5,4.0,Unhealthy,No,Medium
8995,7.0,8.0,3.3,0,0,4.0,Unhealthy,Yes,Medium
8996,7.2,8.9,7.3,1,0,10.0,Unhealthy,Yes,High
8997,9.3,9.8,5.4,0,5,8.0,Unhealthy,Yes,High
8998,10.2,9.1,5.7,1,2,7.0,Healthy,Yes,High
8999,5.6,9.8,9.7,2,0,4.0,Unhealthy,Yes,Medium
9000,8.6,8.7,3.5,4,2,8.0,Healthy,Yes,High
9001,8.5,9.8,7.2,0,2,10.0,Healthy,No,High
9002,9.1,7.6,7.1,1,5,2.0,Healthy,Yes,Low
9003,8.0,8.0,12.7,3,3,9.0,Unhealthy,Yes,High
9004,3.1,7.3,3.8,5,3,2.0,Unhealthy,Yes,Low
9005,6.7,14.8,4.7,3,1,10.0,Unhealthy,No,High
9006,4.7,13.4,7.6,1,0,3.0,Unhealthy,No,Low
9007,6.6,10.7,5.6,4,5,6.0,Healthy,Yes,Medium
9008,9.0,13.0,5.1,2,1,7.0,Unhealthy,Yes,High
9009,7.6,11.4,7.9,2,5,9.0,healthy,No,High
9010,9.3,9.5,5.5,4,4,8.0,Healthy,No,High
9011,7.7,4.5,4.2,5,2,6.0,Healthy,No,Medium
9012,4.4,8.2,7.5,0,2,8.0,Healthy,No,High
9013,2.0,8.0,6.8,1,3,5.0,Healthy,No,Medium
9014,7.3,5.6,5.4,2,4,10.0,Healthy,No,High
9015,6.6,4.5,5.3,4,2,10.0,Unhealthy,No,High
9016,5.0,10.5,4.2,2,2,9.0,Healthy,No,High
9017,3.6,10.0,7.5,2,4,4.0,Healthy,No,Medium
9018,5.5,5.5,5.3,0,4,1.0,Unhealthy,No,Low
9019,6.6,6.8,4.5,2,2,8.0,Healthy,Yes,High
9020,8.3,12.5,3.4,1,4,5.0,Healthy,No,Medium
9021,7.4,6.4,6.8,4,0,9.0,Unhealthy,No,High
9022,10.2,9.5,5.0,5,4,3.0,Healthy,Yes,Low
9023,4.9,8.4,2.0,5,1,9.0,Unhealthy,Yes,High
9024,8.8,10.5,3.6,5,1,8.0,Unhealthy,Yes,High
9025,7.1,6.4,5.5,0,2,6.0,Healthy,Yes,Medium
9026,8.4,9.3,5.6,5,2,10.0,Unhealthy,No,High
9027,6.1,9.5,,0,3,10.0,Unhealthy,No,High
9028,9.1,9.7,5.2,5,4,8.0,Healthy,Yes,High
9029,7.6,9.2,3.0,4,1,8.0,Unhealthy,No,High
9030,5.6,10.0,4.3,1,3,7.0,Unhealthy,Yes,High
9031,7.0,15.6,8.4,5,2,7.0,Healthy,Yes,High
9032,,16.7,8.1,2,5,3.0,Unhealthy,No,Low
9033,8.0,7.1,7.2,2,5,7.0,Healthy,No,High
9034,4.6,2.0,7.0,5,0,3.0,Healthy,Yes,Low
9035,6.9,10.8,7.8,1,4,9.0,Healthy,No,High
9036,7.8,9.6,3.8,3,3,5.0,Healthy,No,Medium
9037,7.1,12.2,6.1,4,0,8.0,Unhealthy,No,High
9038,9.7,9.9,3.8,1,5,3.0,Healthy,Yes,Low
9039,8.5,9.2,3.8,2,2,3.0,Healthy,No,Low
9040,7.0,12.4,6.7,4,1,3.0,Unhealthy,Yes,Low
9041,7.4,12.8,7.9,5,3,8.0,Healthy,No,High
9042,7.6,4.8,5.6,4,3,9.0,Healthy,No,High
9043,7.8,6.6,9.3,2,2,7.0,Healthy,Yes,High
9044,,8.7,6.4,1,2,1.0,Healthy,Yes,Low
9045,6.4,9.3,4.4,3,1,6.0,Healthy,Yes,Medium
9046,4.0,8.3,3.8,4,1,3.0,Healthy,Yes,Low
9047,9.6,10.3,8.0,5,1,1.0,Healthy,No,Low
9048,6.9,12.0,6.3,4,0,10.0,Healthy,No,High
9049,6.6,14.2,7.4,4,0,2.0,Unhealthy,No,Low
9050,8.8,10.7,0.7,5,2,3.0,Unhealthy,Yes,Low
9051,7.8,6.4,6.5,5,3,7.0,Healthy,No,High
9052,4.7,8.6,5.0,5,0,6.0,Unhealthy,No,Medium
9053,6.9,8.8,3.2,1,2,2.0,Healthy,No,Low
9054,6.3,10.5,5.9,4,5,5.0,Unhealthy,Yes,Medium
9055,40.0,10.2,8.2,5,5,1.0,Unhealthy,Yes,Low
9056,5.6,15.2,10.5,2,0,3.0,Unhealthy,Yes,Low
9057,6.6,7.6,6.5,2,1,1.0,Healthy,Yes,Low
9058,6.8,10.2,4.6,5,5,3.0,Healthy,No,Low
9059,4.0,16.1,4.5,0,2,2.0,Unhealthy,Yes,Low
9060,9.3,7.2,7.9,4,5,4.0,Healthy,No,Medium
9061,6.8,9.4,4.0,3,1,5.0,Healthy,Yes,Medium
9062,7.1,6.2,7.2,0,4,3.0,Unhealthy,No,Low
9063,7.8,9.2,6.6,4,5,10.0,Unhealthy,Yes,High
9064,5.4,6.7,6.4,4,3,5.0,Healthy,Yes,Medium
9065,7.9,12.1,2.9,5,1,7.0,Unhealthy,No,High
9066,6.3,9.4,5.3,1,3,10.0,Healthy,Yes,High
9067,5.2,6.2,3.1,1,2,9.0,Healthy,Yes,High
9068,8.1,11.5,4.8,2,4,8.0,Healthy,No,High
9069,10.0,9.5,7.8,0,3,6.0,Healthy,Yes,Medium
9070,8.4,11.9,8.5,0,5,9.0,Healthy,Yes,High
9071,8.8,5.6,6.4,5,0,8.0,Unhealthy,No,High
9072,6.0,10.1,4.9,0,5,4.0,Unhealthy,Yes,Medium
9073,3.8,11.3,9.2,5,5,2.0,Unhealthy,No,Low
9074,10.0,7.7,4.8,2,2,9.0,Unhealthy,Yes,High
9075,11.1,5.2,3.7,3,4,6.0,Unhealthy,Yes,Medium
9076,10.1,8.9,7.4,3,0,10.0,Unhealthy,Yes,High
9077,,12.7,6.9,5,0,8.0,Unhealthy,No,High
9078,4.7,12.4,4.9,3,5,8.0,Healthy,Yes,High
9079,4.9,7.7,6.2,5,4,4.0,Healthy,No,Medium
9080,3.6,5.2,6.9,0,1,10.0,Unhealthy,No,High
9081,6.8,7.7,6.4,4,4,5.0,Healthy,No,Medium
9082,10.2,7.6,6.9,0,4,1.0,Unhealthy,Yes,Low
9083,6.7,10.3,5.0,5,4,9.0,Healthy,Yes,High
9084,7.6,8.7,7.1,4,3,7.0,Healthy,Yes,High
9085,9.8,6.7,6.0,1,1,1.0,Healthy,Yes,Low
9086,6.2,12.3,5.1,5,2,10.0,Healthy,No,High
9087,11.1,9.4,5.5,5,0,10.0,Unhealthy,No,High
9088,11.0,10.3,5.8,2,5,3.0,Unhealthy,Yes,Low
9089,6.7,3.8,3.1,3,3,9.0,Unhealthy,No,High
9090,5.8,1.7,4.7,0,1,1.0,Unhealthy,No,Low
9091,8.4,4.7,6.1,0,4,6.0,Healthy,Yes,Medium
9092,6.3,7.6,3.3,1,5,5.0,Unhealthy,Yes,Medium
9093,4.7,10.7,4.8,4,5,4.0,Healthy,No,Medium
9094,9.6,2.0,10.8,3,3,1.0,Healthy,Yes,Low
9095,9.4,13.8,3.7,2,3,7.0,Unhealthy,Yes,High
9096,7.3,9.5,5.2,4,0,1.0,Healthy,No,Low
9097,4.5,13.1,4.3,4,2,1.0,Unhealthy,No,Low
9098,4.5,6.3,5.8,5,1,2.0,Unhealthy,No,Low
9099,7.2,10.5,4.4,3,5,9.0,Unhealthy,Yes,High
9100,6.0,9.3,,2,5,1.0,Unhealthy,No,Low
9101,6.3,11.5,4.6,3,1,8.0,Unhealthy,No,High
9102,9.0,8.3,8.1,3,1,1.0,Healthy,Yes,Low
9103,8.5,10.4,6.2,0,4,1.0,Unhealthy,Yes,Low
9104,9.8,12.3,4.0,2,4,9.0,Unhealthy,No,High
9105,5.0,7.0,7.7,4,3,8.0,Unhealthy,No,High
9106,6.3,9.7,4.1,3,5,1.0,Healthy,Yes,Low
9107,8.5,3.3,2.9,1,2,7.0,healthy,Yes,High
9108,40.0,11.1,6.0,2,0,8.0,Unhealthy,No,High
9109,10.1,14.9,9.8,1,5,2.0,Healthy,No,Low
9110,7.8,5.3,2.3,4,0,4.0,Healthy,Yes,Medium
9111,10.7,8.7,3.3,2,2,2.0,Healthy,No,Low
9112,8.1,11.6,7.5,0,1,6.0,Healthy,Yes,Medium
9113,9.1,9.1,4.7,2,2,5.0,Healthy,No,Medium
9114,6.4,9.5,7.2,4,0,5.0,Healthy,No,Medium
9115,7.0,7.8,4.3,0,4,8.0,Unhealthy,No,High
9116,8.8,7.7,20.0,4,2,1.0,Healthy,Yes,Low
9117,10.2,8.7,9.5,5,3,10.0,Unhealthy,Yes,High
9118,8.5,9.1,3.6,2,4,2.0,Unhealthy,No,Low
9119,6.8,5.5,8.0,4,3,1.0,Healthy,Yes,Low
9120,9.8,8.8,7.4,2,3,4.0,Healthy,Yes,Medium
9121,2.6,13.7,3.0,0,2,2.0,Healthy,No,Low
9122,4.2,7.7,7.1,2,3,10.0,Unhealthy,No,High
9123,8.4,5.3,6.1,4,5,7.0,Unhealthy,Yes,High
9124,7.0,8.5,6.2,4,1,5.0,Unhealthy,No,Medium
9125,8.2,6.9,6.7,5,2,5.0,Unhealthy,No,Medium
9126,7.1,5.0,5.3,5,0,1.0,Unhealthy,Yes,Low
9127,8.1,9.4,6.1,4,1,2.0,Healthy,No,Low
9128,5.4,6.9,6.5,1,4,5.0,Healthy,Yes,Medium
9129,8.1,7.1,7.5,1,2,7.0,Unhealthy,Yes,High
9130,9.0,9.5,2.9,1,0,1.0,Healthy,No,Low
9131,9.4,4.4,8.6,3,0,7.0,Healthy,No,High
9132,11.0,3.8,3.7,5,2,2.0,Unhealthy,Yes,Low
9133,7.5,11.0,7.5,2,1,2.0,Healthy,Yes,Low
9134,7.5,3.2,6.2,1,5,9.0,Unhealthy,Yes,High
9135,4.0,6.1,3.4,4,0,8.0,Unhealthy,No,High
9136,5.9,3.6,7.1,4,2,10.0,Healthy,Yes,High
9137,6.6,7.5,4.1,1,2,4.0,Unhealthy,No,Medium
9138,9.1,10.3,8.1,5,5,5.0,Unhealthy,Yes,Medium
9139,5.8,9.3,4.6,1,3,,Healthy,Yes,High
9140,8.6,16.2,3.0,4,2,4.0,Healthy,No,Medium
9141,7.0,12.3,9.1,1,0,10.0,Healthy,Yes,High
9142,6.6,6.2,6.4,5,3,8.0,Healthy,No,High
9143,7.5,5.4,7.7,3,0,5.0,Unhealthy,No,Medium
9144,6.2,17.1,4.3,3,1,1.0,Healthy,No,Low
9145,6.1,12.2,2.2,5,1,7.0,Healthy,Yes,High
9146,3.6,10.8,9.4,3,0,10.0,Healthy,No,High
9147,6.5,9.2,6.0,0,4,3.0,Unhealthy,No,Low
9148,6.0,9.8,7.0,3,4,7.0,Unhealthy,No,High
9149,6.0,4.6,7.3,4,4,8.0,Healthy,No,High
9150,7.8,9.5,5.3,5,0,4.0,Unhealthy,Yes,Medium
9151,8.3,9.2,6.5,0,2,6.0,Healthy,No,Medium
9152,7.5,6.3,,4,3,10.0,Unhealthy,Yes,High
9153,9.0,7.4,5.9,4,2,7.0,Unhealthy,Yes,High
9154,8.2,13.5,7.9,5,5,8.0,Unhealthy,No,High
9155,6.4,8.6,2.0,5,0,3.0,Healthy,Yes,Low
9156,6.1,15.2,8.2,1,5,7.0,Healthy,no,High
9157,7.6,3.8,3.0,5,5,5.0,Unhealthy,No,Medium
9158,8.1,7.4,8.0,2,2,7.0,Unhealthy,No,High
9159,9.8,4.4,6.8,3,5,6.0,Healthy,Yes,Medium
9160,9.4,5.4,5.8,5,1,5.0,Healthy,Yes,Medium
9161,5.9,6.5,5.8,2,3,3.0,Unhealthy,No,Low
9162,6.8,9.9,5.5,2,0,10.0,Healthy,Yes,High
9163,8.3,9.8,4.4,1,3,2.0,Healthy,Yes,Low
9164,9.1,7.0,5.6,2,4,3.0,Unhealthy,Yes,Low
9165,8.9,2.3,10.4,3,4,2.0,Unhealthy,No,Low
9166,6.9,13.4,8.6,0,1,3.0,Healthy,No,Low
9167,4.5,8.1,4.3,4,0,2.0,Healthy,No,Low
9168,40.0,5.7,6.5,3,4,1.0,Unhealthy,No,Low
9169,7.5,9.8,6.2,1,3,9.0,Unhealthy,No,High
9170,7.7,9.6,5.7,0,3,10.0,Healthy,No,High
9171,4.8,8.0,4.0,1,1,5.0,Unhealthy,No,Medium
9172,7.1,9.4,6.9,3,5,9.0,Unhealthy,Yes,High
9173,8.3,5.5,7.7,4,4,8.0,Unhealthy,No,High
9174,4.7,11.3,4.3,2,2,7.0,Healthy,No,High
9175,9.2,6.0,9.9,5,4,6.0,Unhealthy,No,Medium
9176,6.2,7.2,9.0,5,1,4.0,Healthy,Yes,Medium
9177,9.5,10.9,7.1,2,4,10.0,Unhealthy,Yes,High
9178,5.9,12.6,3.5,1,0,10.0,Unhealthy,Yes,High
9179,4.9,13.8,6.8,0,1,7.0,Healthy,No,High
9180,6.1,12.2,6.6,5,2,7.0,Healthy,Yes,High
9181,6.8,8.0,7.0,4,3,1.0,Healthy,No,Low
9182,6.2,4.4,9.2,1,4,9.0,Unhealthy,No,High
9183,6.6,13.2,5.6,4,5,4.0,Healthy,Yes,Medium
9184,7.7,13.1,10.1,5,3,7.0,Unhealthy,Yes,High
9185,6.7,7.0,6.8,1,1,9.0,Healthy,No,High
9186,6.9,11.8,5.4,0,3,2.0,Healthy,No,Low
9187,3.6,8.0,10.8,3,5,8.0,Unhealthy,Yes,High
9188,7.8,13.5,7.7,2,5,4.0,Unhealthy,No,Medium
9189,6.8,7.5,5.1,4,5,4.0,Healthy,Yes,Medium
9190,10.2,14.9,6.2,4,5,3.0,Unhealthy,Yes,Low
9191,5.1,11.4,7.3,0,0,10.0,Healthy,No,High
9192,3.4,14.4,5.7,4,5,4.0,Healthy,No,Medium
9193,8.2,7.6,6.3,3,1,9.0,Healthy,Yes,High
9194,7.7,10.2,4.4,3,1,1.0,Healthy,No,Low
9195,5.0,6.1,2.6,0,4,9.0,Healthy,Yes,High
9196,3.9,11.5,6.2,1,1,10.0,Healthy,Yes,High
9197,10.1,11.7,6.3,1,0,9.0,Healthy,No,High
9198,9.8,16.2,7.1,4,4,1.0,Unhealthy,Yes,Low
9199,2.0,10.4,4.8,4,0,9.0,Unhealthy,No,High
9200,6.1,11.2,3.3,0,2,6.0,Unhealthy,No,Medium
9201,10.3,7.6,4.1,3,4,8.0,Healthy,Yes,High
9202,6.0,10.6,8.1,0,1,8.0,Healthy,Yes,High
9203,6.0,7.9,4.7,1,1,8.0,Unhealthy,Yes,High
9204,6.4,9.3,5.1,3,1,8.0,Healthy,Yes,High
9205,4.8,9.5,5.4,4,2,1.0,Unhealthy,No,Low
9206,3.6,7.9,4.8,1,0,1.0,Healthy,Yes,Low
9207,9.1,9.2,4.6,2,1,7.0,Unhealthy,No,High
9208,3.3,7.9,4.3,1,5,9.0,Healthy,Yes,High
9209,7.5,7.9,8.8,3,3,10.0,Healthy,No,High
9210,8.8,12.2,7.4,3,5,8.0,Healthy,Yes,High
9211,4.1,9.5,8.5,0,1,5.0,Unhealthy,Yes,Medium
9212,5.2,10.0,8.9,3,4,8.0,Unhealthy,Yes,High
9213,9.4,4.6,1.3,2,4,9.0,Healthy,Yes,High
9214,8.1,10.3,6.7,2,3,7.0,Healthy,Yes,High
9215,5.8,10.6,4.8,3,2,,Healthy,No,High
9216,9.4,7.8,8.2,4,4,3.0,Unhealthy,Yes,Low
9217,9.4,15.3,4.5,3,2,9.0,Unhealthy,Yes,High
9218,7.5,2.1,3.9,4,2,5.0,Healthy,Yes,Medium
9219,5.2,11.4,3.1,3,3,8.0,Healthy,Yes,High
9220,6.2,11.1,5.4,1,4,1.0,Unhealthy,No,Low
9221,7.6,10.6,7.8,3,5,1.0,Unhealthy,Yes,Low
9222,6.6,24.0,,1,1,3.0,Healthy,Yes,Low
9223,8.9,10.7,3.6,4,5,2.0,Healthy,Yes,Low
9224,3.9,11.6,10.3,3,5,5.0,Healthy,Yes,Medium
9225,4.0,6.8,7.3,4,5,9.0,Unhealthy,No,High
9226,7.4,9.9,7.6,2,2,9.0,Healthy,Yes,High
9227,6.0,8.5,8.6,5,2,8.0,Healthy,Yes,High
9228,5.7,5.7,2.7,0,4,5.0,Unhealthy,No,Medium
9229,3.5,11.2,4.2,4,4,3.0,Healthy,No,Low
9230,7.0,7.3,7.6,1,5,6.0,Healthy,Yes,Medium
9231,6.9,4.5,4.4,0,3,8.0,Healthy,No,High
9232,8.3,7.4,5.4,5,0,6.0,Unhealthy,No,Medium
9233,7.1,6.6,5.8,3,5,7.0,Healthy,Yes,High
9234,6.7,12.1,3.4,1,5,7.0,Unhealthy,No,High
9235,9.4,9.5,5.3,0,0,7.0,Healthy,Yes,High
9236,4.4,13.1,7.8,0,0,9.0,Healthy,Yes,High
9237,8.1,7.0,7.5,4,2,9.0,Healthy,No,High
9238,3.7,11.6,8.2,3,3,1.0,Unhealthy,No,Low
9239,5.3,17.5,8.0,3,0,3.0,Unhealthy,Yes,Low
9240,4.6,10.1,6.8,3,5,5.0,Unhealthy,Yes,Medium
9241,8.6,11.6,6.7,4,4,4.0,Healthy,No,Medium
9242,6.9,11.1,6.5,4,5,1.0,healthy,No,Low
9243,7.0,4.7,4.7,3,2,1.0,Healthy,No,Low
9244,4.8,10.8,3.9,0,2,4.0,Unhealthy,No,Medium
9245,6.4,9.9,4.6,5,5,5.0,Healthy,No,Medium
9246,5.5,8.2,5.3,3,4,4.0,Unhealthy,Yes,Medium
9247,7.8,6.3,4.7,4,3,2.0,Unhealthy,No,Low
9248,5.0,11.1,6.8,3,3,5.0,Unhealthy,Yes,Medium
9249,9.7,6.1,6.4,4,0,10.0,Unhealthy,No,High
9250,3.6,15.4,6.6,3,4,3.0,Healthy,No,Low
9251,5.4,9.3,6.7,5,1,7.0,Healthy,No,High
9252,10.4,5.3,8.4,0,3,4.0,Healthy,Yes,Medium
9253,6.1,7.5,6.0,0,0,2.0,Unhealthy,No,Low
9254,4.4,8.2,8.0,4,2,8.0,Unhealthy,Yes,High
9255,7.4,16.2,7.0,4,3,10.0,Healthy,Yes,High
9256,6.0,6.3,8.3,1,1,2.0,Healthy,Yes,Low
9257,5.3,8.7,9.2,2,2,7.0,Healthy,No,High
9258,4.8,7.4,7.2,1,2,8.0,Unhealthy,No,High
9259,12.5,10.5,6.2,4,4,10.0,Healthy,No,High
9260,6.5,7.4,6.2,5,4,3.0,healthy,No,Low
9261,3.1,5.6,5.1,4,5,6.0,Healthy,No,Medium
9262,10.0,8.4,5.0,3,3,4.0,Unhealthy,No,Medium
9263,,8.1,7.8,1,1,2.0,Healthy,No,Low
9264,5.5,7.2,4.1,2,4,8.0,Healthy,Yes,High
9265,40.0,7.4,9.2,1,0,2.0,Healthy,Yes,Low
9266,8.3,12.6,5.7,0,2,9.0,Unhealthy,No,High
9267,6.5,8.0,11.7,0,0,,Healthy,No,High
9268,3.1,5.6,4.6,1,2,8.0,Unhealthy,Yes,High
9269,10.6,7.6,6.5,5,0,10.0,Healthy,no,High
9270,6.1,9.2,5.3,1,2,3.0,Unhealthy,No,Low
9271,10.0,5.0,4.4,5,4,8.0,Healthy,No,High
9272,9.6,13.9,8.1,4,0,5.0,Healthy,Yes,Medium
9273,5.0,11.6,3.8,5,3,10.0,Healthy,No,High
9274,9.1,13.3,4.6,3,3,5.0,Healthy,No,Medium
9275,5.7,10.2,7.2,0,1,2.0,Healthy,No,Low
9276,40.0,2.7,7.5,2,1,3.0,Healthy,Yes,Low
9277,6.2,13.6,3.2,3,5,8.0,Healthy,No,High
9278,7.8,6.4,7.2,5,1,1.0,Unhealthy,No,Low
9279,6.1,6.7,6.3,1,0,4.0,Unhealthy,Yes,Medium
9280,6.4,9.5,4.2,0,2,6.0,Unhealthy,No,Medium
9281,9.3,13.1,4.4,1,5,9.0,Healthy,Yes,High
9282,7.2,12.2,1.9,0,1,8.0,Unhealthy,No,High
9283,5.3,11.7,9.4,2,4,10.0,Unhealthy,No,High
9284,8.4,8.1,8.0,3,3,5.0,Unhealthy,Yes,Medium
9285,,8.0,3.4,2,3,7.0,Unhealthy,No,High
9286,2.0,10.0,7.6,2,4,8.0,Healthy,No,High
9287,7.9,8.6,4.9,3,3,9.0,Unhealthy,No,High
9288,7.8,11.7,7.8,5,0,3.0,Unhealthy,No,Low
9289,7.0,11.5,5.0,3,4,8.0,Healthy,No,High
9290,,10.8,5.3,5,0,3.0,Unhealthy,No,Low
9291,5.7,1.4,5.4,2,5,1.0,Healthy,Yes,Low
9292,7.7,9.4,4.7,1,3,4.0,Unhealthy,No,Medium
9293,3.9,8.7,8.8,3,4,7.0,Healthy,Yes,High
9294,7.8,9.5,7.8,2,4,9.0,Healthy,Yes,High
9295,10.9,6.7,6.2,2,5,10.0,Unhealthy,Yes,High
9296,5.0,5.0,8.0,2,5,7.0,Healthy,Yes,High
9297,5.5,10.4,2.7,1,5,10.0,Healthy,No,High
9298,5.6,7.9,3.5,4,4,5.0,Healthy,No,Medium
9299,7.3,10.7,6.9,4,3,1.0,Unhealthy,Yes,Low
9300,4.9,7.0,7.5,3,3,1.0,Healthy,Yes,Low
9301,7.8,13.2,6.6,4,3,9.0,Unhealthy,No,High
9302,8.7,12.0,2.2,0,1,4.0,Unhealthy,No,Medium
9303,8.1,9.9,3.9,5,1,3.0,Healthy,No,Low
9304,3.5,8.4,6.8,3,2,5.0,Healthy,Yes,Medium
9305,9.0,11.6,10.9,3,4,7.0,Unhealthy,Yes,High
9306,8.9,10.2,,2,3,,Unhealthy,Yes,High
9307,8.7,9.7,9.2,5,4,5.0,Healthy,No,Medium
9308,7.7,12.1,6.7,0,5,8.0,Unhealthy,No,High
9309,7.4,13.3,6.7,4,0,5.0,Unhealthy,No,Medium
9310,,5.2,3.9,3,0,10.0,Healthy,No,High
9311,10.8,5.8,7.9,5,3,4.0,Unhealthy,No,Medium
9312,5.1,6.7,5.9,0,1,6.0,Unhealthy,No,Medium
9313,9.2,4.5,7.4,1,2,3.0,Healthy,No,Low
9314,6.8,8.8,6.1,1,1,4.0,Unhealthy,Yes,Medium
9315,6.7,10.8,6.6,2,4,8.0,Healthy,Yes,High
9316,3.9,8.9,5.8,0,1,10.0,Healthy,Yes,High
9317,6.4,7.4,6.4,3,3,10.0,Healthy,Yes,High
9318,5.0,12.4,8.0,1,5,3.0,Healthy,Yes,Low
9319,6.1,9.4,3.5,5,5,10.0,Healthy,Yes,High
9320,4.8,10.0,3.0,1,1,3.0,Healthy,No,Low
9321,6.1,12.5,6.9,5,0,6.0,Unhealthy,Yes,Medium
9322,6.2,8.6,8.9,4,3,8.0,Healthy,Yes,High
9323,7.2,15.2,9.4,4,3,10.0,Unhealthy,Yes,High
9324,3.8,7.7,3.6,0,3,2.0,Unhealthy,Yes,Low
9325,4.1,15.0,5.2,4,1,1.0,Unhealthy,No,Low
9326,7.7,6.1,3.0,0,0,10.0,Healthy,No,High
9327,5.4,10.6,,3,1,1.0,Healthy,No,Low
9328,9.1,7.1,8.2,3,4,7.0,Healthy,No,High
9329,7.5,12.4,6.0,3,5,2.0,Unhealthy,No,Low
9330,8.2,7.6,5.3,4,2,9.0,healthy,No,High
9331,9.8,9.9,7.1,4,2,10.0,Unhealthy,Yes,High
9332,,7.0,4.4,2,5,,Healthy,Yes,Medium
9333,5.9,11.8,9.2,1,2,7.0,Unhealthy,No,High
9334,8.7,7.0,6.0,5,5,5.0,Healthy,No,Medium
9335,8.0,14.1,5.2,3,4,5.0,Unhealthy,Yes,Medium
9336,6.6,6.0,7.2,4,4,7.0,Healthy,No,High
9337,9.8,5.0,7.9,1,4,9.0,Healthy,No,High
9338,6.6,11.9,9.2,3,0,4.0,Healthy,No,Medium
9339,7.1,7.2,5.6,3,3,9.0,Healthy,Yes,High
9340,7.0,9.0,8.2,5,5,9.0,Unhealthy,Yes,High
9341,5.1,8.0,6.2,1,4,8.0,Healthy,Yes,High
9342,7.2,5.1,4.8,1,2,1.0,Unhealthy,Yes,Low
9343,9.8,8.8,4.4,4,5,10.0,Unhealthy,Yes,High
9344,7.9,12.8,3.8,1,2,9.0,Unhealthy,No,High
9345,7.1,12.0,4.5,1,5,3.0,Healthy,Yes,Low
9346,6.7,9.7,8.2,4,5,8.0,Healthy,Yes,High
9347,7.7,12.3,7.4,3,1,5.0,Healthy,No,Medium
9348,8.5,5.8,3.5,5,3,6.0,Healthy,No,Medium
9349,8.2,8.0,2.5,1,4,3.0,Healthy,No,Low
9350,6.3,10.2,3.8,5,3,7.0,Unhealthy,Yes,High
9351,7.6,8.6,4.4,2,4,2.0,Healthy,Yes,Low
9352,8.0,8.3,5.4,0,2,3.0,Healthy,Yes,Low
9353,5.0,5.4,8.3,5,3,2.0,Healthy,Yes,Low
9354,7.3,2.8,4.9,1,3,9.0,Unhealthy,No,High
9355,2.7,11.5,9.4,5,4,3.0,Healthy,Yes,Low
9356,8.0,9.7,,1,4,8.0,Unhealthy,Yes,High
9357,8.3,11.7,5.3,0,3,6.0,Healthy,No,Medium
9358,8.5,7.7,7.6,2,5,1.0,Unhealthy,No,Low
9359,6.2,6.9,7.7,5,4,6.0,Healthy,No,Medium
9360,7.6,9.0,5.3,3,3,8.0,Unhealthy,Yes,High
9361,9.8,11.6,8.0,2,1,10.0,Healthy,Yes,High
9362,9.8,8.3,7.6,0,3,3.0,Healthy,Yes,Low
9363,6.9,11.4,4.6,5,0,7.0,Healthy,No,High
9364,7.3,6.0,6.6,1,3,6.0,Unhealthy,Yes,Medium
9365,9.2,8.5,7.4,3,5,1.0,Healthy,Yes,Low
9366,4.0,8.8,4.8,2,1,,Healthy,No,Low
9367,6.4,12.7,9.4,2,1,5.0,Healthy,Yes,Medium
9368,9.7,9.6,4.3,3,5,7.0,Healthy,Yes,High
9369,9.0,14.2,6.3,2,2,4.0,Unhealthy,Yes,Medium
9370,7.7,5.0,3.5,0,5,6.0,Healthy,No,Medium
9371,4.0,9.4,6.2,3,2,2.0,Healthy,No,Low
9372,6.9,9.5,3.9,0,0,5.0,Healthy,Yes,Medium
9373,5.8,10.9,5.4,3,4,10.0,Unhealthy,No,High
9374,7.7,6.6,2.8,0,4,3.0,Healthy,Yes,Low
9375,5.4,14.1,7.6,1,1,1.0,Healthy,Yes,Low
9376,4.9,9.0,6.7,1,1,6.0,Healthy,No,Medium
9377,2.9,5.7,8.2,2,2,9.0,Unhealthy,Yes,High
9378,9.4,9.0,5.3,3,1,10.0,Healthy,No,High
9379,6.2,8.1,8.3,5,3,8.0,Healthy,No,High
9380,7.3,17.3,6.1,3,3,4.0,Healthy,Yes,Medium
9381,7.0,12.1,6.2,0,0,8.0,Healthy,No,High
9382,4.9,9.1,10.2,5,3,5.0,Unhealthy,Yes,Medium
9383,4.5,8.7,5.0,2,0,3.0,Unhealthy,Yes,Low
9384,5.0,11.9,8.5,2,2,4.0,Healthy,No,Medium
9385,5.6,12.0,7.0,5,3,7.0,Healthy,Yes,High
9386,7.7,0.3,4.9,3,0,5.0,Unhealthy,No,Medium
9387,5.4,10.9,3.4,1,4,4.0,Healthy,No,Medium
9388,10.5,9.1,3.9,3,0,3.0,Unhealthy,Yes,Low
9389,9.1,5.1,8.3,5,5,3.0,Healthy,No,Low
9390,8.6,11.6,9.5,3,3,10.0,Unhealthy,Yes,High
9391,6.8,15.7,6.2,4,0,6.0,Unhealthy,No,Medium
9392,10.0,10.7,6.3,0,5,8.0,Healthy,Yes,High
9393,6.6,12.3,7.6,0,2,4.0,Healthy,No,Medium
9394,6.9,14.4,6.1,4,1,1.0,Unhealthy,No,Low
9395,7.3,6.5,8.2,2,4,4.0,Healthy,No,Medium
9396,8.4,3.4,6.6,5,2,5.0,Healthy,Yes,Medium
9397,8.3,11.0,6.3,0,4,8.0,Healthy,Yes,High
9398,6.0,8.3,4.6,2,4,7.0,Healthy,No,High
9399,5.9,4.9,4.1,1,5,2.0,Healthy,Yes,Low
9400,8.3,8.8,-0.3,2,0,9.0,Unhealthy,Yes,High
9401,8.4,11.2,8.5,0,1,3.0,Unhealthy,No,Low
9402,6.2,8.6,5.7,5,0,9.0,Healthy,Yes,High
9403,3.8,6.6,5.2,5,0,1.0,Unhealthy,Yes,Low
9404,6.6,8.3,2.1,2,3,9.0,Healthy,No,High
9405,8.2,8.9,4.7,1,0,7.0,Healthy,No,High
9406,10.6,3.2,4.5,4,1,2.0,Unhealthy,No,Low
9407,4.6,8.6,4.4,0,2,10.0,Unhealthy,Yes,High
9408,6.1,5.0,6.7,5,5,7.0,Unhealthy,Yes,High
9409,6.2,11.0,6.2,1,0,1.0,Unhealthy,No,Low
9410,9.7,4.3,3.3,3,1,3.0,Unhealthy,Yes,Low
9411,6.9,12.0,3.4,4,0,7.0,Healthy,Yes,High
9412,5.2,7.8,3.4,4,5,3.0,Unhealthy,Yes,Low
9413,8.1,7.4,9.6,0,4,2.0,Unhealthy,No,Low
9414,6.2,9.9,9.0,1,5,5.0,Unhealthy,Yes,Medium
9415,4.6,6.4,4.3,5,0,3.0,Unhealthy,No,Low
9416,5.2,9.8,2.0,5,3,9.0,Unhealthy,Yes,High
9417,10.5,6.8,6.3,3,4,7.0,Healthy,Yes,High
9418,7.8,7.3,6.1,5,1,1.0,Healthy,Yes,Low
9419,7.2,10.2,6.6,1,5,,Unhealthy,Yes,Low
9420,6.5,5.6,7.5,5,0,6.0,Healthy,No,Medium
9421,7.6,5.2,6.9,2,4,4.0,Healthy,No,Medium
9422,7.6,9.7,,5,4,1.0,Healthy,No,Low
9423,7.6,8.9,6.6,0,2,9.0,Healthy,No,High
9424,7.2,9.5,7.7,2,4,2.0,Unhealthy,Yes,Low
9425,8.7,10.0,,5,5,1.0,Unhealthy,Yes,Low
9426,,9.2,6.6,5,1,3.0,Healthy,Yes,Low
9427,5.0,10.8,4.9,5,0,10.0,Healthy,No,High
9428,5.8,9.3,10.0,2,5,1.0,Healthy,Yes,Low
9429,3.0,3.0,3.3,5,4,4.0,Unhealthy,No,Medium
9430,11.1,3.8,8.3,4,1,4.0,Healthy,No,Medium
9431,8.7,14.8,2.7,5,2,6.0,Unhealthy,No,Medium
9432,5.3,9.0,,4,0,3.0,Unhealthy,Yes,Low
9433,6.4,11.9,3.7,2,3,9.0,Healthy,Yes,High
9434,5.7,8.0,6.4,5,4,6.0,Unhealthy,Yes,Medium
9435,10.1,8.8,2.7,1,4,7.0,Unhealthy,No,High
9436,4.2,7.6,3.3,0,2,6.0,Healthy,Yes,Medium
9437,7.2,16.4,7.8,5,1,9.0,Healthy,No,High
9438,6.8,9.8,8.1,0,2,2.0,Healthy,No,Low
9439,8.7,7.4,6.5,1,1,8.0,Unhealthy,No,High
9440,6.8,4.0,7.5,2,0,5.0,Healthy,Yes,Medium
9441,3.5,14.9,8.1,0,4,2.0,Unhealthy,Yes,Low
9442,6.5,8.5,4.6,5,3,7.0,Unhealthy,Yes,High
9443,5.1,11.2,3.2,4,2,5.0,Healthy,Yes,Medium
9444,7.2,11.6,6.0,3,5,8.0,Unhealthy,No,High
9445,9.9,7.6,4.8,4,3,10.0,Unhealthy,No,High
9446,3.5,11.0,6.8,1,3,6.0,Unhealthy,Yes,Medium
9447,5.4,7.2,20.0,3,4,7.0,Unhealthy,Yes,High
9448,5.9,6.0,4.6,0,4,1.0,Unhealthy,Yes,Low
9449,6.2,12.5,7.4,5,5,2.0,Unhealthy,No,Low
9450,8.5,8.5,7.3,0,3,9.0,Unhealthy,Yes,High
9451,6.7,10.6,7.4,3,0,7.0,Unhealthy,No,High
9452,7.8,10.2,5.2,0,5,7.0,Healthy,No,High
9453,5.7,10.9,7.6,3,3,4.0,Healthy,Yes,Medium
9454,7.5,4.3,7.0,2,1,4.0,Healthy,Yes,Medium
9455,8.6,7.2,7.3,1,5,3.0,Unhealthy,Yes,Low
9456,5.5,8.0,9.4,5,1,10.0,Healthy,Yes,High
9457,8.6,6.5,6.7,4,1,4.0,Healthy,Yes,Medium
9458,7.1,10.3,,3,1,10.0,Unhealthy,Yes,High
9459,9.1,12.6,,3,2,6.0,Healthy,Yes,Medium
9460,6.6,13.0,8.3,2,0,3.0,Healthy,Yes,Low
9461,7.8,8.0,6.7,5,2,10.0,Healthy,No,High
9462,6.9,9.9,9.3,5,2,,Unhealthy,Yes,High
9463,6.8,10.3,1.9,4,1,1.0,Unhealthy,Yes,Low
9464,7.5,10.9,7.8,2,0,6.0,Unhealthy,Yes,Medium
9465,8.1,6.4,5.5,2,0,2.0,Unhealthy,No,Low
9466,4.5,14.5,5.3,1,3,1.0,Unhealthy,No,Low
9467,9.9,11.8,4.5,0,5,4.0,Unhealthy,Yes,Medium
9468,3.3,11.9,7.8,5,2,6.0,Unhealthy,Yes,Medium
9469,,12.6,7.2,5,5,7.0,Unhealthy,Yes,High
9470,6.8,10.6,3.7,4,5,1.0,Healthy,No,Low
9471,7.8,5.9,,2,0,3.0,Healthy,Yes,Low
9472,10.2,8.6,7.4,0,4,6.0,Healthy,Yes,Medium
9473,3.3,4.0,6.4,0,5,6.0,Healthy,No,Medium
9474,40.0,10.2,8.2,0,2,10.0,Healthy,No,High
9475,2.7,8.5,5.4,5,5,6.0,Healthy,Yes,Medium
9476,7.1,8.9,20.0,0,0,7.0,Unhealthy,No,High
9477,7.5,12.6,6.4,1,4,,Healthy,No,High
9478,10.2,7.6,6.4,1,5,10.0,Unhealthy,Yes,High
9479,7.2,8.2,6.6,2,4,8.0,Healthy,No,High
9480,9.1,9.1,8.2,0,4,2.0,Healthy,Yes,Low
9481,8.2,3.5,2.1,2,1,10.0,Unhealthy,Yes,High
9482,6.1,8.2,5.5,3,3,1.0,Healthy,Yes,Low
9483,4.2,1.5,4.2,5,5,10.0,Healthy,Yes,High
9484,7.6,7.2,3.6,1,5,7.0,Unhealthy,No,High
9485,4.0,11.6,5.9,1,3,1.0,Unhealthy,No,Low
9486,9.6,10.3,7.4,5,0,2.0,Unhealthy,Yes,Low
9487,6.7,7.2,6.6,4,0,1.0,Unhealthy,No,Low
9488,9.4,9.1,4.6,3,5,1.0,Healthy,No,Low
9489,6.0,5.8,5.7,1,5,3.0,Unhealthy,No,Low
9490,7.5,9.0,7.9,0,3,4.0,Healthy,Yes,Medium
9491,7.4,17.8,7.4,5,4,5.0,Healthy,No,Medium
9492,6.9,14.5,4.9,0,0,5.0,Unhealthy,No,Medium
9493,6.1,9.2,4.8,5,5,2.0,Unhealthy,No,Low
9494,7.8,9.5,2.6,0,1,3.0,Unhealthy,Yes,Low
9495,5.1,6.1,5.1,5,1,8.0,Unhealthy,No,High
9496,4.6,6.6,2.5,2,3,2.0,Healthy,No,Low
9497,9.5,10.1,10.1,1,0,4.0,Healthy,Yes,Medium
9498,8.5,7.4,4.3,2,0,7.0,Healthy,No,High
9499,,11.7,8.2,1,5,9.0,Unhealthy,No,High
9500,10.3,13.7,9.6,4,5,3.0,Unhealthy,Yes,Low
9501,6.5,10.0,6.4,2,4,3.0,Healthy,No,Low
9502,9.6,9.3,5.8,1,0,7.0,Healthy,Yes,High
9503,7.4,4.0,3.4,4,3,8.0,Unhealthy,Yes,High
9504,5.0,11.2,5.0,1,0,4.0,Healthy,No,Medium
9505,10.7,5.6,9.2,3,5,1.0,Unhealthy,No,Low
9506,9.0,7.7,6.7,5,0,5.0,Unhealthy,Yes,Medium
9507,6.8,11.9,6.1,2,1,4.0,Unhealthy,Yes,Medium
9508,8.5,12.1,8.6,0,3,8.0,Unhealthy,No,High
9509,6.2,7.6,7.4,4,2,7.0,Healthy,No,High
9510,8.7,7.8,5.7,4,3,2.0,Unhealthy,No,Low
9511,2.2,6.9,6.4,0,3,6.0,Healthy,Yes,Medium
9512,5.0,5.4,4.5,4,5,4.0,Healthy,No,Medium
9513,9.0,7.1,4.9,0,2,7.0,Healthy,Yes,High
9514,6.5,4.2,5.6,0,5,9.0,Healthy,Yes,High
9515,7.4,11.0,7.1,1,2,7.0,Healthy,No,High
9516,4.3,10.2,3.5,2,1,2.0,Unhealthy,Yes,Low
9517,10.7,10.7,6.2,3,4,8.0,Healthy,Yes,High
9518,9.4,6.1,5.2,4,3,6.0,Healthy,No,Medium
9519,6.6,5.4,4.2,1,3,9.0,Healthy,Yes,High
9520,6.2,9.2,5.2,3,3,7.0,Healthy,Yes,High
9521,9.1,9.2,1.4,3,3,5.0,Unhealthy,Yes,Medium
9522,11.0,8.6,,4,1,8.0,Healthy,No,High
9523,8.9,8.1,3.8,4,3,7.0,Unhealthy,Yes,High
9524,11.3,14.1,5.4,1,2,1.0,Healthy,No,Low
9525,5.2,10.3,1.4,4,2,5.0,Unhealthy,Yes,Medium
9526,5.4,14.9,6.4,3,0,7.0,Healthy,Yes,High
9527,4.6,12.8,7.8,4,1,10.0,Healthy,No,High
9528,7.9,14.1,5.8,5,0,7.0,Unhealthy,Yes,High
9529,7.4,5.8,7.0,5,3,3.0,Unhealthy,No,Low
9530,6.7,10.8,5.0,1,1,5.0,Unhealthy,No,Medium
9531,8.6,7.7,2.9,1,1,8.0,Unhealthy,Yes,High
9532,9.5,4.0,6.0,1,4,9.0,Healthy,No,High
9533,3.9,13.5,7.4,4,4,9.0,Healthy,No,High
9534,5.8,8.1,3.4,2,0,10.0,Healthy,Yes,High
9535,8.6,5.8,5.1,1,0,5.0,Unhealthy,No,Medium
9536,6.1,7.8,5.5,2,2,2.0,Healthy,Yes,Low
9537,5.4,6.6,11.7,0,2,8.0,Unhealthy,Yes,High
9538,9.0,6.9,6.4,1,5,7.0,Unhealthy,Yes,High
9539,4.4,8.3,2.2,2,5,4.0,Healthy,Yes,Medium
9540,6.4,14.2,1.7,2,5,5.0,Healthy,No,Medium
9541,7.7,7.0,7.5,3,2,10.0,Unhealthy,Yes,High
9542,5.9,14.0,11.0,2,1,10.0,Healthy,No,High
9543,8.6,11.5,5.4,3,3,2.0,Unhealthy,Yes,Low
9544,5.9,10.2,5.3,5,0,9.0,Unhealthy,Yes,High
9545,9.8,24.0,6.9,5,2,6.0,Healthy,Yes,Medium
9546,6.7,9.0,4.4,5,1,9.0,Unhealthy,Yes,High
9547,8.3,12.9,0.9,2,4,8.0,Unhealthy,Yes,High
9548,8.5,10.7,8.1,2,3,1.0,Healthy,No,Low
9549,5.7,4.0,4.8,0,4,9.0,Healthy,Yes,High
9550,2.9,9.9,8.1,2,5,9.0,Healthy,No,High
9551,7.7,11.4,4.5,4,4,4.0,Unhealthy,Yes,Medium
9552,7.1,8.1,6.2,4,3,1.0,Unhealthy,No,Low
9553,8.1,9.4,7.7,5,1,4.0,Unhealthy,No,Medium
9554,6.5,7.2,8.1,4,4,6.0,Unhealthy,Yes,Medium
9555,6.1,4.9,6.5,0,1,4.0,Unhealthy,No,Medium
9556,11.0,4.3,6.4,2,4,9.0,Unhealthy,No,High
9557,4.1,4.4,7.2,0,2,4.0,Unhealthy,No,Medium
9558,8.5,11.0,6.9,2,5,10.0,Healthy,Yes,High
9559,5.9,1.5,3.4,3,3,8.0,Healthy,No,High
9560,6.3,7.0,3.5,0,0,2.0,Unhealthy,Yes,Low
9561,6.4,6.7,1.8,5,3,7.0,Healthy,Yes,High
9562,5.4,8.2,7.5,4,4,8.0,Healthy,Yes,High
9563,8.1,3.4,,4,4,6.0,Unhealthy,Yes,Medium
9564,9.8,10.2,7.6,4,5,10.0,Unhealthy,No,High
9565,7.9,5.2,6.8,2,2,6.0,Healthy,Yes,Medium
9566,7.2,12.4,4.0,2,2,8.0,Unhealthy,No,High
9567,5.0,7.1,5.8,0,3,3.0,Unhealthy,Yes,Low
9568,8.0,8.7,5.1,5,0,2.0,Unhealthy,Yes,Low
9569,11.3,9.0,4.8,1,5,9.0,Healthy,Yes,High
9570,6.2,9.7,7.8,2,3,8.0,Healthy,No,High
9571,6.2,9.1,11.0,1,0,10.0,Unhealthy,No,High
9572,5.9,7.7,8.2,1,1,5.0,Healthy,Yes,Medium
9573,6.0,10.0,5.9,2,4,5.0,Healthy,Yes,Medium
9574,1.5,10.4,8.5,0,1,6.0,Healthy,No,Medium
9575,7.8,6.7,9.4,5,3,,Unhealthy,No,Medium
9576,5.3,10.3,3.2,1,0,2.0,Unhealthy,No,Low
9577,3.8,12.6,8.4,0,0,7.0,Unhealthy,Yes,High
9578,8.5,11.1,7.5,0,1,3.0,Unhealthy,No,Low
9579,4.8,11.8,8.4,5,2,8.0,Unhealthy,No,High
9580,6.3,9.5,7.6,2,2,9.0,Unhealthy,Yes,High
9581,9.9,6.2,5.5,5,5,3.0,Unhealthy,No,Low
9582,4.2,6.6,10.1,1,1,6.0,Unhealthy,Yes,Medium
9583,3.9,10.0,6.7,0,2,8.0,Healthy,Yes,High
9584,,11.8,5.1,1,0,6.0,Unhealthy,No,Medium
9585,9.3,17.4,7.0,0,3,10.0,Healthy,No,High
9586,3.9,11.9,7.9,2,2,3.0,Healthy,no,Low
9587,7.8,5.5,6.2,0,5,4.0,Unhealthy,Yes,Medium
9588,8.2,6.7,6.8,2,0,9.0,Healthy,Yes,High
9589,2.9,15.8,6.2,2,5,,Unhealthy,Yes,Low
9590,8.6,8.4,4.7,1,3,4.0,Unhealthy,No,Medium
9591,8.8,9.1,4.4,1,0,,Healthy,No,High
9592,6.4,6.1,3.2,5,4,1.0,Unhealthy,Yes,Low
9593,9.5,13.7,9.0,1,3,8.0,Healthy,No,High
9594,9.3,10.5,5.6,3,4,7.0,Healthy,Yes,High
9595,7.2,6.7,-0.9,1,2,7.0,Healthy,Yes,High
9596,6.1,6.0,6.8,1,5,2.0,Healthy,Yes,Low
9597,5.1,9.9,6.8,5,2,10.0,Unhealthy,No,High
9598,6.9,9.1,2.3,0,0,6.0,Unhealthy,Yes,Medium
9599,8.1,11.5,4.3,5,1,8.0,Unhealthy,No,High
9600,6.4,10.6,4.2,3,0,8.0,Unhealthy,No,High
9601,2.6,8.2,4.5,3,5,5.0,Healthy,Yes,Medium
9602,9.5,7.4,8.4,0,5,8.0,Healthy,No,High
9603,,8.5,5.7,1,5,2.0,Healthy,Yes,Low
9604,6.2,7.3,5.1,5,4,4.0,Unhealthy,No,Medium
9605,8.7,8.6,8.2,4,5,10.0,Unhealthy,No,High
9606,10.0,9.0,7.0,2,3,2.0,Healthy,Yes,Low
9607,1.4,6.3,2.5,3,1,5.0,Unhealthy,Yes,Medium
9608,7.9,10.9,4.8,0,0,3.0,Unhealthy,No,Low
9609,4.1,7.9,6.6,4,4,6.0,Healthy,Yes,Medium
9610,8.0,6.5,4.1,2,4,7.0,Unhealthy,No,High
9611,7.3,7.9,10.1,4,2,6.0,Healthy,No,Medium
9612,8.3,9.7,6.2,1,0,2.0,Unhealthy,No,Low
9613,6.0,9.2,4.5,0,0,2.0,Healthy,Yes,Low
9614,3.3,10.3,3.8,2,5,4.0,Unhealthy,No,Medium
9615,6.1,11.7,7.9,2,5,7.0,Unhealthy,Yes,High
9616,7.8,12.9,4.7,1,4,8.0,Healthy,Yes,High
9617,9.0,9.9,6.8,1,0,5.0,Healthy,Yes,Medium
9618,4.7,5.8,20.0,1,5,10.0,Unhealthy,No,High
9619,9.1,8.2,6.1,0,2,1.0,Unhealthy,Yes,Low
9620,5.7,6.0,4.7,3,1,9.0,Healthy,No,High
9621,7.7,14.1,5.4,4,4,8.0,Unhealthy,No,High
9622,6.0,15.0,4.4,0,2,1.0,Unhealthy,Yes,Low
9623,7.4,11.0,8.1,0,2,9.0,Healthy,No,High
9624,8.8,11.6,5.0,4,3,,Healthy,Yes,Medium
9625,4.5,9.8,5.7,2,1,8.0,Unhealthy,Yes,High
9626,5.6,10.1,5.8,4,2,10.0,Healthy,Yes,High
9627,7.4,4.2,9.2,1,3,10.0,Healthy,No,High
9628,11.8,8.8,7.8,2,3,2.0,Healthy,Yes,Low
9629,5.3,6.4,7.6,0,0,7.0,Unhealthy,Yes,High
9630,11.1,9.8,2.8,4,5,9.0,Unhealthy,Yes,High
9631,11.0,8.8,4.7,0,2,7.0,Unhealthy,Yes,High
9632,6.8,14.8,8.4,5,4,9.0,Healthy,No,High
9633,,11.7,3.7,0,0,4.0,Healthy,No,Medium
9634,5.6,9.9,6.2,4,1,5.0,Healthy,No,Medium
9635,6.9,8.2,3.9,5,5,7.0,Unhealthy,No,High
9636,4.2,14.0,4.1,5,4,1.0,Healthy,No,Low
9637,6.8,8.9,9.4,5,4,2.0,Healthy,No,Low
9638,10.0,10.0,7.4,0,3,2.0,Healthy,Yes,Low
9639,5.8,9.1,8.0,3,2,10.0,Unhealthy,No,High
9640,6.5,7.8,7.6,3,3,9.0,Healthy,Yes,High
9641,3.6,9.1,5.7,0,3,3.0,Unhealthy,No,Low
9642,7.7,3.1,4.6,2,2,9.0,Unhealthy,no,High
9643,7.5,4.4,5.2,2,2,1.0,Healthy,No,Low
9644,7.1,10.0,5.6,2,2,3.0,Unhealthy,No,Low
9645,6.6,13.7,9.6,2,3,10.0,Unhealthy,Yes,High
9646,6.4,10.0,3.3,3,5,2.0,Unhealthy,Yes,Low
9647,8.0,6.8,4.9,2,2,2.0,Unhealthy,No,Low
9648,6.9,4.7,4.2,4,2,1.0,Unhealthy,Yes,Low
9649,7.6,11.4,20.0,2,4,6.0,Unhealthy,Yes,Medium
9650,7.4,7.3,9.7,4,3,5.0,Unhealthy,No,Medium
9651,9.2,10.9,6.6,3,2,5.0,Healthy,No,Medium
9652,8.4,10.2,6.8,4,3,9.0,Unhealthy,Yes,High
9653,7.4,10.4,6.2,5,1,6.0,Healthy,Yes,Medium
9654,10.0,9.1,6.9,4,0,9.0,Unhealthy,No,High
9655,7.8,10.2,7.5,0,4,4.0,Unhealthy,Yes,Medium
9656,9.6,8.6,,4,4,7.0,Healthy,Yes,High
9657,8.2,7.1,7.0,5,3,4.0,Healthy,No,Medium
9658,3.3,6.1,7.6,0,2,1.0,Unhealthy,Yes,Low
9659,9.6,1.8,2.4,5,3,4.0,Healthy,No,Medium
9660,7.3,8.5,6.0,2,5,2.0,Unhealthy,No,Low
9661,6.9,13.6,6.6,4,0,5.0,Unhealthy,No,Medium
9662,7.6,11.2,6.8,4,4,2.0,Unhealthy,No,Low
9663,6.3,9.7,5.7,1,4,2.0,Healthy,No,Low
9664,7.5,6.8,6.3,2,0,4.0,Unhealthy,Yes,Medium
9665,5.8,12.0,4.6,4,3,,Unhealthy,Yes,High
9666,,8.6,2.5,4,4,3.0,healthy,Yes,Low
9667,6.8,13.7,8.0,1,2,7.0,Unhealthy,No,High
9668,6.2,6.1,3.7,0,3,9.0,Unhealthy,No,High
9669,5.2,6.8,5.7,2,2,3.0,Healthy,Yes,Low
9670,7.5,6.5,4.5,1,5,4.0,Healthy,No,Medium
9671,7.4,4.6,9.2,2,5,1.0,Unhealthy,No,Low
9672,7.8,6.2,5.8,2,5,7.0,Healthy,Yes,High
9673,,9.3,5.4,0,1,1.0,Unhealthy,No,Low
9674,3.8,6.9,7.5,0,0,3.0,Healthy,Yes,Low
9675,8.3,-2.6,10.3,3,5,9.0,Healthy,No,High
9676,10.0,12.2,6.8,1,4,5.0,Unhealthy,No,Medium
9677,4.9,3.9,5.2,5,0,10.0,Unhealthy,Yes,High
9678,10.2,10.8,7.4,1,0,10.0,Healthy,no,High
9679,7.6,9.1,2.9,2,2,2.0,Unhealthy,No,Low
9680,7.0,15.4,6.1,3,4,9.0,Unhealthy,No,High
9681,,12.0,10.0,3,1,6.0,Healthy,Yes,Medium
9682,4.2,7.5,6.3,2,0,9.0,Healthy,No,High
9683,9.0,6.9,6.2,0,2,4.0,Unhealthy,No,Medium
9684,5.4,13.5,6.0,3,5,6.0,Healthy,No,Medium
9685,5.4,4.6,5.2,1,2,7.0,Healthy,Yes,High
9686,9.0,9.6,6.6,0,5,6.0,Unhealthy,No,Medium
9687,3.2,8.6,7.6,4,4,4.0,Unhealthy,No,Medium
9688,4.0,8.0,5.3,3,3,8.0,Unhealthy,No,High
9689,,10.1,1.0,2,3,6.0,Unhealthy,No,Medium
9690,,9.6,6.9,1,1,2.0,Healthy,No,Low
9691,8.0,10.4,10.3,3,5,6.0,Unhealthy,Yes,Medium
9692,6.4,9.4,5.2,2,2,1.0,Healthy,Yes,Low
9693,12.1,10.3,3.1,1,3,9.0,Unhealthy,No,High
9694,6.5,9.3,7.4,3,0,10.0,Healthy,Yes,High
9695,6.5,7.0,9.5,1,1,7.0,Healthy,Yes,High
9696,5.4,9.0,7.1,4,5,8.0,Unhealthy,No,High
9697,7.2,6.9,9.4,1,0,4.0,Healthy,No,Medium
9698,8.2,6.7,7.6,2,3,8.0,Healthy,Yes,High
9699,9.4,8.0,7.4,3,2,1.0,Unhealthy,No,Low
9700,4.0,8.6,5.0,2,3,4.0,Unhealthy,No,Medium
9701,6.5,9.1,6.6,4,1,6.0,Unhealthy,Yes,Medium
9702,7.9,11.7,5.9,5,5,10.0,Healthy,Yes,High
9703,8.2,7.5,5.9,0,1,7.0,Healthy,Yes,High
9704,7.0,9.6,5.5,1,0,,Healthy,Yes,Low
9705,8.1,9.4,6.5,2,0,10.0,Healthy,No,High
9706,5.4,7.2,3.4,5,1,10.0,Healthy,Yes,High
9707,10.1,9.2,,3,0,2.0,Healthy,Yes,Low
9708,9.0,12.0,4.2,3,4,9.0,Unhealthy,Yes,High
9709,4.3,9.6,5.5,0,5,1.0,Unhealthy,No,Low
9710,4.8,9.7,6.7,3,1,10.0,Healthy,Yes,High
9711,4.9,6.9,4.1,4,5,1.0,Unhealthy,No,Low
9712,8.4,14.9,2.1,0,0,10.0,Unhealthy,No,High
9713,4.4,7.1,5.2,4,5,2.0,Unhealthy,No,Low
9714,6.3,4.0,3.1,1,3,5.0,Healthy,Yes,Medium
9715,7.9,11.6,7.4,4,2,1.0,Healthy,No,Low
9716,6.9,8.7,3.7,1,4,,Healthy,No,Medium
9717,7.5,8.1,9.0,4,4,8.0,Unhealthy,Yes,High
9718,4.9,7.4,6.0,0,2,10.0,Unhealthy,No,High
9719,8.2,14.6,6.1,1,2,2.0,Healthy,No,Low
9720,5.8,10.1,2.0,5,5,5.0,Unhealthy,No,Medium
9721,6.4,10.6,6.3,4,5,3.0,Healthy,No,Low
9722,7.5,9.5,5.8,4,3,2.0,Healthy,No,Low
9723,7.2,9.8,3.4,3,5,6.0,Unhealthy,No,Medium
9724,7.0,13.2,6.2,4,2,1.0,Unhealthy,No,Low
9725,5.5,8.2,5.2,3,4,8.0,Unhealthy,No,High
9726,6.4,4.6,5.6,4,3,6.0,Healthy,No,Medium
9727,7.0,11.6,6.1,2,2,4.0,Unhealthy,Yes,Medium
9728,4.2,10.5,5.1,3,3,5.0,Unhealthy,No,Medium
9729,6.1,9.3,6.5,0,3,2.0,Unhealthy,Yes,Low
9730,7.8,10.4,5.8,0,5,8.0,Unhealthy,No,High
9731,4.4,7.9,6.9,1,5,6.0,Healthy,Yes,Medium
9732,9.3,9.1,4.9,5,0,6.0,Unhealthy,Yes,Medium
9733,9.5,8.6,3.9,5,2,3.0,Healthy,Yes,Low
9734,4.5,7.2,4.6,0,5,1.0,Healthy,Yes,Low
9735,,12.6,8.9,1,0,8.0,Unhealthy,No,High
9736,6.7,4.8,7.9,0,5,7.0,Unhealthy,Yes,High
9737,7.8,16.1,8.4,3,4,1.0,Healthy,Yes,Low
9738,6.0,11.6,8.6,2,3,,Healthy,Yes,High
9739,8.8,3.7,5.1,1,4,10.0,Unhealthy,No,High
9740,7.8,8.3,6.6,2,3,2.0,Unhealthy,Yes,Low
9741,5.4,8.5,6.2,4,2,8.0,Healthy,Yes,High
9742,4.7,10.2,7.3,4,1,5.0,Unhealthy,Yes,Medium
9743,4.1,6.0,5.4,2,2,8.0,Healthy,No,High
9744,7.4,9.1,6.2,3,3,6.0,Unhealthy,No,Medium
9745,8.1,8.6,6.1,2,1,2.0,Unhealthy,No,Low
9746,8.3,6.8,7.1,2,1,7.0,Healthy,No,High
9747,6.8,6.4,7.3,2,2,6.0,Healthy,No,Medium
9748,4.7,11.8,6.2,1,4,4.0,Healthy,Yes,Medium
9749,40.0,3.9,6.2,1,2,9.0,Healthy,Yes,High
9750,9.3,10.4,6.5,2,3,4.0,Healthy,No,Medium
9751,6.0,11.4,9.3,5,4,1.0,Healthy,No,Low
9752,7.3,8.3,2.5,3,3,3.0,Unhealthy,Yes,Low
9753,4.8,9.2,4.1,4,5,8.0,Unhealthy,No,High
9754,7.7,12.5,7.3,4,5,3.0,Unhealthy,Yes,Low
9755,6.1,6.9,6.5,4,4,7.0,Unhealthy,Yes,High
9756,9.1,7.2,6.5,0,0,1.0,Healthy,No,Low
9757,8.5,7.5,7.3,3,4,4.0,Healthy,Yes,Medium
9758,6.0,12.5,6.4,1,0,4.0,Healthy,Yes,Medium
9759,6.7,12.9,4.9,4,3,9.0,Healthy,No,High
9760,5.9,4.8,7.3,1,2,1.0,Unhealthy,Yes,Low
9761,4.2,12.0,6.0,1,3,9.0,Unhealthy,No,High
9762,5.3,11.5,5.1,1,2,10.0,Unhealthy,Yes,High
9763,7.4,13.7,7.4,5,5,8.0,Unhealthy,Yes,High
9764,7.7,10.2,20.0,1,0,10.0,Healthy,No,High
9765,7.3,8.9,6.4,2,2,6.0,Unhealthy,No,Medium
9766,6.4,12.4,9.4,1,3,4.0,Healthy,No,Medium
9767,8.9,11.1,8.7,0,3,6.0,Unhealthy,Yes,Medium
9768,7.1,15.7,8.0,1,3,6.0,Unhealthy,Yes,Medium
9769,8.4,11.9,11.1,4,4,2.0,Healthy,No,Low
9770,3.5,9.5,5.7,1,3,7.0,Unhealthy,No,High
9771,-0.8,5.5,5.1,4,4,9.0,Healthy,No,High
9772,7.6,7.3,7.7,1,1,8.0,Unhealthy,Yes,High
9773,4.2,4.7,5.5,3,0,3.0,Healthy,Yes,Low
9774,6.6,8.4,6.0,2,1,8.0,Unhealthy,Yes,High
9775,6.4,11.8,4.0,4,1,4.0,Healthy,Yes,Medium
9776,10.2,9.0,7.2,0,4,10.0,Unhealthy,No,High
9777,7.8,12.1,3.1,1,4,1.0,Unhealthy,No,Low
9778,7.3,10.0,5.8,4,0,3.0,Healthy,No,Low
9779,8.7,7.8,6.0,5,0,1.0,Unhealthy,No,Low
9780,7.7,9.3,5.1,2,5,5.0,Healthy,No,Medium
9781,6.1,10.4,2.5,5,0,10.0,Unhealthy,No,High
9782,9.1,9.4,2.5,1,3,9.0,Healthy,No,High
9783,4.8,9.5,4.5,2,3,7.0,Healthy,No,High
9784,7.6,6.7,7.1,0,0,3.0,Unhealthy,No,Low
9785,3.9,7.7,6.6,4,4,7.0,Unhealthy,Yes,High
9786,7.4,15.8,6.0,0,1,8.0,Unhealthy,No,High
9787,7.4,12.7,4.2,2,0,4.0,Unhealthy,Yes,Medium
9788,10.4,4.6,6.7,3,5,3.0,Unhealthy,No,Low
9789,3.9,1.9,2.4,3,0,2.0,Healthy,Yes,Low
9790,5.8,9.2,1.2,5,1,8.0,Unhealthy,No,High
9791,8.6,11.7,5.5,4,2,3.0,Unhealthy,Yes,Low
9792,7.7,7.4,4.9,1,0,7.0,Healthy,No,High
9793,7.4,12.1,,5,0,2.0,Healthy,Yes,Low
9794,5.1,9.2,6.3,0,3,5.0,Unhealthy,Yes,Medium
9795,5.8,8.5,9.3,3,1,5.0,Healthy,Yes,Medium
9796,9.5,11.3,4.9,3,5,,Healthy,No,High
9797,6.9,7.4,7.0,1,0,8.0,Healthy,No,High
9798,7.8,8.1,5.5,0,5,8.0,Unhealthy,Yes,High
9799,6.8,11.0,8.8,2,0,10.0,Unhealthy,Yes,High
9800,4.6,8.9,5.6,5,2,2.0,Unhealthy,No,Low
9801,8.9,24.0,7.7,3,1,2.0,Unhealthy,Yes,Low
9802,8.0,11.1,3.8,4,0,10.0,Healthy,Yes,High
9803,11.6,10.9,5.2,4,2,7.0,Healthy,No,High
9804,5.0,8.9,5.8,2,0,4.0,Healthy,Yes,Medium
9805,8.6,11.6,8.5,1,4,3.0,Healthy,No,Low
9806,4.4,8.0,1.6,1,2,3.0,Unhealthy,No,Low
9807,7.3,9.8,5.3,5,5,7.0,Unhealthy,Yes,High
9808,9.0,6.3,5.3,3,4,1.0,Healthy,Yes,Low
9809,2.9,12.1,1.8,5,0,4.0,Healthy,No,Medium
9810,6.6,9.9,5.1,3,2,6.0,Unhealthy,Yes,Medium
9811,5.9,14.9,2.9,3,1,9.0,Healthy,Yes,High
9812,5.6,16.2,1.3,2,5,1.0,Healthy,No,Low
9813,7.8,11.3,5.5,2,3,1.0,Healthy,No,Low
9814,9.2,9.2,5.4,3,0,2.0,Healthy,No,Low
9815,6.7,6.2,5.5,1,2,7.0,Healthy,No,High
9816,7.4,11.7,6.5,0,4,7.0,Unhealthy,No,High
9817,7.2,24.0,4.2,3,2,5.0,Unhealthy,No,Medium
9818,7.0,10.6,9.6,1,1,4.0,Unhealthy,Yes,Medium
9819,4.8,14.2,5.9,1,2,10.0,Healthy,Yes,High
9820,9.2,24.0,8.6,4,4,6.0,Unhealthy,No,Medium
9821,7.6,6.2,2.6,5,0,8.0,Healthy,No,High
9822,7.8,8.3,4.3,0,5,7.0,Healthy,Yes,High
9823,5.4,11.5,7.4,3,4,2.0,Unhealthy,Yes,Low
9824,6.1,10.7,5.5,0,5,2.0,Healthy,No,Low
9825,6.6,6.3,3.9,3,5,6.0,Unhealthy,No,Medium
9826,3.9,11.3,2.3,5,4,1.0,Unhealthy,Yes,Low
9827,3.6,5.4,7.5,0,4,5.0,Healthy,No,Medium
9828,5.8,6.5,7.3,0,3,1.0,Unhealthy,No,Low
9829,8.0,8.7,6.5,1,5,7.0,Unhealthy,No,High
9830,5.7,7.3,5.0,0,0,3.0,Healthy,Yes,Low
9831,5.0,11.7,3.8,0,3,9.0,Healthy,No,High
9832,5.4,9.9,5.9,5,5,5.0,Healthy,No,Medium
9833,6.1,14.3,3.4,3,2,1.0,Unhealthy,Yes,Low
9834,6.3,8.3,4.5,1,0,10.0,Unhealthy,No,High
9835,11.3,8.6,8.5,0,0,4.0,Unhealthy,Yes,Medium
9836,9.1,12.6,2.3,1,5,8.0,Unhealthy,Yes,High
9837,9.0,8.7,7.4,1,2,7.0,Healthy,Yes,High
9838,9.3,13.5,9.0,2,2,6.0,Healthy,No,Medium
9839,5.0,10.6,7.6,3,4,9.0,Unhealthy,Yes,High
9840,4.6,1.9,6.8,2,5,4.0,Unhealthy,Yes,Medium
9841,4.8,12.5,5.1,1,5,10.0,healthy,No,High
9842,9.7,11.7,4.7,5,0,1.0,Unhealthy,Yes,Low
9843,5.9,24.0,1.5,5,1,10.0,Healthy,Yes,High
9844,4.5,3.3,6.1,0,5,6.0,Healthy,Yes,Medium
9845,6.1,7.0,5.2,3,4,4.0,Healthy,No,Medium
9846,6.5,7.2,4.6,4,0,1.0,Unhealthy,Yes,Low
9847,7.5,6.5,6.0,3,2,10.0,Healthy,No,High
9848,7.5,14.2,6.1,2,2,3.0,Unhealthy,Yes,Low
9849,5.3,9.0,4.7,3,1,1.0,Healthy,No,Low
9850,8.4,8.9,,0,0,,Unhealthy,No,Medium
9851,5.7,10.7,7.5,3,3,8.0,Healthy,Yes,High
9852,6.7,10.7,7.8,4,4,2.0,Unhealthy,No,Low
9853,8.4,-1.0,5.8,5,0,6.0,Unhealthy,No,Medium
9854,5.7,7.1,7.0,2,3,6.0,Healthy,No,Medium
9855,5.9,4.8,4.2,2,2,5.0,Healthy,No,Medium
9856,8.2,10.2,7.3,1,2,7.0,Healthy,Yes,High
9857,5.3,8.1,5.6,2,3,1.0,Healthy,Yes,Low
9858,6.2,9.0,4.0,4,3,,Healthy,Yes,High
9859,8.1,2.8,6.0,4,1,,Unhealthy,No,Medium
9860,11.1,8.1,5.4,5,0,6.0,Unhealthy,Yes,Medium
9861,8.2,12.3,10.6,2,2,4.0,Unhealthy,No,Medium
9862,7.9,13.2,6.9,5,4,6.0,Unhealthy,Yes,Medium
9863,8.1,11.2,9.2,3,2,2.0,Healthy,No,Low
9864,4.9,5.0,8.3,4,0,9.0,Healthy,No,High
9865,7.2,12.8,6.1,2,3,4.0,Healthy,Yes,Medium
9866,6.9,11.2,5.1,2,1,5.0,Healthy,No,Medium
9867,7.6,8.6,2.5,3,2,7.0,Healthy,No,High
9868,7.2,2.9,4.3,5,1,8.0,Unhealthy,Yes,High
9869,7.8,11.9,7.3,2,3,1.0,Healthy,No,Low
9870,6.4,7.2,5.4,0,5,7.0,Unhealthy,No,High
9871,7.1,10.0,6.8,1,0,10.0,Unhealthy,No,High
9872,4.5,9.2,1.9,4,2,9.0,Healthy,no,High
9873,6.4,13.6,6.9,3,0,2.0,Healthy,Yes,Low
9874,9.8,8.6,8.2,3,4,2.0,Unhealthy,Yes,Low
9875,7.6,9.0,2.4,1,0,4.0,Unhealthy,Yes,Medium
9876,7.0,13.7,6.7,0,5,1.0,Unhealthy,Yes,Low
9877,10.8,7.0,8.7,1,3,9.0,Healthy,No,High
9878,4.3,11.4,9.4,2,3,5.0,Healthy,No,Medium
9879,4.8,8.4,5.0,5,4,3.0,Healthy,Yes,Low
9880,10.4,6.0,7.6,3,0,6.0,Unhealthy,No,Medium
9881,7.1,9.0,8.9,5,5,7.0,Unhealthy,Yes,High
9882,6.5,11.1,6.8,5,3,4.0,Unhealthy,Yes,Medium
9883,4.6,13.1,8.6,5,3,2.0,Healthy,Yes,Low
9884,7.9,13.4,,5,3,5.0,Unhealthy,No,Medium
9885,8.1,8.1,6.8,2,3,7.0,Healthy,No,High
9886,4.8,6.0,4.8,3,1,,Healthy,No,High
9887,6.7,8.0,5.7,5,2,10.0,Healthy,Yes,High
9888,6.3,5.5,6.9,3,1,3.0,Healthy,Yes,Low
9889,7.5,8.3,4.6,5,3,2.0,Healthy,No,Low
9890,,8.0,5.6,2,5,2.0,Unhealthy,No,Low
9891,9.5,11.2,7.5,1,0,4.0,Healthy,Yes,Medium
9892,8.8,2.4,10.1,5,1,4.0,Healthy,No,Medium
9893,6.3,6.8,1.9,4,4,5.0,Unhealthy,Yes,Medium
9894,6.6,6.8,10.0,4,2,3.0,Unhealthy,Yes,Low
9895,6.7,12.6,5.5,1,0,1.0,Unhealthy,Yes,Low
9896,5.4,5.7,7.9,0,1,4.0,Healthy,Yes,Medium
9897,6.1,9.7,8.3,1,2,1.0,Healthy,Yes,Low
9898,6.5,8.6,9.1,1,5,8.0,Healthy,No,High
9899,10.2,12.1,4.5,1,1,5.0,Unhealthy,Yes,Medium
9900,8.9,10.8,5.5,4,4,2.0,Healthy,Yes,Low
9901,8.9,9.4,5.9,3,3,5.0,Unhealthy,Yes,Medium
9902,7.7,7.3,5.3,0,4,5.0,Unhealthy,Yes,Medium
9903,4.8,3.4,8.6,0,3,1.0,Healthy,Yes,Low
9904,6.9,9.7,5.8,0,2,,Unhealthy,No,Medium
9905,8.9,10.6,2.8,2,1,8.0,Unhealthy,No,High
9906,4.5,4.3,4.7,5,1,10.0,Healthy,No,High
9907,8.3,5.3,2.8,1,4,2.0,Healthy,No,Low
9908,11.6,9.8,5.5,3,0,8.0,Healthy,No,High
9909,9.1,10.0,7.3,3,2,8.0,Healthy,Yes,High
9910,9.8,6.0,4.7,2,5,1.0,Healthy,Yes,Low
9911,7.4,7.3,5.2,4,3,4.0,Healthy,No,Medium
9912,8.9,3.5,5.5,2,2,5.0,Healthy,No,Medium
9913,5.6,13.1,6.3,2,5,10.0,Unhealthy,Yes,High
9914,8.6,5.1,7.0,1,4,8.0,Unhealthy,Yes,High
9915,8.3,10.6,7.6,4,5,3.0,Unhealthy,No,Low
9916,7.6,8.9,10.5,5,1,1.0,Healthy,No,Low
9917,9.6,12.9,6.2,5,3,7.0,Healthy,No,High
9918,5.9,6.6,7.5,2,3,4.0,Unhealthy,Yes,Medium
9919,6.6,9.2,2.8,5,5,10.0,Healthy,no,High
9920,7.2,3.9,5.2,3,3,5.0,Unhealthy,No,Medium
9921,4.9,3.2,5.5,1,3,6.0,Healthy,Yes,Medium
9922,7.5,10.8,4.0,5,2,4.0,Healthy,No,Medium
9923,3.6,3.6,4.9,4,2,1.0,Healthy,Yes,Low
9924,9.1,8.3,5.8,3,5,8.0,Healthy,Yes,High
9925,7.1,12.0,5.0,0,4,9.0,Healthy,Yes,High
9926,6.0,11.2,11.2,1,5,3.0,Unhealthy,Yes,Low
9927,5.3,7.0,,3,5,10.0,Unhealthy,Yes,High
9928,6.5,4.2,10.0,2,1,4.0,Unhealthy,Yes,Medium
9929,8.4,10.5,9.0,2,5,5.0,Unhealthy,No,Medium
9930,8.1,13.0,4.7,1,5,10.0,Unhealthy,No,High
9931,5.6,7.0,6.1,4,1,9.0,Unhealthy,Yes,High
9932,5.3,6.6,5.1,2,2,5.0,Healthy,Yes,Medium
9933,8.3,7.4,5.7,3,4,7.0,Healthy,No,High
9934,5.6,10.7,4.0,0,0,3.0,Healthy,No,Low
9935,7.1,12.7,5.1,4,5,,Healthy,No,Low
9936,7.2,5.3,6.7,1,5,6.0,Unhealthy,No,Medium
9937,7.6,4.5,6.7,2,5,10.0,Healthy,Yes,High
9938,8.7,16.0,6.5,4,3,1.0,Healthy,No,Low
9939,4.5,8.5,,0,5,6.0,Healthy,No,Medium
9940,3.2,9.8,7.7,4,1,8.0,Unhealthy,No,High
9941,5.9,6.9,5.5,4,3,9.0,Unhealthy,Yes,High
9942,10.6,10.5,8.8,1,1,8.0,Healthy,No,High
9943,11.0,11.9,2.3,0,5,5.0,Unhealthy,Yes,Medium
9944,10.7,9.9,7.3,0,0,7.0,Unhealthy,Yes,High
9945,6.6,14.2,7.0,4,5,6.0,Unhealthy,Yes,Medium
9946,3.4,8.0,4.7,2,1,9.0,Healthy,Yes,High
9947,2.3,8.2,5.3,4,5,4.0,Unhealthy,Yes,Medium
9948,5.8,9.7,6.9,3,0,8.0,Healthy,No,High
9949,6.6,10.4,7.8,2,1,9.0,Unhealthy,Yes,High
9950,9.6,9.7,2.5,1,2,,Unhealthy,No,High
9951,8.7,5.1,7.3,0,3,7.0,Unhealthy,Yes,High
9952,7.5,9.9,5.1,5,4,2.0,Healthy,No,Low
9953,5.2,7.9,,2,4,9.0,Unhealthy,Yes,High
9954,5.1,7.3,2.3,1,1,5.0,Healthy,No,Medium
9955,7.5,9.1,10.9,4,4,10.0,Healthy,Yes,High
9956,8.4,6.1,4.2,1,5,3.0,Unhealthy,Yes,Low
9957,7.8,5.6,8.9,3,3,4.0,Healthy,Yes,Medium
9958,4.9,1.2,5.9,5,2,10.0,Healthy,Yes,High
9959,8.3,14.2,4.4,1,2,2.0,Healthy,No,Low
9960,7.9,10.7,6.5,5,0,3.0,Healthy,Yes,Low
9961,4.9,8.6,8.1,5,4,6.0,Unhealthy,No,Medium
9962,5.4,7.0,2.9,2,5,1.0,Healthy,No,Low
9963,8.4,0.4,7.4,0,3,2.0,Unhealthy,Yes,Low
9964,6.5,6.8,6.0,2,4,4.0,Healthy,Yes,Medium
9965,10.2,11.1,7.2,2,3,1.0,Healthy,Yes,Low
9966,8.0,11.8,6.0,0,0,6.0,Unhealthy,No,Medium
9967,6.0,10.9,4.9,3,5,4.0,Healthy,No,Medium
9968,7.0,9.5,3.8,2,4,2.0,Unhealthy,No,Low
9969,7.1,12.9,7.3,0,2,10.0,Healthy,Yes,High
9970,5.5,8.0,7.3,0,0,4.0,Unhealthy,No,Medium
9971,5.2,12.3,7.3,2,5,8.0,Unhealthy,No,High
9972,8.4,7.8,6.9,5,4,6.0,Healthy,No,Medium
9973,8.7,6.4,7.9,0,2,1.0,Healthy,Yes,Low
9974,8.2,6.0,8.8,5,2,5.0,Unhealthy,No,Medium
9975,10.0,5.8,2.2,4,3,6.0,Healthy,Yes,Medium
9976,5.9,11.0,1.3,2,2,4.0,Unhealthy,Yes,Medium
9977,10.3,6.8,9.4,5,1,4.0,Healthy,Yes,Medium
9978,5.2,5.9,3.3,3,4,3.0,Healthy,Yes,Low
9979,5.0,11.1,3.8,4,4,10.0,Healthy,Yes,High
9980,3.5,10.0,5.4,3,3,10.0,Unhealthy,No,High
9981,6.1,11.9,2.7,5,2,6.0,Unhealthy,No,Medium
9982,,10.5,5.2,2,3,9.0,Healthy,No,High
9983,8.1,6.7,4.1,1,1,7.0,Healthy,No,High
9984,7.5,9.2,5.5,0,3,9.0,Healthy,No,High
9985,4.6,9.4,6.6,4,4,6.0,Unhealthy,Yes,Medium
9986,6.2,6.2,5.3,2,5,2.0,Unhealthy,No,Low
9987,6.3,5.7,5.2,0,5,6.0,Unhealthy,No,Medium
9988,3.4,7.0,6.5,5,3,7.0,Unhealthy,Yes,High
9989,5.0,15.1,8.1,1,4,,Unhealthy,Yes,Low
9990,5.5,7.8,9.2,3,0,1.0,Unhealthy,Yes,Low
9991,9.9,12.7,,2,1,6.0,Healthy,Yes,Medium
9992,7.4,7.6,9.6,2,1,8.0,Unhealthy,No,High
9993,8.3,11.7,7.8,5,4,6.0,Unhealthy,Yes,Medium
9994,4.0,11.7,3.5,1,5,8.0,Unhealthy,No,High
9995,9.4,11.9,3.5,3,0,6.0,Healthy,No,Medium
9996,9.6,10.2,4.8,2,2,6.0,Healthy,No,Medium
9997,3.0,13.1,8.9,5,3,8.0,Healthy,Yes,High
9998,5.6,10.1,20.0,0,2,3.0,Healthy,No,Low
9999,8.0,14.1,2.2,5,0,3.0,Healthy,Yes,Low
10000,8.3,4.1,5.5,1,1,6.0,Healthy,Yes,Medium
9089,6.7,3.8,3.1,3,3,9.0,Unhealthy,No,High
1172,,10.0,8.9,3,5,10.0,Unhealthy,No,High
1736,3.8,8.7,3.9,3,5,4.0,Healthy,No,Medium
5703,7.1,6.2,6.9,2,3,9.0,Unhealthy,No,High
9831,5.0,11.7,3.8,0,3,9.0,Healthy,No,High
566,6.2,4.7,5.6,2,0,2.0,Unhealthy,Yes,Low
1709,6.7,12.4,3.2,0,5,5.0,Unhealthy,No,Medium
5892,8.4,8.9,8.9,1,5,10.0,Healthy,Yes,High
377,8.7,11.9,5.8,5,5,7.0,Unhealthy,Yes,High
7365,9.1,11.3,7.4,1,4,3.0,Healthy,No,Low
2428,6.9,9.3,6.7,3,3,4.0,Unhealthy,No,Medium
6998,5.9,15.4,4.4,4,2,7.0,Unhealthy,Yes,High
3408,7.3,6.0,6.0,5,3,9.0,Healthy,No,High
5114,4.2,7.4,2.5,4,0,3.0,Unhealthy,No,Low
5202,6.0,11.3,3.9,4,0,7.0,Healthy,Yes,High
5783,7.9,7.8,3.6,3,3,8.0,Healthy,Yes,High
5590,10.1,4.6,6.6,0,5,1.0,Healthy,Yes,Low
422,10.5,10.2,6.8,2,5,7.0,Unhealthy,No,High
5293,4.0,7.6,4.3,2,4,7.0,Healthy,Yes,High
56,8.9,10.3,7.8,5,2,4.0,Unhealthy,Yes,Medium
220,7.2,10.6,8.4,2,3,9.0,Unhealthy,Yes,High
988,8.8,8.5,9.0,2,1,7.0,Unhealthy,No,High
9795,5.8,8.5,9.3,3,1,5.0,Healthy,Yes,Medium
4656,11.3,15.3,3.8,5,0,4.0,Unhealthy,Yes,Medium
5344,5.9,13.5,5.9,0,2,8.0,Healthy,Yes,High
5926,5.3,7.5,3.0,0,5,3.0,Healthy,No,Low
1438,10.2,12.8,6.7,0,0,2.0,Unhealthy,No,Low
5789,3.5,5.4,7.8,5,5,7.0,Unhealthy,Yes,High
9388,10.5,9.1,3.9,3,0,3.0,Unhealthy,no,Low
4169,,7.6,7.3,5,4,10.0,Unhealthy,No,High
7876,6.3,6.5,7.7,1,5,4.0,Healthy,No,Medium
8463,7.9,7.4,6.2,5,4,4.0,Unhealthy,No,Medium
1086,7.9,8.9,5.9,5,0,4.0,healthy,No,Medium
2969,3.4,9.8,,1,1,1.0,Healthy,Yes,Low
788,7.9,8.8,4.9,1,4,9.0,Unhealthy,Yes,High
9780,7.7,9.3,5.1,2,5,5.0,Healthy,No,Medium
9353,5.0,5.4,8.3,5,3,2.0,Healthy,Yes,Low
6507,9.5,10.5,7.9,3,2,1.0,Healthy,Yes,Low
8257,9.2,8.5,7.5,2,4,4.0,Healthy,Yes,Medium
1287,3.3,7.4,5.2,4,2,5.0,Healthy,Yes,Medium
8481,6.4,9.9,5.3,3,2,10.0,Unhealthy,No,High
1556,7.7,10.5,8.1,4,3,5.0,Healthy,No,Medium
1073,7.2,5.7,8.7,0,1,4.0,Unhealthy,Yes,Medium
8033,9.8,11.9,7.3,1,2,9.0,Healthy,No,High
2415,9.0,13.5,9.6,4,5,5.0,Unhealthy,No,Medium
198,7.3,12.1,8.5,4,2,1.0,Unhealthy,No,Low
9427,5.0,10.8,4.9,5,0,10.0,Healthy,No,High
7006,8.6,4.1,6.0,2,2,4.0,Healthy,No,Medium
4575,5.5,7.5,7.0,2,4,1.0,Unhealthy,Yes,Low
2204,4.4,10.4,6.2,0,3,2.0,Healthy,No,Low
2535,6.2,6.9,5.0,3,2,10.0,Healthy,No,High
5588,1.5,10.8,7.7,4,0,6.0,Unhealthy,Yes,Medium
8107,6.9,6.8,7.3,0,4,9.0,Unhealthy,Yes,High
5883,8.3,6.9,,3,2,10.0,Healthy,No,High
4437,9.3,9.7,5.3,0,4,8.0,Unhealthy,Yes,High
4236,4.6,11.2,7.2,1,2,4.0,Healthy,No,Medium
8164,7.0,2.5,3.0,0,0,1.0,Unhealthy,No,Low
5409,6.6,8.6,8.1,0,3,6.0,Unhealthy,No,Medium
2409,8.6,6.5,7.9,0,2,8.0,Unhealthy,No,High
1181,7.4,-1.1,8.4,4,4,1.0,Unhealthy,No,Low
7687,6.0,7.3,1.9,2,3,6.0,Healthy,No,Medium
8401,7.5,4.4,6.3,2,5,2.0,Healthy,No,Low
9400,8.3,8.8,-0.3,2,0,9.0,Unhealthy,Yes,High
4955,7.7,10.5,3.0,4,2,5.0,Unhealthy,Yes,Medium
1228,6.7,13.5,6.0,0,0,9.0,Healthy,No,High
2175,5.3,3.2,3.5,2,1,3.0,Unhealthy,No,Low
2443,4.4,7.1,3.4,5,4,6.0,Healthy,Yes,Medium
8484,4.4,13.0,6.1,2,4,,Unhealthy,Yes,Medium
7607,,9.2,4.9,0,4,,Unhealthy,No,High
5815,2.1,9.8,3.9,1,4,1.0,Healthy,Yes,Low
4039,7.0,11.5,6.0,3,2,10.0,Unhealthy,Yes,High
467,8.2,6.5,6.2,0,3,4.0,Unhealthy,Yes,Medium
9183,6.6,13.2,5.6,4,5,4.0,Healthy,Yes,Medium
9219,5.2,11.4,3.1,3,3,8.0,Healthy,Yes,High
1926,5.2,9.2,4.1,4,2,4.0,Unhealthy,No,Medium
2519,6.5,11.7,5.4,4,4,5.0,Healthy,Yes,Medium
8262,10.4,8.5,2.1,4,3,1.0,Unhealthy,Yes,Low
9383,4.5,8.7,5.0,2,0,3.0,Unhealthy,Yes,Low
9450,8.5,8.5,7.3,0,3,9.0,Unhealthy,Yes,High
8036,11.0,7.9,5.5,4,2,2.0,Healthy,Yes,Low
8989,10.0,12.0,6.1,5,2,7.0,Unhealthy,Yes,High
135,5.2,5.8,6.6,1,1,2.0,Healthy,Yes,Low
4616,6.4,13.4,3.4,1,0,8.0,Unhealthy,Yes,High
8191,8.2,8.2,3.8,2,5,2.0,Healthy,No,Low
1318,6.4,10.2,7.6,2,1,1.0,Healthy,No,Low
5876,5.0,5.3,5.4,1,5,4.0,Unhealthy,No,Medium
8185,7.1,8.2,10.2,2,5,10.0,Unhealthy,Yes,High
9530,6.7,10.8,5.0,1,1,5.0,Unhealthy,No,Medium
3621,4.3,13.3,5.0,0,5,7.0,Healthy,Yes,High
8531,5.2,24.0,7.4,3,4,3.0,Unhealthy,No,Low
8839,9.8,6.0,5.7,5,0,2.0,Unhealthy,Yes,Low
166,7.8,10.5,4.6,5,3,2.0,Healthy,Yes,Low
5685,5.9,12.4,5.9,5,4,2.0,Unhealthy,No,Low
5652,7.2,9.6,6.9,3,1,8.0,Unhealthy,Yes,High
7684,,4.5,5.9,1,3,8.0,Healthy,Yes,High
4786,6.4,11.7,6.1,3,3,10.0,Unhealthy,Yes,High
9103,8.5,10.4,6.2,0,4,1.0,Unhealthy,Yes,Low
3909,8.2,7.0,8.4,4,5,3.0,Unhealthy,Yes,Low
2789,6.1,6.1,5.7,5,5,9.0,Healthy,No,High
6116,4.9,13.6,5.3,2,3,1.0,Healthy,No,Low
5937,9.5,5.2,6.1,2,1,3.0,Healthy,No,Low
8985,6.5,9.9,7.6,1,5,5.0,Unhealthy,No,Medium
9476,7.1,8.9,1.5,0,0,7.0,Unhealthy,No,High
9704,7.0,9.6,5.5,1,0,,Healthy,Yes,Low
920,7.4,8.1,4.8,4,3,8.0,Unhealthy,Yes,High
5794,7.3,10.9,4.1,2,3,6.0,Healthy,Yes,Medium
7219,4.8,8.4,7.5,1,5,10.0,Healthy,No,High
5497,6.7,14.8,6.2,4,4,10.0,Unhealthy,No,High
9817,7.2,9.6,4.2,3,2,5.0,Unhealthy,No,Medium
704,4.2,12.8,6.8,2,3,5.0,Unhealthy,Yes,Medium
16,5.9,9.1,5.9,3,0,2.0,Unhealthy,No,Low
7733,6.2,9.6,6.4,1,4,9.0,Healthy,Yes,High
9645,6.6,13.7,9.6,2,3,10.0,Unhealthy,Yes,High
2281,3.5,15.2,7.7,2,5,,Unhealthy,Yes,Medium
5429,5.5,8.5,5.7,5,3,10.0,Healthy,No,High
7751,7.0,9.4,9.6,0,2,9.0,Healthy,Yes,High
3370,7.3,8.5,8.5,5,3,2.0,Healthy,Yes,Low
332,5.2,7.4,3.4,2,4,10.0,Unhealthy,No,High
7271,3.6,5.4,4.1,3,4,1.0,Unhealthy,Yes,Low
8219,6.6,8.5,7.2,1,5,10.0,Unhealthy,No,High
9363,6.9,11.4,4.6,5,0,7.0,Healthy,No,High
3696,6.4,9.9,5.1,0,3,6.0,Healthy,Yes,Medium
568,5.0,11.0,6.0,0,4,5.0,Healthy,Yes,Medium
3064,5.9,12.5,3.9,3,5,5.0,Healthy,Yes,Medium
3623,3.0,10.8,2.7,1,1,10.0,Unhealthy,No,High
5561,4.9,0.4,4.5,0,5,,Healthy,Yes,Medium
5742,5.0,9.3,3.6,2,2,7.0,Unhealthy,Yes,High
4827,7.2,10.3,20.0,1,1,1.0,Unhealthy,No,Low
8800,9.4,13.0,7.1,5,4,9.0,Unhealthy,No,High
8244,9.7,6.8,8.1,1,5,8.0,Healthy,No,High
5343,3.6,11.3,3.5,5,0,,Healthy,No,High
3104,9.1,4.7,9.1,4,0,7.0,Unhealthy,No,High
100,6.5,7.3,7.4,0,1,5.0,Healthy,Yes,Medium
6539,6.0,2.3,4.9,2,0,3.0,Healthy,Yes,Low
4694,8.1,11.9,7.0,5,1,4.0,Healthy,No,Medium
577,7.5,8.4,9.1,5,2,6.0,Healthy,No,Medium
7225,7.0,12.7,4.0,4,5,10.0,Unhealthy,Yes,High
728,7.7,4.6,8.1,3,2,9.0,Healthy,No,High
4953,8.6,11.1,8.1,5,1,5.0,Unhealthy,Yes,Medium
4239,9.9,12.0,2.1,2,5,1.0,Unhealthy,Yes,Low
2128,9.2,11.4,9.2,3,2,7.0,Unhealthy,Yes,High
8214,5.0,10.4,6.5,5,0,9.0,Healthy,Yes,High
3644,6.9,5.1,6.6,1,1,1.0,Healthy,Yes,Low
8549,6.1,6.7,4.9,3,3,7.0,Healthy,No,High
1382,6.0,8.9,2.9,5,0,2.0,Healthy,Yes,Low
801,,7.3,3.5,0,4,7.0,Healthy,No,High
7146,8.0,10.1,6.6,4,3,1.0,Healthy,Yes,Low
5004,6.3,11.8,6.0,0,1,2.0,Healthy,Yes,Low
5825,5.8,14.2,5.7,3,1,1.0,Healthy,No,Low
7525,6.9,2.9,4.3,5,4,9.0,Unhealthy,Yes,High
3802,3.8,3.8,2.9,2,2,6.0,Unhealthy,No,Medium
3881,7.6,5.5,4.4,3,5,7.0,Unhealthy,No,High
3699,8.9,6.1,5.8,2,3,10.0,Healthy,Yes,High
5456,9.8,13.9,6.5,4,4,6.0,Unhealthy,No,Medium
8465,9.0,13.3,5.7,4,1,8.0,Unhealthy,Yes,High
3915,4.0,9.3,4.6,4,1,7.0,Unhealthy,No,High
1091,6.9,10.5,3.5,5,5,3.0,Unhealthy,No,Low
4240,6.8,9.2,9.8,5,4,5.0,Healthy,Yes,Medium
4593,8.1,12.7,2.5,4,1,5.0,healthy,No,Medium
8154,4.0,9.5,4.8,0,4,4.0,Healthy,Yes,Medium
7976,7.6,9.4,3.9,0,3,4.0,Unhealthy,No,Medium
1615,6.6,7.9,5.3,0,1,2.0,Unhealthy,Yes,Low
1235,5.4,8.7,6.5,5,4,9.0,Healthy,No,High
1915,3.4,5.7,4.5,4,2,3.0,Unhealthy,No,Low
1145,6.7,12.6,7.7,2,3,9.0,Healthy,Yes,High
1473,6.7,5.5,5.8,3,4,1.0,Healthy,No,Low
5435,8.4,5.4,5.7,4,1,8.0,Healthy,No,High
2870,9.5,5.6,5.9,4,3,2.0,Unhealthy,No,Low
3131,6.8,8.9,10.4,3,3,6.0,Unhealthy,No,Medium
6924,5.6,12.3,8.3,4,2,2.0,Unhealthy,Yes,Low
3839,5.1,8.6,7.0,0,3,6.0,Healthy,Yes,Medium
3199,6.3,11.4,5.8,2,0,6.0,Healthy,Yes,Medium
3620,8.8,6.5,8.5,5,4,8.0,Unhealthy,No,High
7953,6.5,8.0,5.9,5,2,1.0,Unhealthy,No,Low
908,8.5,10.0,6.1,4,5,10.0,Unhealthy,Yes,High
3972,4.8,11.2,4.6,5,5,2.0,Healthy,No,Low
3164,5.6,10.9,8.3,2,3,7.0,Healthy,No,High
6033,8.0,7.0,7.4,4,2,2.0,Healthy,No,Low
8572,7.8,14.1,7.9,5,4,2.0,Healthy,no,Low
8276,7.8,8.4,9.8,4,5,10.0,Healthy,Yes,High
8564,7.4,10.1,5.8,3,0,1.0,Unhealthy,No,Low
5128,7.0,9.8,9.1,5,0,1.0,Healthy,Yes,Low
2544,6.4,8.2,5.9,4,2,6.0,Healthy,No,Medium
5494,11.2,3.3,4.3,0,1,6.0,Unhealthy,Yes,Medium
2278,4.7,9.8,8.5,3,5,5.0,Healthy,No,Medium
8206,6.1,4.9,9.8,2,5,6.0,Healthy,Yes,Medium
964,8.4,9.9,7.5,3,1,6.0,Unhealthy,No,Medium
9387,5.4,10.9,3.4,1,4,4.0,Healthy,No,Medium
26,7.2,13.4,8.8,5,5,9.0,Unhealthy,No,High
3595,9.5,9.1,6.2,0,4,1.0,Healthy,No,Low
6988,11.2,10.9,9.4,4,2,5.0,Unhealthy,Yes,Medium
1838,7.2,10.0,6.7,0,5,6.0,Unhealthy,Yes,Medium
1174,6.9,8.0,7.0,0,4,9.0,Healthy,No,High
839,9.0,7.4,4.3,2,3,9.0,Unhealthy,Yes,High
1,8.0,7.0,6.7,3,2,3.0,Unhealthy,Yes,Low
4596,7.3,3.6,6.0,1,5,10.0,Unhealthy,Yes,High
8524,5.0,7.8,9.9,1,2,4.0,Unhealthy,No,Medium
5377,12.1,12.5,,4,4,10.0,Unhealthy,No,High
3354,7.2,11.8,7.5,4,5,7.0,Unhealthy,Yes,High
6811,7.9,9.6,1.7,5,0,4.0,Unhealthy,No,Medium
